community_id,community_size,dominant_experience_level,entry_accessibility,community_label,defining_skills,defining_responsibility_signals,confidence,level_agreement,access_agreement,label_agreement,overall_agreement,calls_used,top_title_keywords,raw_call_outputs,batch_id
425,30,mid,moderate_entry_barrier,Finance & Operations,"['Financial Analysis', 'Operations Management', 'Cost Analysis']","['Leadership', 'Strategic Planning']",high,0.667,1.0,0.667,0.778,3,"financial, analyst, finance, manager, senior, chief, officer, plant, systems, cost, vice, president","[{""community_id"": 425, ""dominant_experience_level"": ""mid"", ""entry_accessibility"": ""moderate_entry_barrier"", ""community_label"": ""Finance & Operations"", ""defining_skills"": [""Financial Analysis"", ""Operations Management"", ""Cost Analysis""], ""defining_responsibility_signals"": [""Leadership"", ""Strategic Planning""], ""confidence"": ""high"", ""rep_rank"": 1, ""attempt"": 1, ""raw_output"": ""{\""community_id\"": 425, \""dominant_experience_level\"": \""mid\"", \""entry_accessibility\"": \""moderate_entry_barrier\"", \""community_label\"": \""Finance & Operations\"", \""defining_skills\"": [\""Financial Analysis\"", \""Operations Management\"", \""Cost Analysis\""], \""defining_responsibility_signals\"": [\""Leadership\"", \""Strategic Planning\""] , \""confidence\"": \""high\""}""}, {""community_id"": 425, ""dominant_experience_level"": ""mid"", ""entry_accessibility"": ""moderate_entry_barrier"", ""community_label"": ""Finance & Operations"", ""defining_skills"": [""Financial Analysis"", ""Operations Management"", ""Cost Analysis""], ""defining_responsibility_signals"": [""Leadership"", ""Strategic Planning""], ""confidence"": ""high"", ""rep_rank"": 2, ""attempt"": 1, ""raw_output"": ""{\""community_id\"": 425, \""dominant_experience_level\"": \""mid\"", \""entry_accessibility\"": \""moderate_entry_barrier\"", \""community_label\"": \""Finance & Operations\"", \""defining_skills\"": [\""Financial Analysis\"", \""Operations Management\"", \""Cost Analysis\""], \""defining_responsibility_signals\"": [\""Leadership\"", \""Strategic Planning\""] , \""confidence\"": \""high\""}""}, {""community_id"": 425, ""dominant_experience_level"": ""senior"", ""entry_accessibility"": ""moderate_entry_barrier"", ""community_label"": ""Finance Executive"", ""defining_skills"": [""financial_analysis"", ""strategic_planning"", ""leadership""], ""defining_responsibility_signals"": [""executive_leadership"", ""strategic_decision_making""], ""confidence"": ""high"", ""rep_rank"": 3, ""attempt"": 1, ""raw_output"": ""{\""community_id\"": 425, \""dominant_experience_level\"": \""senior\"", \""entry_accessibility\"": \""moderate_entry_barrier\"", \""community_label\"": \""Finance Executive\"", \""defining_skills\"": [\""financial_analysis\"", \""strategic_planning\"", \""leadership\""], \""defining_responsibility_signals\"": [\""executive_leadership\"", \""strategic_decision_making\""] , \""confidence\"": \""high\""}""}]",18
426,30,mid,moderate_entry_barrier,Executive Administrative Assistants,"['collaboration', 'outlook', 'project_management']","['collaboration', 'technical_support']",high,1.0,1.0,0.333,0.778,3,"assistant, administrative, executive, admin, administrator, senior, support, sci, office, somerset, collaboration, technical","[{""community_id"": 426, ""dominant_experience_level"": ""mid"", ""entry_accessibility"": ""moderate_entry_barrier"", ""community_label"": ""Executive Administrative Assistants"", ""defining_skills"": [""outlook"", ""project_management"", ""event_management""], ""defining_responsibility_signals"": [""collaboration"", ""technical_support""], ""confidence"": ""high"", ""rep_rank"": 1, ""attempt"": 1, ""raw_output"": ""{\""community_id\"": 426, \""dominant_experience_level\"": \""mid\"", \""entry_accessibility\"": \""moderate_entry_barrier\"", \""community_label\"": \""Executive Administrative Assistants\"", \""defining_skills\"": [\""outlook\"", \""project_management\"", \""event_management\""], \""defining_responsibility_signals\"": [\""collaboration\"", \""technical_support\""] , \""confidence\"": \""high\""}""}, {""community_id"": 426, ""dominant_experience_level"": ""mid"", ""entry_accessibility"": ""moderate_entry_barrier"", ""community_label"": ""Executive Assistant"", ""defining_skills"": [""collaboration"", ""technical support"", ""administrative tasks""], ""defining_responsibility_signals"": [""career advancement"", ""teamwork""], ""confidence"": ""high"", ""rep_rank"": 2, ""attempt"": 1, ""raw_output"": ""{\""community_id\"": 426, \""dominant_experience_level\"": \""mid\"", \""entry_accessibility\"": \""moderate_entry_barrier\"", \""community_label\"": \""Executive Assistant\"", \""defining_skills\"": [\""collaboration\"", \""technical support\"", \""administrative tasks\""], \""defining_responsibility_signals\"": [\""career advancement\"", \""teamwork\""] , \""confidence\"": \""high\""}""}, {""community_id"": 426, ""dominant_experience_level"": ""mid"", ""entry_accessibility"": ""moderate_entry_barrier"", ""community_label"": ""Executive Assistants"", ""defining_skills"": [""administrative"", ""executive"", ""collaboration""], ""defining_responsibility_signals"": [""support"", ""technical""], ""confidence"": ""high"", ""rep_rank"": 3, ""attempt"": 1, ""raw_output"": ""{\""community_id\"": 426, \""dominant_experience_level\"": \""mid\"", \""entry_accessibility\"": \""moderate_entry_barrier\"", \""community_label\"": \""Executive Assistants\"", \""defining_skills\"": [\""administrative\"", \""executive\"", \""collaboration\""], \""defining_responsibility_signals\"": [\""support\"", \""technical\""] , \""confidence\"": \""high\""}""}]",18
427,30,mid,moderate_entry_barrier,Customer Service,"['customer service', 'client support', 'dedicated assistance']","['customer greeting', 'service provision']",high,1.0,1.0,1.0,1.0,3,"customer, representative, service, manager, assistant, credit, specialist, support, client, services, dedicated, transportation","[{""community_id"": 427, ""dominant_experience_level"": ""mid"", ""entry_accessibility"": ""moderate_entry_barrier"", ""community_label"": ""Customer Service"", ""defining_skills"": [""customer service"", ""client support"", ""service management""], ""defining_responsibility_signals"": [""customer greeting"", ""service provision""], ""confidence"": ""high"", ""rep_rank"": 1, ""attempt"": 1, ""raw_output"": ""{\""community_id\"": 427, \""dominant_experience_level\"": \""mid\"", \""entry_accessibility\"": \""moderate_entry_barrier\"", \""community_label\"": \""Customer Service\"", \""defining_skills\"": [\""customer service\"", \""client support\"", \""service management\""], \""defining_responsibility_signals\"": [\""customer greeting\"", \""service provision\""] , \""confidence\"": \""high\""}""}, {""community_id"": 427, ""dominant_experience_level"": ""mid"", ""entry_accessibility"": ""moderate_entry_barrier"", ""community_label"": ""Customer Service"", ""defining_skills"": [""customer service"", ""client support"", ""dedicated assistance""], ""defining_responsibility_signals"": [""provide customer service"", ""monitor work volume""], ""confidence"": ""high"", ""rep_rank"": 2, ""attempt"": 1, ""raw_output"": ""{\""community_id\"": 427, \""dominant_experience_level\"": \""mid\"", \""entry_accessibility\"": \""moderate_entry_barrier\"", \""community_label\"": \""Customer Service\"", \""defining_skills\"": [\""customer service\"", \""client support\"", \""dedicated assistance\""], \""defining_responsibility_signals\"": [\""provide customer service\"", \""monitor work volume\""] , \""confidence\"": \""high\""}""}, {""community_id"": 427, ""dominant_experience_level"": ""mid"", ""entry_accessibility"": ""moderate_entry_barrier"", ""community_label"": ""Customer Service"", ""defining_skills"": [""customer service"", ""client support"", ""dedicated assistance""], ""defining_responsibility_signals"": [""customer greeting"", ""service monitoring""], ""confidence"": ""high"", ""rep_rank"": 3, ""attempt"": 1, ""raw_output"": ""{\""community_id\"": 427, \""dominant_experience_level\"": \""mid\"", \""entry_accessibility\"": \""moderate_entry_barrier\"", \""community_label\"": \""Customer Service\"", \""defining_skills\"": [\""customer service\"", \""client support\"", \""dedicated assistance\""], \""defining_responsibility_signals\"": [\""customer greeting\"", \""service monitoring\""] , \""confidence\"": \""high\""}""}]",18
428,30,junior,moderate_entry_barrier,Hotel Operations Management,"['sales', 'leadership', 'customer_service']","['strategic_financial_management', 'departmental_supervision']",high,1.0,1.0,0.667,0.889,3,"sales, director, attendant, rooms, guest, manager, specialist, supervisor, coordinator, oem, assistant, hotel","[{""community_id"": 428, ""dominant_experience_level"": ""junior"", ""entry_accessibility"": ""moderate_entry_barrier"", ""community_label"": ""Hotel Operations"", ""defining_skills"": [""sales"", ""guest management"", ""room management""], ""defining_responsibility_signals"": [""day-to-day operations"", ""activity management""], ""confidence"": ""high"", ""rep_rank"": 1, ""attempt"": 1, ""raw_output"": ""{\""community_id\"": 428, \""dominant_experience_level\"": \""junior\"", \""entry_accessibility\"": \""moderate_entry_barrier\"", \""community_label\"": \""Hotel Operations\"", \""defining_skills\"": [\""sales\"", \""guest management\"", \""room management\""], \""defining_responsibility_signals\"": [\""day-to-day operations\"", \""activity management\""] , \""confidence\"": \""high\""}""}, {""community_id"": 428, ""dominant_experience_level"": ""junior"", ""entry_accessibility"": ""moderate_entry_barrier"", ""community_label"": ""Hotel Operations Management"", ""defining_skills"": [""sales"", ""leadership"", ""customer_service""], ""defining_responsibility_signals"": [""strategic_financial_management"", ""departmental_supervision""], ""confidence"": ""high"", ""rep_rank"": 2, ""attempt"": 1, ""raw_output"": ""{\""community_id\"": 428, \""dominant_experience_level\"": \""junior\"", \""entry_accessibility\"": \""moderate_entry_barrier\"", \""community_label\"": \""Hotel Operations Management\"", \""defining_skills\"": [\""sales\"", \""leadership\"", \""customer_service\""], \""defining_responsibility_signals\"": [\""strategic_financial_management\"", \""departmental_supervision\""] , \""confidence\"": \""high\""}""}, {""community_id"": 428, ""dominant_experience_level"": ""junior"", ""entry_accessibility"": ""moderate_entry_barrier"", ""community_label"": ""Hotel Operations Management"", ""defining_skills"": [""sales"", ""leadership"", ""customer_service""], ""defining_responsibility_signals"": [""strategic_financial_management"", ""departmental_supervision""], ""confidence"": ""high"", ""rep_rank"": 3, ""attempt"": 1, ""raw_output"": ""{\""community_id\"": 428, \""dominant_experience_level\"": \""junior\"", \""entry_accessibility\"": \""moderate_entry_barrier\"", \""community_label\"": \""Hotel Operations Management\"", \""defining_skills\"": [\""sales\"", \""leadership\"", \""customer_service\""], \""defining_responsibility_signals\"": [\""strategic_financial_management\"", \""departmental_supervision\""] , \""confidence\"": \""high\""}""}]",18
429,30,junior,moderate_entry_barrier,Controls Engineer,"['automation', 'sheet metal fabrication', 'process improvement']","['lead development', 'implement manufacturing process']",high,1.0,1.0,0.333,0.778,3,"engineer, project, controls, manager, electrical, mechanical, architect, management, design, senior, program, construction","[{""community_id"": 429, ""dominant_experience_level"": ""junior"", ""entry_accessibility"": ""moderate_entry_barrier"", ""community_label"": ""Controls Engineer"", ""defining_skills"": [""automation"", ""sheet metal fabrication"", ""process improvement""], ""defining_responsibility_signals"": [""lead development"", ""implement manufacturing process""], ""confidence"": ""high"", ""rep_rank"": 1, ""attempt"": 1, ""raw_output"": ""{\""community_id\"": 429, \""dominant_experience_level\"": \""junior\"", \""entry_accessibility\"": \""moderate_entry_barrier\"", \""community_label\"": \""Controls Engineer\"", \""defining_skills\"": [\""automation\"", \""sheet metal fabrication\"", \""process improvement\""], \""defining_responsibility_signals\"": [\""lead development\"", \""implement manufacturing process\""] , \""confidence\"": \""high\""}""}, {""community_id"": 429, ""dominant_experience_level"": ""junior"", ""entry_accessibility"": ""moderate_entry_barrier"", ""community_label"": ""BIM Design"", ""defining_skills"": [""Revit"", ""Electrical Design"", ""2D/3D Modeling""], ""defining_responsibility_signals"": [""Design Experience"", ""Long-term Growth""], ""confidence"": ""high"", ""rep_rank"": 2, ""attempt"": 1, ""raw_output"": ""{\""community_id\"": 429, \""dominant_experience_level\"": \""junior\"", \""entry_accessibility\"": \""moderate_entry_barrier\"", \""community_label\"": \""BIM Design\"", \""defining_skills\"": [\""Revit\"", \""Electrical Design\"", \""2D/3D Modeling\""], \""defining_responsibility_signals\"": [\""Design Experience\"", \""Long-term Growth\""] , \""confidence\"": \""high\""}""}, {""community_id"": 429, ""dominant_experience_level"": ""junior"", ""entry_accessibility"": ""moderate_entry_barrier"", ""community_label"": ""Mechanical Project Engineer"", ""defining_skills"": [""project management"", ""mechanical design"", ""solidworks, autocad, revit""], ""defining_responsibility_signals"": [""lead and manage projects"", ""oversee design and implementation of mechanical systems""], ""confidence"": ""high"", ""rep_rank"": 3, ""attempt"": 1, ""raw_output"": ""{\""community_id\"": 429, \""dominant_experience_level\"": \""junior\"", \""entry_accessibility\"": \""moderate_entry_barrier\"", \""community_label\"": \""Mechanical Project Engineer\"", \""defining_skills\"": [\""project management\"", \""mechanical design\"", \""solidworks, autocad, revit\""], \""defining_responsibility_signals\"": [\""lead and manage projects\"", \""oversee design and implementation of mechanical systems\""] , \""confidence\"": \""high\""}""}]",18
430,30,junior,moderate_entry_barrier,Manufacturing Operators,"['machine operation', 'manufacturing processes', 'shift work']","['onsite work', 'no certification required']",high,1.0,1.0,0.667,0.889,3,"operator, shift, machine, 2nd, 3rd, manufacturing, mill, production, engineer, trainee, small, specialist","[{""community_id"": 430, ""dominant_experience_level"": ""junior"", ""entry_accessibility"": ""moderate_entry_barrier"", ""community_label"": ""Manufacturing Operators"", ""defining_skills"": [""machine operation"", ""shift work"", ""manufacturing processes""], ""defining_responsibility_signals"": [""onsite work"", ""no certification required""], ""confidence"": ""high"", ""rep_rank"": 1, ""attempt"": 1, ""raw_output"": ""{\""community_id\"": 430, \""dominant_experience_level\"": \""junior\"", \""entry_accessibility\"": \""moderate_entry_barrier\"", \""community_label\"": \""Manufacturing Operators\"", \""defining_skills\"": [\""machine operation\"", \""shift work\"", \""manufacturing processes\""], \""defining_responsibility_signals\"": [\""onsite work\"", \""no certification required\""] , \""confidence\"": \""high\""}""}, {""community_id"": 430, ""dominant_experience_level"": ""junior"", ""entry_accessibility"": ""moderate_entry_barrier"", ""community_label"": ""Manufacturing Operators"", ""defining_skills"": [""CNC"", ""Machine Operation"", ""Shift Work""], ""defining_responsibility_signals"": [""Setup"", ""Production""], ""confidence"": ""high"", ""rep_rank"": 2, ""attempt"": 1, ""raw_output"": ""{\""community_id\"": 430, \""dominant_experience_level\"": \""junior\"", \""entry_accessibility\"": \""moderate_entry_barrier\"", \""community_label\"": \""Manufacturing Operators\"", \""defining_skills\"": [\""CNC\"", \""Machine Operation\"", \""Shift Work\""], \""defining_responsibility_signals\"": [\""Setup\"", \""Production\""] , \""confidence\"": \""high\""}""}, {""community_id"": 430, ""dominant_experience_level"": ""junior"", ""entry_accessibility"": ""moderate_entry_barrier"", ""community_label"": ""Machine Operator"", ""defining_skills"": [""machine operation"", ""manufacturing processes"", ""production""], ""defining_responsibility_signals"": [""pre-operation activities"", ""machine operation""], ""confidence"": ""high"", ""rep_rank"": 3, ""attempt"": 1, ""raw_output"": ""{\""community_id\"": 430, \""dominant_experience_level\"": \""junior\"", \""entry_accessibility\"": \""moderate_entry_barrier\"", \""community_label\"": \""Machine Operator\"", \""defining_skills\"": [\""machine operation\"", \""manufacturing processes\"", \""production\""], \""defining_responsibility_signals\"": [\""pre-operation activities\"", \""machine operation\""] , \""confidence\"": \""high\""}""}]",18
431,30,junior,moderate_entry_barrier,Refinery Inspector,"['NDT', 'Quality Control', 'Shift Work']","['Maintain Mechanical Integrity', 'Perform Inspections']",high,1.0,1.0,0.667,0.889,3,"technician, quality, inspector, shift, control, ndt, bayway, refinery, 2nd, source, assurance, manufacturing","[{""community_id"": 431, ""dominant_experience_level"": ""junior"", ""entry_accessibility"": ""moderate_entry_barrier"", ""community_label"": ""Refinery Inspector"", ""defining_skills"": [""NDT"", ""Quality Control"", ""Shift Work""], ""defining_responsibility_signals"": [""Maintain Mechanical Integrity"", ""Perform Inspections""], ""confidence"": ""high"", ""rep_rank"": 1, ""attempt"": 1, ""raw_output"": ""{\""community_id\"": 431, \""dominant_experience_level\"": \""junior\"", \""entry_accessibility\"": \""moderate_entry_barrier\"", \""community_label\"": \""Refinery Inspector\"", \""defining_skills\"": [\""NDT\"", \""Quality Control\"", \""Shift Work\""], \""defining_responsibility_signals\"": [\""Maintain Mechanical Integrity\"", \""Perform Inspections\""] , \""confidence\"": \""high\""}""}, {""community_id"": 431, ""dominant_experience_level"": ""junior"", ""entry_accessibility"": ""moderate_entry_barrier"", ""community_label"": ""Refinery Inspector"", ""defining_skills"": [""NDT"", ""Quality Control"", ""Shift Work""], ""defining_responsibility_signals"": [""Maintain Mechanical Integrity"", ""Perform Inspections""], ""confidence"": ""high"", ""rep_rank"": 2, ""attempt"": 1, ""raw_output"": ""{\""community_id\"": 431, \""dominant_experience_level\"": \""junior\"", \""entry_accessibility\"": \""moderate_entry_barrier\"", \""community_label\"": \""Refinery Inspector\"", \""defining_skills\"": [\""NDT\"", \""Quality Control\"", \""Shift Work\""], \""defining_responsibility_signals\"": [\""Maintain Mechanical Integrity\"", \""Perform Inspections\""] , \""confidence\"": \""high\""}""}, {""community_id"": 431, ""dominant_experience_level"": ""junior"", ""entry_accessibility"": ""moderate_entry_barrier"", ""community_label"": ""Quality Inspector"", ""defining_skills"": [""NDT"", ""Quality Assurance"", ""Manufacturing""], ""defining_responsibility_signals"": [""Shift Work"", ""Control""], ""confidence"": ""high"", ""rep_rank"": 3, ""attempt"": 1, ""raw_output"": ""{\""community_id\"": 431, \""dominant_experience_level\"": \""junior\"", \""entry_accessibility\"": \""moderate_entry_barrier\"", \""community_label\"": \""Quality Inspector\"", \""defining_skills\"": [\""NDT\"", \""Quality Assurance\"", \""Manufacturing\""], \""defining_responsibility_signals\"": [\""Shift Work\"", \""Control\""] , \""confidence\"": \""high\""}""}]",18
432,30,mid,moderate_entry_barrier,Civil Infrastructure Project Engineers,"['project management', 'civil engineering', 'water infrastructure']","['leadership', 'licensing']",high,1.0,1.0,0.333,0.778,3,"project, engineer, manager, civil, lead, senior, highway, transportation, engineering, municipal, roadway, water","[{""community_id"": 432, ""dominant_experience_level"": ""mid"", ""entry_accessibility"": ""moderate_entry_barrier"", ""community_label"": ""Civil Infrastructure Project Engineers"", ""defining_skills"": [""civil engineering"", ""project management"", ""water infrastructure""], ""defining_responsibility_signals"": [""leadership"", ""licensing""], ""confidence"": ""high"", ""rep_rank"": 1, ""attempt"": 1, ""raw_output"": ""{\""community_id\"": 432, \""dominant_experience_level\"": \""mid\"", \""entry_accessibility\"": \""moderate_entry_barrier\"", \""community_label\"": \""Civil Infrastructure Project Engineers\"", \""defining_skills\"": [\""civil engineering\"", \""project management\"", \""water infrastructure\""], \""defining_responsibility_signals\"": [\""leadership\"", \""licensing\""] , \""confidence\"": \""high\""}""}, {""community_id"": 432, ""dominant_experience_level"": ""mid"", ""entry_accessibility"": ""moderate_entry_barrier"", ""community_label"": ""Civil/Water Project Managers"", ""defining_skills"": [""project management"", ""water/wastewater utility projects"", ""budgeting and proposals""], ""defining_responsibility_signals"": [""lead design and technical aspects"", ""permitting and presentations""], ""confidence"": ""high"", ""rep_rank"": 2, ""attempt"": 1, ""raw_output"": ""{\""community_id\"": 432, \""dominant_experience_level\"": \""mid\"", \""entry_accessibility\"": \""moderate_entry_barrier\"", \""community_label\"": \""Civil/Water Project Managers\"", \""defining_skills\"": [\""project management\"", \""water/wastewater utility projects\"", \""budgeting and proposals\""], \""defining_responsibility_signals\"": [\""lead design and technical aspects\"", \""permitting and presentations\""] , \""confidence\"": \""high\""}""}, {""community_id"": 432, ""dominant_experience_level"": ""mid"", ""entry_accessibility"": ""moderate_entry_barrier"", ""community_label"": ""Civil Infrastructure Engineer"", ""defining_skills"": [""civil design"", ""infrastructure"", ""construction projects""], ""defining_responsibility_signals"": [""design"", ""assist""], ""confidence"": ""high"", ""rep_rank"": 3, ""attempt"": 1, ""raw_output"": ""{\""community_id\"": 432, \""dominant_experience_level\"": \""mid\"", \""entry_accessibility\"": \""moderate_entry_barrier\"", \""community_label\"": \""Civil Infrastructure Engineer\"", \""defining_skills\"": [\""civil design\"", \""infrastructure\"", \""construction projects\""], \""defining_responsibility_signals\"": [\""design\"", \""assist\""] , \""confidence\"": \""high\""}""}]",18
433,30,junior,moderate_entry_barrier,Respiratory Therapist,"['respiratory care', 'cardiopulmonary procedures', 'equipment maintenance']","['routine therapy', 'diagnostic procedures']",high,1.0,1.0,0.667,0.889,3,"respiratory, therapist, prn, care, practitioner, nights, rehab, reward, staffing, therapy, ltach, pulmonary","[{""community_id"": 433, ""dominant_experience_level"": ""junior"", ""entry_accessibility"": ""moderate_entry_barrier"", ""community_label"": ""Respiratory Therapist"", ""defining_skills"": [""Respiratory Care"", ""Cardiopulmonary Procedures"", ""Equipment Maintenance""], ""defining_responsibility_signals"": [""Therapy"", ""Diagnostic Procedures""], ""confidence"": ""high"", ""rep_rank"": 1, ""attempt"": 1, ""raw_output"": ""{\""community_id\"": 433, \""dominant_experience_level\"": \""junior\"", \""entry_accessibility\"": \""moderate_entry_barrier\"", \""community_label\"": \""Respiratory Therapist\"", \""defining_skills\"": [\""Respiratory Care\"", \""Cardiopulmonary Procedures\"", \""Equipment Maintenance\""], \""defining_responsibility_signals\"": [\""Therapy\"", \""Diagnostic Procedures\""] , \""confidence\"": \""high\""}""}, {""community_id"": 433, ""dominant_experience_level"": ""junior"", ""entry_accessibility"": ""moderate_entry_barrier"", ""community_label"": ""Respiratory Therapist - Nights"", ""defining_skills"": [""respiratory care"", ""cardiopulmonary procedures"", ""equipment maintenance""], ""defining_responsibility_signals"": [""routine therapy"", ""diagnostic procedures""], ""confidence"": ""high"", ""rep_rank"": 2, ""attempt"": 1, ""raw_output"": ""{\""community_id\"": 433, \""dominant_experience_level\"": \""junior\"", \""entry_accessibility\"": \""moderate_entry_barrier\"", \""community_label\"": \""Respiratory Therapist - Nights\"", \""defining_skills\"": [\""respiratory care\"", \""cardiopulmonary procedures\"", \""equipment maintenance\""], \""defining_responsibility_signals\"": [\""routine therapy\"", \""diagnostic procedures\""] , \""confidence\"": \""high\""}""}, {""community_id"": 433, ""dominant_experience_level"": ""junior"", ""entry_accessibility"": ""moderate_entry_barrier"", ""community_label"": ""Respiratory Therapist"", ""defining_skills"": [""respiratory care"", ""cardiopulmonary procedures"", ""equipment maintenance""], ""defining_responsibility_signals"": [""routine therapy"", ""diagnostic procedures""], ""confidence"": ""high"", ""rep_rank"": 3, ""attempt"": 1, ""raw_output"": ""{\""community_id\"": 433, \""dominant_experience_level\"": \""junior\"", \""entry_accessibility\"": \""moderate_entry_barrier\"", \""community_label\"": \""Respiratory Therapist\"", \""defining_skills\"": [\""respiratory care\"", \""cardiopulmonary procedures\"", \""equipment maintenance\""], \""defining_responsibility_signals\"": [\""routine therapy\"", \""diagnostic procedures\""] , \""confidence\"": \""high\""}""}]",18
434,30,mid,moderate_entry_barrier,Civil Engineering & Surveying,"['AutoCAD', 'CAD', 'Land Surveying']","['Project Development', 'Technical Support']",high,0.667,1.0,1.0,0.889,3,"engineer, civil, technician, land, survey, senior, cad, project, development, designer, operator, autocad","[{""community_id"": 434, ""dominant_experience_level"": ""mid"", ""entry_accessibility"": ""moderate_entry_barrier"", ""community_label"": ""Civil Engineering & Surveying"", ""defining_skills"": [""AutoCAD"", ""CAD"", ""Land Surveying""], ""defining_responsibility_signals"": [""Project Development"", ""Technical Support""], ""confidence"": ""high"", ""rep_rank"": 1, ""attempt"": 1, ""raw_output"": ""{\""community_id\"": 434, \""dominant_experience_level\"": \""mid\"", \""entry_accessibility\"": \""moderate_entry_barrier\"", \""community_label\"": \""Civil Engineering & Surveying\"", \""defining_skills\"": [\""AutoCAD\"", \""CAD\"", \""Land Surveying\""], \""defining_responsibility_signals\"": [\""Project Development\"", \""Technical Support\""] , \""confidence\"": \""high\""}""}, {""community_id"": 434, ""dominant_experience_level"": ""junior"", ""entry_accessibility"": ""moderate_entry_barrier"", ""community_label"": ""Civil Engineering & Surveying"", ""defining_skills"": [""AutoCAD"", ""Civil 3D"", ""Trimble Business Center (TBC)""], ""defining_responsibility_signals"": [""Construction Staking"", ""Atlas Topo Survey Boundaries""], ""confidence"": ""high"", ""rep_rank"": 2, ""attempt"": 1, ""raw_output"": ""{\""community_id\"": 434, \""dominant_experience_level\"": \""junior\"", \""entry_accessibility\"": \""moderate_entry_barrier\"", \""community_label\"": \""Civil Engineering & Surveying\"", \""defining_skills\"": [\""AutoCAD\"", \""Civil 3D\"", \""Trimble Business Center (TBC)\""], \""defining_responsibility_signals\"": [\""Construction Staking\"", \""Atlas Topo Survey Boundaries\""] , \""confidence\"": \""high\""}""}, {""community_id"": 434, ""dominant_experience_level"": ""mid"", ""entry_accessibility"": ""moderate_entry_barrier"", ""community_label"": ""Civil Engineering & Surveying"", ""defining_skills"": [""CAD"", ""Autodesk AutoCAD"", ""Project Management""], ""defining_responsibility_signals"": [""Project Development"", ""Design""], ""confidence"": ""high"", ""rep_rank"": 3, ""attempt"": 1, ""raw_output"": ""{\""community_id\"": 434, \""dominant_experience_level\"": \""mid\"", \""entry_accessibility\"": \""moderate_entry_barrier\"", \""community_label\"": \""Civil Engineering & Surveying\"", \""defining_skills\"": [\""CAD\"", \""Autodesk AutoCAD\"", \""Project Management\""], \""defining_responsibility_signals\"": [\""Project Development\"", \""Design\""] , \""confidence\"": \""high\""}""}]",18
435,30,junior,moderate_entry_barrier,Security Officer,"['security', 'armed', 'guard']","['shift', 'call center']",high,1.0,1.0,0.667,0.889,3,"security, officer, armed, clearance, shift, secret, guard, starting, wage, call, operator, center","[{""community_id"": 435, ""dominant_experience_level"": ""junior"", ""entry_accessibility"": ""moderate_entry_barrier"", ""community_label"": ""Security Officer"", ""defining_skills"": [""security"", ""armed"", ""guard""], ""defining_responsibility_signals"": [""shift"", ""call center""], ""confidence"": ""high"", ""rep_rank"": 1, ""attempt"": 1, ""raw_output"": ""{\""community_id\"": 435, \""dominant_experience_level\"": \""junior\"", \""entry_accessibility\"": \""moderate_entry_barrier\"", \""community_label\"": \""Security Officer\"", \""defining_skills\"": [\""security\"", \""armed\"", \""guard\""], \""defining_responsibility_signals\"": [\""shift\"", \""call center\""] , \""confidence\"": \""high\""}""}, {""community_id"": 435, ""dominant_experience_level"": ""junior"", ""entry_accessibility"": ""moderate_entry_barrier"", ""community_label"": ""Armed Security"", ""defining_skills"": [""security"", ""armed"", ""clearance""], ""defining_responsibility_signals"": [""guard"", ""shift""], ""confidence"": ""high"", ""rep_rank"": 2, ""attempt"": 1, ""raw_output"": ""{\""community_id\"": 435, \""dominant_experience_level\"": \""junior\"", \""entry_accessibility\"": \""moderate_entry_barrier\"", \""community_label\"": \""Armed Security\"", \""defining_skills\"": [\""security\"", \""armed\"", \""clearance\""], \""defining_responsibility_signals\"": [\""guard\"", \""shift\""] , \""confidence\"": \""high\""}""}, {""community_id"": 435, ""dominant_experience_level"": ""junior"", ""entry_accessibility"": ""moderate_entry_barrier"", ""community_label"": ""Security Officer"", ""defining_skills"": [""security"", ""armed guard"", ""shift work""], ""defining_responsibility_signals"": [""protect"", ""safeguard""], ""confidence"": ""high"", ""rep_rank"": 3, ""attempt"": 1, ""raw_output"": ""{\""community_id\"": 435, \""dominant_experience_level\"": \""junior\"", \""entry_accessibility\"": \""moderate_entry_barrier\"", \""community_label\"": \""Security Officer\"", \""defining_skills\"": [\""security\"", \""armed guard\"", \""shift work\""], \""defining_responsibility_signals\"": [\""protect\"", \""safeguard\""] , \""confidence\"": \""high\""}""}]",18
436,30,junior,moderate_entry_barrier,Auto Body Technician Apprentice,"['vehicle damage assessment', 'auto body repair', 'industry-approved repair techniques']","['perform all-purpose duties', 'repair damaged vehicles']",high,1.0,1.0,0.667,0.889,3,"apprentice, technician, body, program, auto, automotive, painter, collision, experienced, parts, coordinator, shop","[{""community_id"": 436, ""dominant_experience_level"": ""junior"", ""entry_accessibility"": ""moderate_entry_barrier"", ""community_label"": ""Auto Body Technician Apprentice"", ""defining_skills"": [""auto body repair"", ""industry-approved repair techniques"", ""vehicle damage assessment""], ""defining_responsibility_signals"": [""repair damaged vehicles"", ""perform all-purpose duties""], ""confidence"": ""high"", ""rep_rank"": 1, ""attempt"": 1, ""raw_output"": ""{\""community_id\"": 436, \""dominant_experience_level\"": \""junior\"", \""entry_accessibility\"": \""moderate_entry_barrier\"", \""community_label\"": \""Auto Body Technician Apprentice\"", \""defining_skills\"": [\""auto body repair\"", \""industry-approved repair techniques\"", \""vehicle damage assessment\""], \""defining_responsibility_signals\"": [\""repair damaged vehicles\"", \""perform all-purpose duties\""] , \""confidence\"": \""high\""}""}, {""community_id"": 436, ""dominant_experience_level"": ""junior"", ""entry_accessibility"": ""moderate_entry_barrier"", ""community_label"": ""Auto Body Technician Apprentice"", ""defining_skills"": [""auto repair"", ""industry-approved techniques"", ""vehicle damage assessment""], ""defining_responsibility_signals"": [""repair vehicles"", ""perform all-purpose duties""], ""confidence"": ""high"", ""rep_rank"": 2, ""attempt"": 1, ""raw_output"": ""{\""community_id\"": 436, \""dominant_experience_level\"": \""junior\"", \""entry_accessibility\"": \""moderate_entry_barrier\"", \""community_label\"": \""Auto Body Technician Apprentice\"", \""defining_skills\"": [\""auto repair\"", \""industry-approved techniques\"", \""vehicle damage assessment\""], \""defining_responsibility_signals\"": [\""repair vehicles\"", \""perform all-purpose duties\""] , \""confidence\"": \""high\""}""}, {""community_id"": 436, ""dominant_experience_level"": ""junior"", ""entry_accessibility"": ""moderate_entry_barrier"", ""community_label"": ""Automotive Collision Technician Apprentice"", ""defining_skills"": [""Collision Repair"", ""Vehicle Repair"", ""Industry-Approved Repair Techniques""], ""defining_responsibility_signals"": [""Perform all-purpose duties"", ""Repair damaged vehicles""], ""confidence"": ""high"", ""rep_rank"": 3, ""attempt"": 1, ""raw_output"": ""{\""community_id\"": 436, \""dominant_experience_level\"": \""junior\"", \""entry_accessibility\"": \""moderate_entry_barrier\"", \""community_label\"": \""Automotive Collision Technician Apprentice\"", \""defining_skills\"": [\""Collision Repair\"", \""Vehicle Repair\"", \""Industry-Approved Repair Techniques\""], \""defining_responsibility_signals\"": [\""Perform all-purpose duties\"", \""Repair damaged vehicles\""] , \""confidence\"": \""high\""}""}]",18
437,30,mid,moderate_entry_barrier,Corporate Counsel,"['Legal Governance', 'Commercial Law', 'Product Counsel']","['Leadership', 'Transaction Management']",high,1.0,1.0,0.333,0.778,3,"counsel, corporate, senior, house, general, legal, governance, manager, product, commercial, attorney, korean","[{""community_id"": 437, ""dominant_experience_level"": ""mid"", ""entry_accessibility"": ""moderate_entry_barrier"", ""community_label"": ""Corporate Counsel"", ""defining_skills"": [""Legal Governance"", ""Commercial Law"", ""Product Counsel""], ""defining_responsibility_signals"": [""Leadership"", ""Transaction Management""], ""confidence"": ""high"", ""rep_rank"": 1, ""attempt"": 1, ""raw_output"": ""{\""community_id\"": 437, \""dominant_experience_level\"": \""mid\"", \""entry_accessibility\"": \""moderate_entry_barrier\"", \""community_label\"": \""Corporate Counsel\"", \""defining_skills\"": [\""Legal Governance\"", \""Commercial Law\"", \""Product Counsel\""], \""defining_responsibility_signals\"": [\""Leadership\"", \""Transaction Management\""] , \""confidence\"": \""high\""}""}, {""community_id"": 437, ""dominant_experience_level"": ""mid"", ""entry_accessibility"": ""moderate_entry_barrier"", ""community_label"": ""Corporate Legal"", ""defining_skills"": [""Legal Governance"", ""Intellectual Property"", ""Strategic Planning""], ""defining_responsibility_signals"": [""Leadership"", ""Team Management""], ""confidence"": ""high"", ""rep_rank"": 2, ""attempt"": 1, ""raw_output"": ""{\""community_id\"": 437, \""dominant_experience_level\"": \""mid\"", \""entry_accessibility\"": \""moderate_entry_barrier\"", \""community_label\"": \""Corporate Legal\"", \""defining_skills\"": [\""Legal Governance\"", \""Intellectual Property\"", \""Strategic Planning\""], \""defining_responsibility_signals\"": [\""Leadership\"", \""Team Management\""] , \""confidence\"": \""high\""}""}, {""community_id"": 437, ""dominant_experience_level"": ""mid"", ""entry_accessibility"": ""moderate_entry_barrier"", ""community_label"": ""In-House Legal Counsel"", ""defining_skills"": [""Legal Governance"", ""Commercial Law"", ""Product Law""], ""defining_responsibility_signals"": [""Leadership"", ""Expertise""], ""confidence"": ""high"", ""rep_rank"": 3, ""attempt"": 1, ""raw_output"": ""{\""community_id\"": 437, \""dominant_experience_level\"": \""mid\"", \""entry_accessibility\"": \""moderate_entry_barrier\"", \""community_label\"": \""In-House Legal Counsel\"", \""defining_skills\"": [\""Legal Governance\"", \""Commercial Law\"", \""Product Law\""], \""defining_responsibility_signals\"": [\""Leadership\"", \""Expertise\""] , \""confidence\"": \""high\""}""}]",18
438,30,junior,moderate_entry_barrier,Infrastructure Technician,"['cabling', 'installation', 'network']","['leadership', 'certification']",high,1.0,1.0,0.667,0.889,3,"technician, cable, lead, infrastructure, data, center, tech, network, field, entry, cabling, installation","[{""community_id"": 438, ""dominant_experience_level"": ""junior"", ""entry_accessibility"": ""moderate_entry_barrier"", ""community_label"": ""Infrastructure Technician"", ""defining_skills"": [""cabling"", ""installation"", ""network""], ""defining_responsibility_signals"": [""leadership"", ""certification""], ""confidence"": ""high"", ""rep_rank"": 1, ""attempt"": 1, ""raw_output"": ""{\""community_id\"": 438, \""dominant_experience_level\"": \""junior\"", \""entry_accessibility\"": \""moderate_entry_barrier\"", \""community_label\"": \""Infrastructure Technician\"", \""defining_skills\"": [\""cabling\"", \""installation\"", \""network\""], \""defining_responsibility_signals\"": [\""leadership\"", \""certification\""] , \""confidence\"": \""high\""}""}, {""community_id"": 438, ""dominant_experience_level"": ""junior"", ""entry_accessibility"": ""moderate_entry_barrier"", ""community_label"": ""Infrastructure Technician"", ""defining_skills"": [""cabling"", ""installation"", ""network""], ""defining_responsibility_signals"": [""leadership"", ""certification""], ""confidence"": ""high"", ""rep_rank"": 2, ""attempt"": 1, ""raw_output"": ""{\""community_id\"": 438, \""dominant_experience_level\"": \""junior\"", \""entry_accessibility\"": \""moderate_entry_barrier\"", \""community_label\"": \""Infrastructure Technician\"", \""defining_skills\"": [\""cabling\"", \""installation\"", \""network\""], \""defining_responsibility_signals\"": [\""leadership\"", \""certification\""] , \""confidence\"": \""high\""}""}, {""community_id"": 438, ""dominant_experience_level"": ""junior"", ""entry_accessibility"": ""moderate_entry_barrier"", ""community_label"": ""Data Center Cable Technician"", ""defining_skills"": [""cabling"", ""installation"", ""network""], ""defining_responsibility_signals"": [""leadership"", ""certification""], ""confidence"": ""high"", ""rep_rank"": 3, ""attempt"": 1, ""raw_output"": ""{\""community_id\"": 438, \""dominant_experience_level\"": \""junior\"", \""entry_accessibility\"": \""moderate_entry_barrier\"", \""community_label\"": \""Data Center Cable Technician\"", \""defining_skills\"": [\""cabling\"", \""installation\"", \""network\""], \""defining_responsibility_signals\"": [\""leadership\"", \""certification\""] , \""confidence\"": \""high\""}""}]",18
439,30,junior,moderate_entry_barrier,Jewelry Sales & Consultation,"['jewelry knowledge', 'sales', 'consultation']","['customer service', 'product knowledge']",high,1.0,1.0,0.667,0.889,3,"jared, manager, jewelers, assistant, general, luxury, apprentice, jeweler, signet, sales, jewelry, consultant","[{""community_id"": 439, ""dominant_experience_level"": ""junior"", ""entry_accessibility"": ""moderate_entry_barrier"", ""community_label"": ""Jewelry Sales & Consultation"", ""defining_skills"": [""sales"", ""consultation"", ""jewelry knowledge""], ""defining_responsibility_signals"": [""customer service"", ""product knowledge""], ""confidence"": ""high"", ""rep_rank"": 1, ""attempt"": 1, ""raw_output"": ""{\""community_id\"": 439, \""dominant_experience_level\"": \""junior\"", \""entry_accessibility\"": \""moderate_entry_barrier\"", \""community_label\"": \""Jewelry Sales & Consultation\"", \""defining_skills\"": [\""sales\"", \""consultation\"", \""jewelry knowledge\""], \""defining_responsibility_signals\"": [\""customer service\"", \""product knowledge\""] , \""confidence\"": \""high\""}""}, {""community_id"": 439, ""dominant_experience_level"": ""junior"", ""entry_accessibility"": ""moderate_entry_barrier"", ""community_label"": ""Jewelry Sales & Consultation"", ""defining_skills"": [""sales"", ""consultation"", ""jewelry knowledge""], ""defining_responsibility_signals"": [""customer service"", ""product knowledge""], ""confidence"": ""high"", ""rep_rank"": 2, ""attempt"": 1, ""raw_output"": ""{\""community_id\"": 439, \""dominant_experience_level\"": \""junior\"", \""entry_accessibility\"": \""moderate_entry_barrier\"", \""community_label\"": \""Jewelry Sales & Consultation\"", \""defining_skills\"": [\""sales\"", \""consultation\"", \""jewelry knowledge\""], \""defining_responsibility_signals\"": [\""customer service\"", \""product knowledge\""] , \""confidence\"": \""high\""}""}, {""community_id"": 439, ""dominant_experience_level"": ""junior"", ""entry_accessibility"": ""moderate_entry_barrier"", ""community_label"": ""Jewelry Sales & Management"", ""defining_skills"": [""jewelry knowledge"", ""salesmanship"", ""customer service""], ""defining_responsibility_signals"": [""leadership"", ""training""], ""confidence"": ""high"", ""rep_rank"": 3, ""attempt"": 1, ""raw_output"": ""{\""community_id\"": 439, \""dominant_experience_level\"": \""junior\"", \""entry_accessibility\"": \""moderate_entry_barrier\"", \""community_label\"": \""Jewelry Sales & Management\"", \""defining_skills\"": [\""jewelry knowledge\"", \""salesmanship\"", \""customer service\""], \""defining_responsibility_signals\"": [\""leadership\"", \""training\""] , \""confidence\"": \""high\""}""}]",18
440,29,mid,moderate_entry_barrier,Property Accountant,"['GAAP accounting', 'property accounting', 'common area maintenance']","['leadership', 'teamwork']",high,1.0,1.0,1.0,1.0,3,"accountant, property, senior, tax, manager, auditor, accounting, financial, general, ledger, clerk, real","[{""community_id"": 440, ""dominant_experience_level"": ""mid"", ""entry_accessibility"": ""moderate_entry_barrier"", ""community_label"": ""Property Accountant"", ""defining_skills"": [""GAAP accounting"", ""property accounting"", ""common area maintenance""], ""defining_responsibility_signals"": [""leadership"", ""teamwork""], ""confidence"": ""high"", ""rep_rank"": 1, ""attempt"": 1, ""raw_output"": ""{\""community_id\"": 440, \""dominant_experience_level\"": \""mid\"", \""entry_accessibility\"": \""moderate_entry_barrier\"", \""community_label\"": \""Property Accountant\"", \""defining_skills\"": [\""GAAP accounting\"", \""property accounting\"", \""common area maintenance\""], \""defining_responsibility_signals\"": [\""leadership\"", \""teamwork\""] , \""confidence\"": \""high\""}""}, {""community_id"": 440, ""dominant_experience_level"": ""mid"", ""entry_accessibility"": ""moderate_entry_barrier"", ""community_label"": ""Property Accountant"", ""defining_skills"": [""commercial real estate accounting"", ""Yardi experience"", ""remote work""], ""defining_responsibility_signals"": [""accounting for commercial properties"", ""remote work flexibility""], ""confidence"": ""high"", ""rep_rank"": 2, ""attempt"": 1, ""raw_output"": ""{\""community_id\"": 440, \""dominant_experience_level\"": \""mid\"", \""entry_accessibility\"": \""moderate_entry_barrier\"", \""community_label\"": \""Property Accountant\"", \""defining_skills\"": [\""commercial real estate accounting\"", \""Yardi experience\"", \""remote work\""], \""defining_responsibility_signals\"": [\""accounting for commercial properties\"", \""remote work flexibility\""] , \""confidence\"": \""high\""}""}, {""community_id"": 440, ""dominant_experience_level"": ""mid"", ""entry_accessibility"": ""moderate_entry_barrier"", ""community_label"": ""Property Accountant"", ""defining_skills"": [""Financial Statements"", ""Cash Flow Projections"", ""Rent Rolls""], ""defining_responsibility_signals"": [""Prepare Financial Statements"", ""Review Rent Rolls""], ""confidence"": ""high"", ""rep_rank"": 3, ""attempt"": 1, ""raw_output"": ""{\""community_id\"": 440, \""dominant_experience_level\"": \""mid\"", \""entry_accessibility\"": \""moderate_entry_barrier\"", \""community_label\"": \""Property Accountant\"", \""defining_skills\"": [\""Financial Statements\"", \""Cash Flow Projections\"", \""Rent Rolls\""], \""defining_responsibility_signals\"": [\""Prepare Financial Statements\"", \""Review Rent Rolls\""] , \""confidence\"": \""high\""}""}]",18
441,29,junior,moderate_entry_barrier,Healthcare Support,"['paramedic', 'patient care', 'clinic']","['sign-on bonus', 'permanent position']",high,1.0,1.0,1.0,1.0,3,"prn, tech, patient, care, technician, assistant, therapist, physician, clinic, paramedic, potential, sign","[{""community_id"": 441, ""dominant_experience_level"": ""junior"", ""entry_accessibility"": ""moderate_entry_barrier"", ""community_label"": ""Healthcare Support"", ""defining_skills"": [""paramedic"", ""tech"", ""patient care""], ""defining_responsibility_signals"": [""sign-on bonus"", ""permanent position""], ""confidence"": ""high"", ""rep_rank"": 1, ""attempt"": 1, ""raw_output"": ""{\""community_id\"": 441, \""dominant_experience_level\"": \""junior\"", \""entry_accessibility\"": \""moderate_entry_barrier\"", \""community_label\"": \""Healthcare Support\"", \""defining_skills\"": [\""paramedic\"", \""tech\"", \""patient care\""], \""defining_responsibility_signals\"": [\""sign-on bonus\"", \""permanent position\""] , \""confidence\"": \""high\""}""}, {""community_id"": 441, ""dominant_experience_level"": ""junior"", ""entry_accessibility"": ""moderate_entry_barrier"", ""community_label"": ""Healthcare Support"", ""defining_skills"": [""paramedic"", ""clinic"", ""patient care""], ""defining_responsibility_signals"": [""sign-on bonus"", ""permanent position""], ""confidence"": ""high"", ""rep_rank"": 2, ""attempt"": 1, ""raw_output"": ""{\""community_id\"": 441, \""dominant_experience_level\"": \""junior\"", \""entry_accessibility\"": \""moderate_entry_barrier\"", \""community_label\"": \""Healthcare Support\"", \""defining_skills\"": [\""paramedic\"", \""clinic\"", \""patient care\""], \""defining_responsibility_signals\"": [\""sign-on bonus\"", \""permanent position\""] , \""confidence\"": \""high\""}""}, {""community_id"": 441, ""dominant_experience_level"": ""junior"", ""entry_accessibility"": ""moderate_entry_barrier"", ""community_label"": ""Healthcare Support"", ""defining_skills"": [""paramedic"", ""clinic"", ""patient care""], ""defining_responsibility_signals"": [""sign-on bonus"", ""permanent position""], ""confidence"": ""high"", ""rep_rank"": 3, ""attempt"": 1, ""raw_output"": ""{\""community_id\"": 441, \""dominant_experience_level\"": \""junior\"", \""entry_accessibility\"": \""moderate_entry_barrier\"", \""community_label\"": \""Healthcare Support\"", \""defining_skills\"": [\""paramedic\"", \""clinic\"", \""patient care\""], \""defining_responsibility_signals\"": [\""sign-on bonus\"", \""permanent position\""] , \""confidence\"": \""high\""}""}]",18
442,29,mid,moderate_entry_barrier,Equipment Maintenance,"['equipment maintenance', 'supervision', 'shift management']","['oversee', 'direct']",high,1.0,1.0,0.333,0.778,3,"technician, maintenance, equipment, manager, data, engineer, mechanic, desk, specialist, cmms, administrator, manufacturing","[{""community_id"": 442, ""dominant_experience_level"": ""mid"", ""entry_accessibility"": ""moderate_entry_barrier"", ""community_label"": ""Equipment Maintenance"", ""defining_skills"": [""equipment maintenance"", ""supervision"", ""shift management""], ""defining_responsibility_signals"": [""oversee"", ""direct""], ""confidence"": ""high"", ""rep_rank"": 1, ""attempt"": 1, ""raw_output"": ""{\""community_id\"": 442, \""dominant_experience_level\"": \""mid\"", \""entry_accessibility\"": \""moderate_entry_barrier\"", \""community_label\"": \""Equipment Maintenance\"", \""defining_skills\"": [\""equipment maintenance\"", \""supervision\"", \""shift management\""], \""defining_responsibility_signals\"": [\""oversee\"", \""direct\""] , \""confidence\"": \""high\""}""}, {""community_id"": 442, ""dominant_experience_level"": ""mid"", ""entry_accessibility"": ""moderate_entry_barrier"", ""community_label"": ""Maintenance & Support Technicians"", ""defining_skills"": [""equipment maintenance"", ""data support"", ""CMMS (Computerized Maintenance Management System)""], ""defining_responsibility_signals"": [""provide technical support"", ""ensure quality""], ""confidence"": ""high"", ""rep_rank"": 2, ""attempt"": 1, ""raw_output"": ""{\""community_id\"": 442, \""dominant_experience_level\"": \""mid\"", \""entry_accessibility\"": \""moderate_entry_barrier\"", \""community_label\"": \""Maintenance & Support Technicians\"", \""defining_skills\"": [\""equipment maintenance\"", \""data support\"", \""CMMS (Computerized Maintenance Management System)\""], \""defining_responsibility_signals\"": [\""provide technical support\"", \""ensure quality\""] , \""confidence\"": \""high\""}""}, {""community_id"": 442, ""dominant_experience_level"": ""mid"", ""entry_accessibility"": ""moderate_entry_barrier"", ""community_label"": ""Quality Control & Maintenance Technician"", ""defining_skills"": [""Quality Control"", ""Inspection"", ""Manufacturing Processes""], ""defining_responsibility_signals"": [""Inspect incoming parts"", ""Ensure quality control requirements""], ""confidence"": ""high"", ""rep_rank"": 3, ""attempt"": 1, ""raw_output"": ""{\""community_id\"": 442, \""dominant_experience_level\"": \""mid\"", \""entry_accessibility\"": \""moderate_entry_barrier\"", \""community_label\"": \""Quality Control & Maintenance Technician\"", \""defining_skills\"": [\""Quality Control\"", \""Inspection\"", \""Manufacturing Processes\""], \""defining_responsibility_signals\"": [\""Inspect incoming parts\"", \""Ensure quality control requirements\""] , \""confidence\"": \""high\""}""}]",18
443,29,mid,moderate_entry_barrier,Senior Business Analyst,"['SAP', 'project management', 'business analysis']","['implementation', 'liaise between teams']",high,1.0,1.0,0.333,0.778,3,"manager, project, senior, program, analyst, implementation, technical, sap, software, architect, business, lead","[{""community_id"": 443, ""dominant_experience_level"": ""mid"", ""entry_accessibility"": ""moderate_entry_barrier"", ""community_label"": ""Senior Business Analyst"", ""defining_skills"": [""SAP"", ""project management"", ""business analysis""], ""defining_responsibility_signals"": [""implementation"", ""liaise between teams""], ""confidence"": ""high"", ""rep_rank"": 1, ""attempt"": 1, ""raw_output"": ""{\""community_id\"": 443, \""dominant_experience_level\"": \""mid\"", \""entry_accessibility\"": \""moderate_entry_barrier\"", \""community_label\"": \""Senior Business Analyst\"", \""defining_skills\"": [\""SAP\"", \""project management\"", \""business analysis\""], \""defining_responsibility_signals\"": [\""implementation\"", \""liaise between teams\""] , \""confidence\"": \""high\""}""}, {""community_id"": 443, ""dominant_experience_level"": ""mid"", ""entry_accessibility"": ""moderate_entry_barrier"", ""community_label"": ""Senior Technical Program Manager"", ""defining_skills"": [""SAP"", ""Oracle"", ""Cloud""], ""defining_responsibility_signals"": [""Strategic Project Leadership"", ""Global Support Transformations""], ""confidence"": ""high"", ""rep_rank"": 2, ""attempt"": 1, ""raw_output"": ""{\""community_id\"": 443, \""dominant_experience_level\"": \""mid\"", \""entry_accessibility\"": \""moderate_entry_barrier\"", \""community_label\"": \""Senior Technical Program Manager\"", \""defining_skills\"": [\""SAP\"", \""Oracle\"", \""Cloud\""], \""defining_responsibility_signals\"": [\""Strategic Project Leadership\"", \""Global Support Transformations\""] , \""confidence\"": \""high\""}""}, {""community_id"": 443, ""dominant_experience_level"": ""mid"", ""entry_accessibility"": ""moderate_entry_barrier"", ""community_label"": ""Enterprise Software Management"", ""defining_skills"": [""SAP"", ""Technical"", ""Software""], ""defining_responsibility_signals"": [""leadership"", ""implementation""], ""confidence"": ""high"", ""rep_rank"": 3, ""attempt"": 1, ""raw_output"": ""{\""community_id\"": 443, \""dominant_experience_level\"": \""mid\"", \""entry_accessibility\"": \""moderate_entry_barrier\"", \""community_label\"": \""Enterprise Software Management\"", \""defining_skills\"": [\""SAP\"", \""Technical\"", \""Software\""], \""defining_responsibility_signals\"": [\""leadership\"", \""implementation\""] , \""confidence\"": \""high\""}""}]",18
444,29,mid,moderate_entry_barrier,Senior Software Engineer,"['Python', 'Cloud', 'Snowflake']","['leadership', 'architectural']",high,1.0,1.0,0.667,0.889,3,"engineer, software, data, senior, python, developer, cloud, lead, snowflake, only, architect, platform","[{""community_id"": 444, ""dominant_experience_level"": ""mid"", ""entry_accessibility"": ""moderate_entry_barrier"", ""community_label"": ""Senior Software Engineer"", ""defining_skills"": [""Python"", ""Cloud"", ""Snowflake""], ""defining_responsibility_signals"": [""leadership"", ""architectural""], ""confidence"": ""high"", ""rep_rank"": 1, ""attempt"": 1, ""raw_output"": ""{\""community_id\"": 444, \""dominant_experience_level\"": \""mid\"", \""entry_accessibility\"": \""moderate_entry_barrier\"", \""community_label\"": \""Senior Software Engineer\"", \""defining_skills\"": [\""Python\"", \""Cloud\"", \""Snowflake\""], \""defining_responsibility_signals\"": [\""leadership\"", \""architectural\""] , \""confidence\"": \""high\""}""}, {""community_id"": 444, ""dominant_experience_level"": ""mid"", ""entry_accessibility"": ""moderate_entry_barrier"", ""community_label"": ""Senior Software Engineer"", ""defining_skills"": [""Python"", ""Backend Development"", ""Cloud""], ""defining_responsibility_signals"": [""Leadership"", ""Architecture""], ""confidence"": ""high"", ""rep_rank"": 2, ""attempt"": 1, ""raw_output"": ""{\""community_id\"": 444, \""dominant_experience_level\"": \""mid\"", \""entry_accessibility\"": \""moderate_entry_barrier\"", \""community_label\"": \""Senior Software Engineer\"", \""defining_skills\"": [\""Python\"", \""Backend Development\"", \""Cloud\""], \""defining_responsibility_signals\"": [\""Leadership\"", \""Architecture\""] , \""confidence\"": \""high\""}""}, {""community_id"": 444, ""dominant_experience_level"": ""mid"", ""entry_accessibility"": ""moderate_entry_barrier"", ""community_label"": ""Senior Quantitative Developer / Tech Lead"", ""defining_skills"": [""Python"", ""Cloud"", ""Snowflake""], ""defining_responsibility_signals"": [""leadership"", ""quantitative_development""], ""confidence"": ""high"", ""rep_rank"": 3, ""attempt"": 1, ""raw_output"": ""{\""community_id\"": 444, \""dominant_experience_level\"": \""mid\"", \""entry_accessibility\"": \""moderate_entry_barrier\"", \""community_label\"": \""Senior Quantitative Developer / Tech Lead\"", \""defining_skills\"": [\""Python\"", \""Cloud\"", \""Snowflake\""], \""defining_responsibility_signals\"": [\""leadership\"", \""quantitative_development\""] , \""confidence\"": \""high\""}""}]",18
445,29,mid,moderate_entry_barrier,Technical Program Management,"['program management', 'technical management', 'AI/ML expertise']","['drive execution on technology initiatives', 'cross-functional collaboration']",high,1.0,1.0,0.667,0.889,3,"manager, program, technical, project, management, technology, business, director, principal, product, 5115, iii","[{""community_id"": 445, ""dominant_experience_level"": ""mid"", ""entry_accessibility"": ""moderate_entry_barrier"", ""community_label"": ""Technical Program Management"", ""defining_skills"": [""program management"", ""technical management"", ""AI/ML expertise""], ""defining_responsibility_signals"": [""drive execution on technology initiatives"", ""cross-functional collaboration""], ""confidence"": ""high"", ""rep_rank"": 1, ""attempt"": 1, ""raw_output"": ""{\""community_id\"": 445, \""dominant_experience_level\"": \""mid\"", \""entry_accessibility\"": \""moderate_entry_barrier\"", \""community_label\"": \""Technical Program Management\"", \""defining_skills\"": [\""program management\"", \""technical management\"", \""AI/ML expertise\""], \""defining_responsibility_signals\"": [\""drive execution on technology initiatives\"", \""cross-functional collaboration\""] , \""confidence\"": \""high\""}""}, {""community_id"": 445, ""dominant_experience_level"": ""mid"", ""entry_accessibility"": ""moderate_entry_barrier"", ""community_label"": ""IT Program Management"", ""defining_skills"": [""program management"", ""technical management"", ""cross-functional team leadership""], ""defining_responsibility_signals"": [""drive IT programs"", ""lead cross-functional teams""], ""confidence"": ""high"", ""rep_rank"": 2, ""attempt"": 1, ""raw_output"": ""{\""community_id\"": 445, \""dominant_experience_level\"": \""mid\"", \""entry_accessibility\"": \""moderate_entry_barrier\"", \""community_label\"": \""IT Program Management\"", \""defining_skills\"": [\""program management\"", \""technical management\"", \""cross-functional team leadership\""], \""defining_responsibility_signals\"": [\""drive IT programs\"", \""lead cross-functional teams\""] , \""confidence\"": \""high\""}""}, {""community_id"": 445, ""dominant_experience_level"": ""mid"", ""entry_accessibility"": ""moderate_entry_barrier"", ""community_label"": ""Technical Program Management"", ""defining_skills"": [""Servicenow"", ""Cross-functional Collaboration"", ""Autonomous Vehicle Industry Knowledge""], ""defining_responsibility_signals"": [""Deployment"", ""Stakeholder Management""], ""confidence"": ""high"", ""rep_rank"": 3, ""attempt"": 1, ""raw_output"": ""{\""community_id\"": 445, \""dominant_experience_level\"": \""mid\"", \""entry_accessibility\"": \""moderate_entry_barrier\"", \""community_label\"": \""Technical Program Management\"", \""defining_skills\"": [\""Servicenow\"", \""Cross-functional Collaboration\"", \""Autonomous Vehicle Industry Knowledge\""], \""defining_responsibility_signals\"": [\""Deployment\"", \""Stakeholder Management\""] , \""confidence\"": \""high\""}""}]",18
446,29,junior,moderate_entry_barrier,Automotive Technician,"['tire', 'battery', 'automotive']","['service', 'hiring']",high,1.0,1.0,1.0,1.0,3,"technician, tire, battery, automotive, service, usa, lead, hiring, event, helper, tech, field","[{""community_id"": 446, ""dominant_experience_level"": ""junior"", ""entry_accessibility"": ""moderate_entry_barrier"", ""community_label"": ""Automotive Technician"", ""defining_skills"": [""tire"", ""battery"", ""automotive""], ""defining_responsibility_signals"": [""service"", ""hiring""], ""confidence"": ""high"", ""rep_rank"": 1, ""attempt"": 1, ""raw_output"": ""{\""community_id\"": 446, \""dominant_experience_level\"": \""junior\"", \""entry_accessibility\"": \""moderate_entry_barrier\"", \""community_label\"": \""Automotive Technician\"", \""defining_skills\"": [\""tire\"", \""battery\"", \""automotive\""], \""defining_responsibility_signals\"": [\""service\"", \""hiring\""] , \""confidence\"": \""high\""}""}, {""community_id"": 446, ""dominant_experience_level"": ""junior"", ""entry_accessibility"": ""moderate_entry_barrier"", ""community_label"": ""Automotive Technician"", ""defining_skills"": [""tire"", ""battery"", ""automotive""], ""defining_responsibility_signals"": [""service"", ""hiring""], ""confidence"": ""high"", ""rep_rank"": 2, ""attempt"": 1, ""raw_output"": ""{\""community_id\"": 446, \""dominant_experience_level\"": \""junior\"", \""entry_accessibility\"": \""moderate_entry_barrier\"", \""community_label\"": \""Automotive Technician\"", \""defining_skills\"": [\""tire\"", \""battery\"", \""automotive\""], \""defining_responsibility_signals\"": [\""service\"", \""hiring\""] , \""confidence\"": \""high\""}""}, {""community_id"": 446, ""dominant_experience_level"": ""junior"", ""entry_accessibility"": ""moderate_entry_barrier"", ""community_label"": ""Automotive Technician"", ""defining_skills"": [""tire"", ""battery"", ""automotive""], ""defining_responsibility_signals"": [""service"", ""hiring""], ""confidence"": ""high"", ""rep_rank"": 3, ""attempt"": 1, ""raw_output"": ""{\""community_id\"": 446, \""dominant_experience_level\"": \""junior\"", \""entry_accessibility\"": \""moderate_entry_barrier\"", \""community_label\"": \""Automotive Technician\"", \""defining_skills\"": [\""tire\"", \""battery\"", \""automotive\""], \""defining_responsibility_signals\"": [\""service\"", \""hiring\""] , \""confidence\"": \""high\""}""}]",18
447,29,junior,moderate_entry_barrier,Route Sales,"['sales', 'warehouse', 'market']","['route', 'extra']",high,1.0,1.0,1.0,1.0,3,"sales, route, professional, warehouse, express, supervisor, leader, extra, maintenance, representative, market, sanitation","[{""community_id"": 447, ""dominant_experience_level"": ""junior"", ""entry_accessibility"": ""moderate_entry_barrier"", ""community_label"": ""Route Sales"", ""defining_skills"": [""sales"", ""warehouse"", ""market""], ""defining_responsibility_signals"": [""route"", ""representative""], ""confidence"": ""high"", ""rep_rank"": 1, ""attempt"": 1, ""raw_output"": ""{\""community_id\"": 447, \""dominant_experience_level\"": \""junior\"", \""entry_accessibility\"": \""moderate_entry_barrier\"", \""community_label\"": \""Route Sales\"", \""defining_skills\"": [\""sales\"", \""warehouse\"", \""market\""], \""defining_responsibility_signals\"": [\""route\"", \""representative\""] , \""confidence\"": \""high\""}""}, {""community_id"": 447, ""dominant_experience_level"": ""junior"", ""entry_accessibility"": ""moderate_entry_barrier"", ""community_label"": ""Route Sales"", ""defining_skills"": [""sales"", ""warehouse"", ""market""], ""defining_responsibility_signals"": [""route"", ""extra""], ""confidence"": ""high"", ""rep_rank"": 2, ""attempt"": 1, ""raw_output"": ""{\""community_id\"": 447, \""dominant_experience_level\"": \""junior\"", \""entry_accessibility\"": \""moderate_entry_barrier\"", \""community_label\"": \""Route Sales\"", \""defining_skills\"": [\""sales\"", \""warehouse\"", \""market\""], \""defining_responsibility_signals\"": [\""route\"", \""extra\""] , \""confidence\"": \""high\""}""}, {""community_id"": 447, ""dominant_experience_level"": ""junior"", ""entry_accessibility"": ""moderate_entry_barrier"", ""community_label"": ""Route Sales"", ""defining_skills"": [""sales"", ""warehouse"", ""market""], ""defining_responsibility_signals"": [""route"", ""extra""], ""confidence"": ""high"", ""rep_rank"": 3, ""attempt"": 1, ""raw_output"": ""{\""community_id\"": 447, \""dominant_experience_level\"": \""junior\"", \""entry_accessibility\"": \""moderate_entry_barrier\"", \""community_label\"": \""Route Sales\"", \""defining_skills\"": [\""sales\"", \""warehouse\"", \""market\""], \""defining_responsibility_signals\"": [\""route\"", \""extra\""] , \""confidence\"": \""high\""}""}]",18
448,29,junior,moderate_entry_barrier,Phlebotomy,"['Phlebotomy', 'Clinical', 'Laboratory']","['Night Shift', 'Rotating Schedule']",high,1.0,1.0,0.333,0.778,3,"shift, hospital, tech, phlebotomy, phlebotomist, assistant, banner, laboratory, lab, technician, day, clinical","[{""community_id"": 448, ""dominant_experience_level"": ""junior"", ""entry_accessibility"": ""moderate_entry_barrier"", ""community_label"": ""Phlebotomy"", ""defining_skills"": [""Phlebotomy"", ""Clinical"", ""Laboratory""], ""defining_responsibility_signals"": [""Night Shift"", ""Rotating Schedule""], ""confidence"": ""high"", ""rep_rank"": 1, ""attempt"": 1, ""raw_output"": ""{\""community_id\"": 448, \""dominant_experience_level\"": \""junior\"", \""entry_accessibility\"": \""moderate_entry_barrier\"", \""community_label\"": \""Phlebotomy\"", \""defining_skills\"": [\""Phlebotomy\"", \""Clinical\"", \""Laboratory\""], \""defining_responsibility_signals\"": [\""Night Shift\"", \""Rotating Schedule\""] , \""confidence\"": \""high\""}""}, {""community_id"": 448, ""dominant_experience_level"": ""junior"", ""entry_accessibility"": ""moderate_entry_barrier"", ""community_label"": ""Hospital Phlebotomy Technician"", ""defining_skills"": [""Phlebotomy"", ""Clinical"", ""Lab""], ""defining_responsibility_signals"": [""Evening Shift"", ""Weekend Availability""], ""confidence"": ""high"", ""rep_rank"": 2, ""attempt"": 1, ""raw_output"": ""{\""community_id\"": 448, \""dominant_experience_level\"": \""junior\"", \""entry_accessibility\"": \""moderate_entry_barrier\"", \""community_label\"": \""Hospital Phlebotomy Technician\"", \""defining_skills\"": [\""Phlebotomy\"", \""Clinical\"", \""Lab\""], \""defining_responsibility_signals\"": [\""Evening Shift\"", \""Weekend Availability\""] , \""confidence\"": \""high\""}""}, {""community_id"": 448, ""dominant_experience_level"": ""junior"", ""entry_accessibility"": ""moderate_entry_barrier"", ""community_label"": ""Phlebotomy Technician"", ""defining_skills"": [""Phlebotomy"", ""Clinical"", ""Laboratory""], ""defining_responsibility_signals"": [""Day Shift"", ""Weekend Rotation""], ""confidence"": ""high"", ""rep_rank"": 3, ""attempt"": 1, ""raw_output"": ""{\""community_id\"": 448, \""dominant_experience_level\"": \""junior\"", \""entry_accessibility\"": \""moderate_entry_barrier\"", \""community_label\"": \""Phlebotomy Technician\"", \""defining_skills\"": [\""Phlebotomy\"", \""Clinical\"", \""Laboratory\""], \""defining_responsibility_signals\"": [\""Day Shift\"", \""Weekend Rotation\""] , \""confidence\"": \""high\""}""}]",18
449,29,mid,moderate_entry_barrier,Security Software Engineering,"['cloud', 'security', 'software']","['leadership', 'program_management']",high,1.0,1.0,1.0,1.0,3,"engineer, security, software, principal, manager, cloud, staff, consultant, senior, cortex, program, partner","[{""community_id"": 449, ""dominant_experience_level"": ""mid"", ""entry_accessibility"": ""moderate_entry_barrier"", ""community_label"": ""Security Software Engineering"", ""defining_skills"": [""cloud"", ""security"", ""software""], ""defining_responsibility_signals"": [""leadership"", ""program_management""], ""confidence"": ""high"", ""rep_rank"": 1, ""attempt"": 1, ""raw_output"": ""{\""community_id\"": 449, \""dominant_experience_level\"": \""mid\"", \""entry_accessibility\"": \""moderate_entry_barrier\"", \""community_label\"": \""Security Software Engineering\"", \""defining_skills\"": [\""cloud\"", \""security\"", \""software\""], \""defining_responsibility_signals\"": [\""leadership\"", \""program_management\""] , \""confidence\"": \""high\""}""}, {""community_id"": 449, ""dominant_experience_level"": ""mid"", ""entry_accessibility"": ""moderate_entry_barrier"", ""community_label"": ""Security Software Engineering"", ""defining_skills"": [""cloud"", ""security"", ""software""], ""defining_responsibility_signals"": [""leadership"", ""program_management""], ""confidence"": ""high"", ""rep_rank"": 2, ""attempt"": 1, ""raw_output"": ""{\""community_id\"": 449, \""dominant_experience_level\"": \""mid\"", \""entry_accessibility\"": \""moderate_entry_barrier\"", \""community_label\"": \""Security Software Engineering\"", \""defining_skills\"": [\""cloud\"", \""security\"", \""software\""], \""defining_responsibility_signals\"": [\""leadership\"", \""program_management\""] , \""confidence\"": \""high\""}""}, {""community_id"": 449, ""dominant_experience_level"": ""mid"", ""entry_accessibility"": ""moderate_entry_barrier"", ""community_label"": ""Security Software Engineering"", ""defining_skills"": [""cloud"", ""security"", ""software""], ""defining_responsibility_signals"": [""leadership"", ""program_management""], ""confidence"": ""high"", ""rep_rank"": 3, ""attempt"": 1, ""raw_output"": ""{\""community_id\"": 449, \""dominant_experience_level\"": \""mid\"", \""entry_accessibility\"": \""moderate_entry_barrier\"", \""community_label\"": \""Security Software Engineering\"", \""defining_skills\"": [\""cloud\"", \""security\"", \""software\""], \""defining_responsibility_signals\"": [\""leadership\"", \""program_management\""] , \""confidence\"": \""high\""}""}]",18
450,29,mid,moderate_entry_barrier,Hotel Night Auditor,"['front desk', 'overnight shift', 'auditing']","['service-oriented', 'dynamic']",high,1.0,1.0,0.333,0.778,3,"front, desk, night, agent, auditor, hotel, guest, hospitality, overnight, director, tampa, riverwalk","[{""community_id"": 450, ""dominant_experience_level"": ""mid"", ""entry_accessibility"": ""moderate_entry_barrier"", ""community_label"": ""Hotel Night Auditor"", ""defining_skills"": [""front desk"", ""overnight shift"", ""auditing""], ""defining_responsibility_signals"": [""service-oriented"", ""dynamic""], ""confidence"": ""high"", ""rep_rank"": 1, ""attempt"": 1, ""raw_output"": ""{\""community_id\"": 450, \""dominant_experience_level\"": \""mid\"", \""entry_accessibility\"": \""moderate_entry_barrier\"", \""community_label\"": \""Hotel Night Auditor\"", \""defining_skills\"": [\""front desk\"", \""overnight shift\"", \""auditing\""], \""defining_responsibility_signals\"": [\""service-oriented\"", \""dynamic\""] , \""confidence\"": \""high\""}""}, {""community_id"": 450, ""dominant_experience_level"": ""mid"", ""entry_accessibility"": ""moderate_entry_barrier"", ""community_label"": ""Hotel Front Desk Agent"", ""defining_skills"": [""Guest Service"", ""Hospitality"", ""Dynamic Service-Oriented""], ""defining_responsibility_signals"": [""Guest Interaction"", ""Night Shift""], ""confidence"": ""high"", ""rep_rank"": 2, ""attempt"": 1, ""raw_output"": ""{\""community_id\"": 450, \""dominant_experience_level\"": \""mid\"", \""entry_accessibility\"": \""moderate_entry_barrier\"", \""community_label\"": \""Hotel Front Desk Agent\"", \""defining_skills\"": [\""Guest Service\"", \""Hospitality\"", \""Dynamic Service-Oriented\""], \""defining_responsibility_signals\"": [\""Guest Interaction\"", \""Night Shift\""] , \""confidence\"": \""high\""}""}, {""community_id"": 450, ""dominant_experience_level"": ""mid"", ""entry_accessibility"": ""moderate_entry_barrier"", ""community_label"": ""Hotel Guest Services"", ""defining_skills"": [""Guest Interaction"", ""Front Desk"", ""Night Shift""], ""defining_responsibility_signals"": [""Leadership Terms"", ""Bachelor Degree""], ""confidence"": ""high"", ""rep_rank"": 3, ""attempt"": 1, ""raw_output"": ""{\""community_id\"": 450, \""dominant_experience_level\"": \""mid\"", \""entry_accessibility\"": \""moderate_entry_barrier\"", \""community_label\"": \""Hotel Guest Services\"", \""defining_skills\"": [\""Guest Interaction\"", \""Front Desk\"", \""Night Shift\""], \""defining_responsibility_signals\"": [\""Leadership Terms\"", \""Bachelor Degree\""] , \""confidence\"": \""high\""}""}]",19
451,29,junior,moderate_entry_barrier,Engineering Internship,"['manufacturing', 'operations', 'quality']","['creative problem solving', 'improved outcome']",high,1.0,1.0,0.333,0.778,3,"intern, engineering, quality, manufacturing, summer, 2024, engineer, internship, operations, ann, eng, fall","[{""community_id"": 451, ""dominant_experience_level"": ""junior"", ""entry_accessibility"": ""moderate_entry_barrier"", ""community_label"": ""Engineering Internship"", ""defining_skills"": [""manufacturing"", ""operations"", ""quality""], ""defining_responsibility_signals"": [""creative problem solving"", ""improved outcome""], ""confidence"": ""high"", ""rep_rank"": 1, ""attempt"": 1, ""raw_output"": ""{\""community_id\"": 451, \""dominant_experience_level\"": \""junior\"", \""entry_accessibility\"": \""moderate_entry_barrier\"", \""community_label\"": \""Engineering Internship\"", \""defining_skills\"": [\""manufacturing\"", \""operations\"", \""quality\""], \""defining_responsibility_signals\"": [\""creative problem solving\"", \""improved outcome\""] , \""confidence\"": \""high\""}""}, {""community_id"": 451, ""dominant_experience_level"": ""junior"", ""entry_accessibility"": ""moderate_entry_barrier"", ""community_label"": ""Manufacturing Internship"", ""defining_skills"": [""manufacturing"", ""operations"", ""engineering""], ""defining_responsibility_signals"": [""protect workers"", ""protect workplaces""], ""confidence"": ""high"", ""rep_rank"": 2, ""attempt"": 1, ""raw_output"": ""{\""community_id\"": 451, \""dominant_experience_level\"": \""junior\"", \""entry_accessibility\"": \""moderate_entry_barrier\"", \""community_label\"": \""Manufacturing Internship\"", \""defining_skills\"": [\""manufacturing\"", \""operations\"", \""engineering\""], \""defining_responsibility_signals\"": [\""protect workers\"", \""protect workplaces\""] , \""confidence\"": \""high\""}""}, {""community_id"": 451, ""dominant_experience_level"": ""junior"", ""entry_accessibility"": ""moderate_entry_barrier"", ""community_label"": ""Manufacturing Engineering Interns"", ""defining_skills"": [""manufacturing"", ""engineering"", ""quality""], ""defining_responsibility_signals"": [""fixture design"", ""process improvement""], ""confidence"": ""high"", ""rep_rank"": 3, ""attempt"": 1, ""raw_output"": ""{\""community_id\"": 451, \""dominant_experience_level\"": \""junior\"", \""entry_accessibility\"": \""moderate_entry_barrier\"", \""community_label\"": \""Manufacturing Engineering Interns\"", \""defining_skills\"": [\""manufacturing\"", \""engineering\"", \""quality\""], \""defining_responsibility_signals\"": [\""fixture design\"", \""process improvement\""] , \""confidence\"": \""high\""}""}]",19
452,29,junior,moderate_entry_barrier,Interior Designers,"['design', 'interior design', 'home decor']","['consultative design service', 'build lasting relationships']",high,1.0,1.0,0.667,0.889,3,"designer, design, interior, educator, sales, mall, studio, spc, home, stylist, stuyvesant, plaza","[{""community_id"": 452, ""dominant_experience_level"": ""junior"", ""entry_accessibility"": ""moderate_entry_barrier"", ""community_label"": ""Interior Design"", ""defining_skills"": [""Design"", ""Interior Design"", ""Sales""], ""defining_responsibility_signals"": [""Consultative Design Service"", ""Brand Loyalty""], ""confidence"": ""high"", ""rep_rank"": 1, ""attempt"": 1, ""raw_output"": ""{\""community_id\"": 452, \""dominant_experience_level\"": \""junior\"", \""entry_accessibility\"": \""moderate_entry_barrier\"", \""community_label\"": \""Interior Design\"", \""defining_skills\"": [\""Design\"", \""Interior Design\"", \""Sales\""], \""defining_responsibility_signals\"": [\""Consultative Design Service\"", \""Brand Loyalty\""] , \""confidence\"": \""high\""}""}, {""community_id"": 452, ""dominant_experience_level"": ""junior"", ""entry_accessibility"": ""moderate_entry_barrier"", ""community_label"": ""Interior Designers"", ""defining_skills"": [""design"", ""interior design"", ""home decor""], ""defining_responsibility_signals"": [""consultative design service"", ""build lasting relationships""], ""confidence"": ""high"", ""rep_rank"": 2, ""attempt"": 1, ""raw_output"": ""{\""community_id\"": 452, \""dominant_experience_level\"": \""junior\"", \""entry_accessibility\"": \""moderate_entry_barrier\"", \""community_label\"": \""Interior Designers\"", \""defining_skills\"": [\""design\"", \""interior design\"", \""home decor\""], \""defining_responsibility_signals\"": [\""consultative design service\"", \""build lasting relationships\""] , \""confidence\"": \""high\""}""}, {""community_id"": 452, ""dominant_experience_level"": ""junior"", ""entry_accessibility"": ""moderate_entry_barrier"", ""community_label"": ""Interior Designers"", ""defining_skills"": [""design"", ""interior design"", ""home decor""], ""defining_responsibility_signals"": [""consultative design service"", ""build lasting relationships""], ""confidence"": ""high"", ""rep_rank"": 3, ""attempt"": 1, ""raw_output"": ""{\""community_id\"": 452, \""dominant_experience_level\"": \""junior\"", \""entry_accessibility\"": \""moderate_entry_barrier\"", \""community_label\"": \""Interior Designers\"", \""defining_skills\"": [\""design\"", \""interior design\"", \""home decor\""], \""defining_responsibility_signals\"": [\""consultative design service\"", \""build lasting relationships\""] , \""confidence\"": \""high\""}""}]",19
453,29,mid,moderate_entry_barrier,Facilities Maintenance,"['maintenance', 'admin', 'facilities']","['routine inspections', 'inventory management']",high,1.0,1.0,0.667,0.889,3,"maintenance, admin, mission, facilities, ambition, assistant, technician, golf, food, event, bay, host","[{""community_id"": 453, ""dominant_experience_level"": ""mid"", ""entry_accessibility"": ""moderate_entry_barrier"", ""community_label"": ""Facilities Maintenance"", ""defining_skills"": [""maintenance"", ""admin"", ""facilities""], ""defining_responsibility_signals"": [""perform routine inspections"", ""monitor inventory""], ""confidence"": ""high"", ""rep_rank"": 1, ""attempt"": 1, ""raw_output"": ""{\""community_id\"": 453, \""dominant_experience_level\"": \""mid\"", \""entry_accessibility\"": \""moderate_entry_barrier\"", \""community_label\"": \""Facilities Maintenance\"", \""defining_skills\"": [\""maintenance\"", \""admin\"", \""facilities\""], \""defining_responsibility_signals\"": [\""perform routine inspections\"", \""monitor inventory\""] , \""confidence\"": \""high\""}""}, {""community_id"": 453, ""dominant_experience_level"": ""mid"", ""entry_accessibility"": ""moderate_entry_barrier"", ""community_label"": ""Facilities Maintenance"", ""defining_skills"": [""maintenance"", ""admin"", ""facilities""], ""defining_responsibility_signals"": [""routine inspections"", ""inventory management""], ""confidence"": ""high"", ""rep_rank"": 2, ""attempt"": 1, ""raw_output"": ""{\""community_id\"": 453, \""dominant_experience_level\"": \""mid\"", \""entry_accessibility\"": \""moderate_entry_barrier\"", \""community_label\"": \""Facilities Maintenance\"", \""defining_skills\"": [\""maintenance\"", \""admin\"", \""facilities\""], \""defining_responsibility_signals\"": [\""routine inspections\"", \""inventory management\""] , \""confidence\"": \""high\""}""}, {""community_id"": 453, ""dominant_experience_level"": ""mid"", ""entry_accessibility"": ""moderate_entry_barrier"", ""community_label"": ""Facility Maintenance"", ""defining_skills"": [""maintenance"", ""admin"", ""facilities""], ""defining_responsibility_signals"": [""routine inspections"", ""inventory management""], ""confidence"": ""high"", ""rep_rank"": 3, ""attempt"": 1, ""raw_output"": ""{\""community_id\"": 453, \""dominant_experience_level\"": \""mid\"", \""entry_accessibility\"": \""moderate_entry_barrier\"", \""community_label\"": \""Facility Maintenance\"", \""defining_skills\"": [\""maintenance\"", \""admin\"", \""facilities\""], \""defining_responsibility_signals\"": [\""routine inspections\"", \""inventory management\""] , \""confidence\"": \""high\""}""}]",19
454,29,junior,moderate_entry_barrier,Tele Float Pharmacy Technician,"['pharmacy', 'float', 'technician']","['nights', 'san diego']",high,1.0,1.0,0.333,0.778,3,"san, diego, per, diem, bonus, eligible, nights, tech, jolla, float, pharmacy, technician","[{""community_id"": 454, ""dominant_experience_level"": ""junior"", ""entry_accessibility"": ""moderate_entry_barrier"", ""community_label"": ""Tele Float Pharmacy Technician"", ""defining_skills"": [""float"", ""pharmacy"", ""technician""], ""defining_responsibility_signals"": [""nights"", ""san diego""], ""confidence"": ""high"", ""rep_rank"": 1, ""attempt"": 1, ""raw_output"": ""{\""community_id\"": 454, \""dominant_experience_level\"": \""junior\"", \""entry_accessibility\"": \""moderate_entry_barrier\"", \""community_label\"": \""Tele Float Pharmacy Technician\"", \""defining_skills\"": [\""float\"", \""pharmacy\"", \""technician\""], \""defining_responsibility_signals\"": [\""nights\"", \""san diego\""] , \""confidence\"": \""high\""}""}, {""community_id"": 454, ""dominant_experience_level"": ""junior"", ""entry_accessibility"": ""moderate_entry_barrier"", ""community_label"": ""Pharmacy Technician - Nights"", ""defining_skills"": [""pharmacy"", ""technician"", ""nights""], ""defining_responsibility_signals"": [""patient-centered healthcare"", ""passionate caregivers""], ""confidence"": ""high"", ""rep_rank"": 2, ""attempt"": 1, ""raw_output"": ""{\""community_id\"": 454, \""dominant_experience_level\"": \""junior\"", \""entry_accessibility\"": \""moderate_entry_barrier\"", \""community_label\"": \""Pharmacy Technician - Nights\"", \""defining_skills\"": [\""pharmacy\"", \""technician\"", \""nights\""], \""defining_responsibility_signals\"": [\""patient-centered healthcare\"", \""passionate caregivers\""] , \""confidence\"": \""high\""}""}, {""community_id"": 454, ""dominant_experience_level"": ""junior"", ""entry_accessibility"": ""moderate_entry_barrier"", ""community_label"": ""Pharmacy Technician - Per Diem Float Pool"", ""defining_skills"": [""pharmacy"", ""float"", ""tech""], ""defining_responsibility_signals"": [""variable_shifts"", ""site_floating""], ""confidence"": ""high"", ""rep_rank"": 3, ""attempt"": 1, ""raw_output"": ""{\""community_id\"": 454, \""dominant_experience_level\"": \""junior\"", \""entry_accessibility\"": \""moderate_entry_barrier\"", \""community_label\"": \""Pharmacy Technician - Per Diem Float Pool\"", \""defining_skills\"": [\""pharmacy\"", \""float\"", \""tech\""], \""defining_responsibility_signals\"": [\""variable_shifts\"", \""site_floating\""] , \""confidence\"": \""high\""}""}]",19
455,28,mid,moderate_entry_barrier,Retail Management,"['sales', 'operations', 'assistant']","['leadership', 'team_management']",high,1.0,1.0,1.0,1.0,3,"manager, sales, lead, assistant, operations, analyst, tanger, sunglass, hut, bbw, key, holder","[{""community_id"": 455, ""dominant_experience_level"": ""mid"", ""entry_accessibility"": ""moderate_entry_barrier"", ""community_label"": ""Retail Management"", ""defining_skills"": [""sales"", ""operations"", ""assistant""], ""defining_responsibility_signals"": [""leadership"", ""team_management""], ""confidence"": ""high"", ""rep_rank"": 1, ""attempt"": 1, ""raw_output"": ""{\""community_id\"": 455, \""dominant_experience_level\"": \""mid\"", \""entry_accessibility\"": \""moderate_entry_barrier\"", \""community_label\"": \""Retail Management\"", \""defining_skills\"": [\""sales\"", \""operations\"", \""assistant\""], \""defining_responsibility_signals\"": [\""leadership\"", \""team_management\""] , \""confidence\"": \""high\""}""}, {""community_id"": 455, ""dominant_experience_level"": ""mid"", ""entry_accessibility"": ""moderate_entry_barrier"", ""community_label"": ""Retail Management"", ""defining_skills"": [""sales"", ""operations"", ""assistant""], ""defining_responsibility_signals"": [""leadership"", ""team_management""], ""confidence"": ""high"", ""rep_rank"": 2, ""attempt"": 1, ""raw_output"": ""{\""community_id\"": 455, \""dominant_experience_level\"": \""mid\"", \""entry_accessibility\"": \""moderate_entry_barrier\"", \""community_label\"": \""Retail Management\"", \""defining_skills\"": [\""sales\"", \""operations\"", \""assistant\""], \""defining_responsibility_signals\"": [\""leadership\"", \""team_management\""] , \""confidence\"": \""high\""}""}, {""community_id"": 455, ""dominant_experience_level"": ""mid"", ""entry_accessibility"": ""moderate_entry_barrier"", ""community_label"": ""Retail Management"", ""defining_skills"": [""sales"", ""operations"", ""assistant""], ""defining_responsibility_signals"": [""leadership"", ""team_management""], ""confidence"": ""high"", ""rep_rank"": 3, ""attempt"": 1, ""raw_output"": ""{\""community_id\"": 455, \""dominant_experience_level\"": \""mid\"", \""entry_accessibility\"": \""moderate_entry_barrier\"", \""community_label\"": \""Retail Management\"", \""defining_skills\"": [\""sales\"", \""operations\"", \""assistant\""], \""defining_responsibility_signals\"": [\""leadership\"", \""team_management\""] , \""confidence\"": \""high\""}""}]",19
456,28,junior,moderate_entry_barrier,Emergency Medical Technician,"['Emergency Care', 'Medical Equipment Operation', 'medical care']","['Provide immediate care to patients', 'provide nursing care']",high,1.0,1.0,0.667,0.889,3,"emergency, technician, care, department, nurse, medical, ukhc, nursing, room, patient, registered, prn","[{""community_id"": 456, ""dominant_experience_level"": ""junior"", ""entry_accessibility"": ""moderate_entry_barrier"", ""community_label"": ""Emergency Room Nursing Care Technician"", ""defining_skills"": [""medical care"", ""patient support"", ""emergency services""], ""defining_responsibility_signals"": [""provide nursing care"", ""assist registered nurses""], ""confidence"": ""high"", ""rep_rank"": 1, ""attempt"": 1, ""raw_output"": ""{\""community_id\"": 456, \""dominant_experience_level\"": \""junior\"", \""entry_accessibility\"": \""moderate_entry_barrier\"", \""community_label\"": \""Emergency Room Nursing Care Technician\"", \""defining_skills\"": [\""medical care\"", \""patient support\"", \""emergency services\""], \""defining_responsibility_signals\"": [\""provide nursing care\"", \""assist registered nurses\""] , \""confidence\"": \""high\""}""}, {""community_id"": 456, ""dominant_experience_level"": ""junior"", ""entry_accessibility"": ""moderate_entry_barrier"", ""community_label"": ""Emergency Medical Technician"", ""defining_skills"": [""Emergency Care"", ""Patient Assessment"", ""Medical Equipment Operation""], ""defining_responsibility_signals"": [""Provide immediate care to patients"", ""Collaborate with medical team""], ""confidence"": ""high"", ""rep_rank"": 2, ""attempt"": 1, ""raw_output"": ""{\""community_id\"": 456, \""dominant_experience_level\"": \""junior\"", \""entry_accessibility\"": \""moderate_entry_barrier\"", \""community_label\"": \""Emergency Medical Technician\"", \""defining_skills\"": [\""Emergency Care\"", \""Patient Assessment\"", \""Medical Equipment Operation\""], \""defining_responsibility_signals\"": [\""Provide immediate care to patients\"", \""Collaborate with medical team\""] , \""confidence\"": \""high\""}""}, {""community_id"": 456, ""dominant_experience_level"": ""junior"", ""entry_accessibility"": ""moderate_entry_barrier"", ""community_label"": ""Emergency Medical Technician"", ""defining_skills"": [""Emergency Care"", ""Patient Monitoring"", ""Medical Equipment Operation""], ""defining_responsibility_signals"": [""Provide immediate care to patients"", ""Assist nurses and doctors in medical procedures""], ""confidence"": ""high"", ""rep_rank"": 3, ""attempt"": 1, ""raw_output"": ""{\""community_id\"": 456, \""dominant_experience_level\"": \""junior\"", \""entry_accessibility\"": \""moderate_entry_barrier\"", \""community_label\"": \""Emergency Medical Technician\"", \""defining_skills\"": [\""Emergency Care\"", \""Patient Monitoring\"", \""Medical Equipment Operation\""], \""defining_responsibility_signals\"": [\""Provide immediate care to patients\"", \""Assist nurses and doctors in medical procedures\""] , \""confidence\"": \""high\""}""}]",19
457,28,junior,moderate_entry_barrier,Medical Assistant,"['patient care', 'medical clinic', 'shift work']","['certification required', 'part-time work']",high,1.0,1.0,0.667,0.889,3,"patient, care, assistant, medical, day, shift, clinic, access, rep, days, mercy, main","[{""community_id"": 457, ""dominant_experience_level"": ""junior"", ""entry_accessibility"": ""moderate_entry_barrier"", ""community_label"": ""Medical Assistant"", ""defining_skills"": [""patient care"", ""medical clinic"", ""shift work""], ""defining_responsibility_signals"": [""certification required"", ""part-time work""], ""confidence"": ""high"", ""rep_rank"": 1, ""attempt"": 1, ""raw_output"": ""{\""community_id\"": 457, \""dominant_experience_level\"": \""junior\"", \""entry_accessibility\"": \""moderate_entry_barrier\"", \""community_label\"": \""Medical Assistant\"", \""defining_skills\"": [\""patient care\"", \""medical clinic\"", \""shift work\""], \""defining_responsibility_signals\"": [\""certification required\"", \""part-time work\""] , \""confidence\"": \""high\""}""}, {""community_id"": 457, ""dominant_experience_level"": ""junior"", ""entry_accessibility"": ""moderate_entry_barrier"", ""community_label"": ""Medical Assistant"", ""defining_skills"": [""patient care"", ""medical clinic"", ""shift work""], ""defining_responsibility_signals"": [""certification required"", ""bachelor degree not required""], ""confidence"": ""high"", ""rep_rank"": 2, ""attempt"": 1, ""raw_output"": ""{\""community_id\"": 457, \""dominant_experience_level\"": \""junior\"", \""entry_accessibility\"": \""moderate_entry_barrier\"", \""community_label\"": \""Medical Assistant\"", \""defining_skills\"": [\""patient care\"", \""medical clinic\"", \""shift work\""], \""defining_responsibility_signals\"": [\""certification required\"", \""bachelor degree not required\""] , \""confidence\"": \""high\""}""}, {""community_id"": 457, ""dominant_experience_level"": ""junior"", ""entry_accessibility"": ""moderate_entry_barrier"", ""community_label"": ""Medical Patient Care"", ""defining_skills"": [""Patient Care"", ""Medical Access"", ""Clinic Operations""], ""defining_responsibility_signals"": [""Front Desk"", ""Full Time""], ""confidence"": ""high"", ""rep_rank"": 3, ""attempt"": 1, ""raw_output"": ""{\""community_id\"": 457, \""dominant_experience_level\"": \""junior\"", \""entry_accessibility\"": \""moderate_entry_barrier\"", \""community_label\"": \""Medical Patient Care\"", \""defining_skills\"": [\""Patient Care\"", \""Medical Access\"", \""Clinic Operations\""], \""defining_responsibility_signals\"": [\""Front Desk\"", \""Full Time\""] , \""confidence\"": \""high\""}""}]",19
458,28,mid,moderate_entry_barrier,Patient Care Management,"['patient care', 'case management', 'team leadership']","['communication', 'care coordination']",high,1.0,1.0,0.667,0.889,3,"manager, patient, case, representative, nurse, care, hospital, access, service, management, director, coordinator","[{""community_id"": 458, ""dominant_experience_level"": ""mid"", ""entry_accessibility"": ""moderate_entry_barrier"", ""community_label"": ""Hospital Case Manager"", ""defining_skills"": [""patient care"", ""case management"", ""hospital services""], ""defining_responsibility_signals"": [""patient engagement"", ""care transition""], ""confidence"": ""high"", ""rep_rank"": 1, ""attempt"": 1, ""raw_output"": ""{\""community_id\"": 458, \""dominant_experience_level\"": \""mid\"", \""entry_accessibility\"": \""moderate_entry_barrier\"", \""community_label\"": \""Hospital Case Manager\"", \""defining_skills\"": [\""patient care\"", \""case management\"", \""hospital services\""], \""defining_responsibility_signals\"": [\""patient engagement\"", \""care transition\""] , \""confidence\"": \""high\""}""}, {""community_id"": 458, ""dominant_experience_level"": ""mid"", ""entry_accessibility"": ""moderate_entry_barrier"", ""community_label"": ""Patient Care Management"", ""defining_skills"": [""case management"", ""patient care"", ""team leadership""], ""defining_responsibility_signals"": [""communication"", ""care coordination""], ""confidence"": ""high"", ""rep_rank"": 2, ""attempt"": 1, ""raw_output"": ""{\""community_id\"": 458, \""dominant_experience_level\"": \""mid\"", \""entry_accessibility\"": \""moderate_entry_barrier\"", \""community_label\"": \""Patient Care Management\"", \""defining_skills\"": [\""case management\"", \""patient care\"", \""team leadership\""], \""defining_responsibility_signals\"": [\""communication\"", \""care coordination\""] , \""confidence\"": \""high\""}""}, {""community_id"": 458, ""dominant_experience_level"": ""mid"", ""entry_accessibility"": ""moderate_entry_barrier"", ""community_label"": ""Patient Care Management"", ""defining_skills"": [""case management"", ""patient care"", ""team leadership""], ""defining_responsibility_signals"": [""communication"", ""care coordination""], ""confidence"": ""high"", ""rep_rank"": 3, ""attempt"": 1, ""raw_output"": ""{\""community_id\"": 458, \""dominant_experience_level\"": \""mid\"", \""entry_accessibility\"": \""moderate_entry_barrier\"", \""community_label\"": \""Patient Care Management\"", \""defining_skills\"": [\""case management\"", \""patient care\"", \""team leadership\""], \""defining_responsibility_signals\"": [\""communication\"", \""care coordination\""] , \""confidence\"": \""high\""}""}]",19
459,28,mid,moderate_entry_barrier,Facilities Maintenance Manager,"['maintenance management', 'equipment maintenance', 'scheduling repairs']","['oversee facility maintenance', 'manage equipment repairs and installations']",high,1.0,1.0,0.333,0.778,3,"maintenance, supervisor, manager, technical, production, superintendent, plant, utilities, shift, technician, assistant, lead","[{""community_id"": 459, ""dominant_experience_level"": ""mid"", ""entry_accessibility"": ""moderate_entry_barrier"", ""community_label"": ""Facilities Maintenance Manager"", ""defining_skills"": [""maintenance management"", ""equipment maintenance"", ""scheduling repairs""], ""defining_responsibility_signals"": [""oversee facility maintenance"", ""manage equipment repairs and installations""], ""confidence"": ""high"", ""rep_rank"": 1, ""attempt"": 1, ""raw_output"": ""{\""community_id\"": 459, \""dominant_experience_level\"": \""mid\"", \""entry_accessibility\"": \""moderate_entry_barrier\"", \""community_label\"": \""Facilities Maintenance Manager\"", \""defining_skills\"": [\""maintenance management\"", \""equipment maintenance\"", \""scheduling repairs\""], \""defining_responsibility_signals\"": [\""oversee facility maintenance\"", \""manage equipment repairs and installations\""] , \""confidence\"": \""high\""}""}, {""community_id"": 459, ""dominant_experience_level"": ""mid"", ""entry_accessibility"": ""moderate_entry_barrier"", ""community_label"": ""Production Supervisor"", ""defining_skills"": [""maintenance"", ""technical"", ""production""], ""defining_responsibility_signals"": [""supervisor"", ""manager""], ""confidence"": ""high"", ""rep_rank"": 2, ""attempt"": 1, ""raw_output"": ""{\""community_id\"": 459, \""dominant_experience_level\"": \""mid\"", \""entry_accessibility\"": \""moderate_entry_barrier\"", \""community_label\"": \""Production Supervisor\"", \""defining_skills\"": [\""maintenance\"", \""technical\"", \""production\""], \""defining_responsibility_signals\"": [\""supervisor\"", \""manager\""] , \""confidence\"": \""high\""}""}, {""community_id"": 459, ""dominant_experience_level"": ""mid"", ""entry_accessibility"": ""moderate_entry_barrier"", ""community_label"": ""Electrical Maintenance Management"", ""defining_skills"": [""electrical maintenance"", ""leadership"", ""technical supervision""], ""defining_responsibility_signals"": [""production management"", ""safety compliance""], ""confidence"": ""high"", ""rep_rank"": 3, ""attempt"": 1, ""raw_output"": ""{\""community_id\"": 459, \""dominant_experience_level\"": \""mid\"", \""entry_accessibility\"": \""moderate_entry_barrier\"", \""community_label\"": \""Electrical Maintenance Management\"", \""defining_skills\"": [\""electrical maintenance\"", \""leadership\"", \""technical supervision\""], \""defining_responsibility_signals\"": [\""production management\"", \""safety compliance\""] , \""confidence\"": \""high\""}""}]",19
460,28,mid,moderate_entry_barrier,Peritoneal Dialysis Nurses,"['dialysis', 'nursing', 'patient_care']","['independent_case_management', 'accountability']",high,1.0,1.0,0.333,0.778,3,"nurse, registered, dialysis, acute, licensed, practical, days, ltach, experienced, sugarland, professional, katy","[{""community_id"": 460, ""dominant_experience_level"": ""mid"", ""entry_accessibility"": ""moderate_entry_barrier"", ""community_label"": ""Peritoneal Dialysis Nurses"", ""defining_skills"": [""nursing"", ""dialysis"", ""patient_care""], ""defining_responsibility_signals"": [""independent_case_management"", ""accountability""], ""confidence"": ""high"", ""rep_rank"": 1, ""attempt"": 1, ""raw_output"": ""{\""community_id\"": 460, \""dominant_experience_level\"": \""mid\"", \""entry_accessibility\"": \""moderate_entry_barrier\"", \""community_label\"": \""Peritoneal Dialysis Nurses\"", \""defining_skills\"": [\""nursing\"", \""dialysis\"", \""patient_care\""], \""defining_responsibility_signals\"": [\""independent_case_management\"", \""accountability\""] , \""confidence\"": \""high\""}""}, {""community_id"": 460, ""dominant_experience_level"": ""mid"", ""entry_accessibility"": ""moderate_entry_barrier"", ""community_label"": ""Peritoneal Dialysis Registered Nurse"", ""defining_skills"": [""nursing"", ""dialysis"", ""patient_care""], ""defining_responsibility_signals"": [""independent_case_management"", ""accountability""], ""confidence"": ""high"", ""rep_rank"": 2, ""attempt"": 1, ""raw_output"": ""{\""community_id\"": 460, \""dominant_experience_level\"": \""mid\"", \""entry_accessibility\"": \""moderate_entry_barrier\"", \""community_label\"": \""Peritoneal Dialysis Registered Nurse\"", \""defining_skills\"": [\""nursing\"", \""dialysis\"", \""patient_care\""], \""defining_responsibility_signals\"": [\""independent_case_management\"", \""accountability\""] , \""confidence\"": \""high\""}""}, {""community_id"": 460, ""dominant_experience_level"": ""mid"", ""entry_accessibility"": ""moderate_entry_barrier"", ""community_label"": ""Acute Care Dialysis Nurses"", ""defining_skills"": [""dialysis"", ""acute care"", ""licensed practical nurse""], ""defining_responsibility_signals"": [""leadership"", ""certification""], ""confidence"": ""high"", ""rep_rank"": 3, ""attempt"": 1, ""raw_output"": ""{\""community_id\"": 460, \""dominant_experience_level\"": \""mid\"", \""entry_accessibility\"": \""moderate_entry_barrier\"", \""community_label\"": \""Acute Care Dialysis Nurses\"", \""defining_skills\"": [\""dialysis\"", \""acute care\"", \""licensed practical nurse\""], \""defining_responsibility_signals\"": [\""leadership\"", \""certification\""] , \""confidence\"": \""high\""}""}]",19
461,28,junior,moderate_entry_barrier,Warehouse Operations,"['Forklift Operation', 'Material Handling', 'Warehouse Navigation']","['Move Materials', 'Work at Heights']",high,1.0,1.0,1.0,1.0,3,"forklift, operator, shift, 2nd, driver, worker, warehouse, lift, thomasville, equipment, 1st, loader","[{""community_id"": 461, ""dominant_experience_level"": ""junior"", ""entry_accessibility"": ""moderate_entry_barrier"", ""community_label"": ""Warehouse Operations"", ""defining_skills"": [""forklift operation"", ""warehouse navigation"", ""material handling""], ""defining_responsibility_signals"": [""move materials"", ""place product in designated areas""], ""confidence"": ""high"", ""rep_rank"": 1, ""attempt"": 1, ""raw_output"": ""{\""community_id\"": 461, \""dominant_experience_level\"": \""junior\"", \""entry_accessibility\"": \""moderate_entry_barrier\"", \""community_label\"": \""Warehouse Operations\"", \""defining_skills\"": [\""forklift operation\"", \""warehouse navigation\"", \""material handling\""], \""defining_responsibility_signals\"": [\""move materials\"", \""place product in designated areas\""] , \""confidence\"": \""high\""}""}, {""community_id"": 461, ""dominant_experience_level"": ""junior"", ""entry_accessibility"": ""moderate_entry_barrier"", ""community_label"": ""Warehouse Operations"", ""defining_skills"": [""Forklift Operation"", ""Material Handling"", ""Warehouse Navigation""], ""defining_responsibility_signals"": [""Move Materials"", ""Work at Heights""], ""confidence"": ""high"", ""rep_rank"": 2, ""attempt"": 1, ""raw_output"": ""{\""community_id\"": 461, \""dominant_experience_level\"": \""junior\"", \""entry_accessibility\"": \""moderate_entry_barrier\"", \""community_label\"": \""Warehouse Operations\"", \""defining_skills\"": [\""Forklift Operation\"", \""Material Handling\"", \""Warehouse Navigation\""], \""defining_responsibility_signals\"": [\""Move Materials\"", \""Work at Heights\""] , \""confidence\"": \""high\""}""}, {""community_id"": 461, ""dominant_experience_level"": ""junior"", ""entry_accessibility"": ""moderate_entry_barrier"", ""community_label"": ""Warehouse Operations"", ""defining_skills"": [""Forklift Operation"", ""Material Handling"", ""Warehouse Navigation""], ""defining_responsibility_signals"": [""Move Materials"", ""Work at Heights""], ""confidence"": ""high"", ""rep_rank"": 3, ""attempt"": 1, ""raw_output"": ""{\""community_id\"": 461, \""dominant_experience_level\"": \""junior\"", \""entry_accessibility\"": \""moderate_entry_barrier\"", \""community_label\"": \""Warehouse Operations\"", \""defining_skills\"": [\""Forklift Operation\"", \""Material Handling\"", \""Warehouse Navigation\""], \""defining_responsibility_signals\"": [\""Move Materials\"", \""Work at Heights\""] , \""confidence\"": \""high\""}""}]",19
462,28,junior,moderate_entry_barrier,Emergency Medicine Locums,"['medical', 'surgical', 'technician']","['certification_required', 'leadership_not_required']",high,1.0,1.0,0.667,0.889,3,"technologist, locums, medicine, physician, surgical, medical, emergency, technician, hca, houston, healthcare, center","[{""community_id"": 462, ""dominant_experience_level"": ""junior"", ""entry_accessibility"": ""moderate_entry_barrier"", ""community_label"": ""Emergency Medicine Locums"", ""defining_skills"": [""medical"", ""surgical"", ""technician""], ""defining_responsibility_signals"": [""certification_required"", ""leadership_not_required""], ""confidence"": ""high"", ""rep_rank"": 1, ""attempt"": 1, ""raw_output"": ""{\""community_id\"": 462, \""dominant_experience_level\"": \""junior\"", \""entry_accessibility\"": \""moderate_entry_barrier\"", \""community_label\"": \""Emergency Medicine Locums\"", \""defining_skills\"": [\""medical\"", \""surgical\"", \""technician\""], \""defining_responsibility_signals\"": [\""certification_required\"", \""leadership_not_required\""] , \""confidence\"": \""high\""}""}, {""community_id"": 462, ""dominant_experience_level"": ""junior"", ""entry_accessibility"": ""moderate_entry_barrier"", ""community_label"": ""Emergency Medicine Locums"", ""defining_skills"": [""Emergency Medicine"", ""Locums"", ""Physician""], ""defining_responsibility_signals"": [""Certification Required"", ""Hospital-Based""], ""confidence"": ""high"", ""rep_rank"": 2, ""attempt"": 1, ""raw_output"": ""{\""community_id\"": 462, \""dominant_experience_level\"": \""junior\"", \""entry_accessibility\"": \""moderate_entry_barrier\"", \""community_label\"": \""Emergency Medicine Locums\"", \""defining_skills\"": [\""Emergency Medicine\"", \""Locums\"", \""Physician\""], \""defining_responsibility_signals\"": [\""Certification Required\"", \""Hospital-Based\""] , \""confidence\"": \""high\""}""}, {""community_id"": 462, ""dominant_experience_level"": ""junior"", ""entry_accessibility"": ""moderate_entry_barrier"", ""community_label"": ""Medical Technicians & Physicians"", ""defining_skills"": [""medical_knowledge"", ""technical_skills"", ""certification""], ""defining_responsibility_signals"": [""patient_care"", ""surgical_procedures""], ""confidence"": ""high"", ""rep_rank"": 3, ""attempt"": 1, ""raw_output"": ""{\""community_id\"": 462, \""dominant_experience_level\"": \""junior\"", \""entry_accessibility\"": \""moderate_entry_barrier\"", \""community_label\"": \""Medical Technicians & Physicians\"", \""defining_skills\"": [\""medical_knowledge\"", \""technical_skills\"", \""certification\""], \""defining_responsibility_signals\"": [\""patient_care\"", \""surgical_procedures\""] , \""confidence\"": \""high\""}""}]",19
463,28,mid,moderate_entry_barrier,Customer Success,"['customer service', 'global operations', 'enterprise software']","['leadership', 'program management']",high,1.0,1.0,0.667,0.889,3,"customer, manager, success, service, enterprise, specialist, operations, lead, global, s2p, program, returns","[{""community_id"": 463, ""dominant_experience_level"": ""mid"", ""entry_accessibility"": ""moderate_entry_barrier"", ""community_label"": ""Customer Success"", ""defining_skills"": [""customer service"", ""global operations"", ""enterprise software""], ""defining_responsibility_signals"": [""leadership"", ""program management""], ""confidence"": ""high"", ""rep_rank"": 1, ""attempt"": 1, ""raw_output"": ""{\""community_id\"": 463, \""dominant_experience_level\"": \""mid\"", \""entry_accessibility\"": \""moderate_entry_barrier\"", \""community_label\"": \""Customer Success\"", \""defining_skills\"": [\""customer service\"", \""global operations\"", \""enterprise software\""], \""defining_responsibility_signals\"": [\""leadership\"", \""program management\""] , \""confidence\"": \""high\""}""}, {""community_id"": 463, ""dominant_experience_level"": ""mid"", ""entry_accessibility"": ""moderate_entry_barrier"", ""community_label"": ""Customer Success"", ""defining_skills"": [""customer service"", ""global operations"", ""enterprise software""], ""defining_responsibility_signals"": [""leadership"", ""program management""], ""confidence"": ""high"", ""rep_rank"": 2, ""attempt"": 1, ""raw_output"": ""{\""community_id\"": 463, \""dominant_experience_level\"": \""mid\"", \""entry_accessibility\"": \""moderate_entry_barrier\"", \""community_label\"": \""Customer Success\"", \""defining_skills\"": [\""customer service\"", \""global operations\"", \""enterprise software\""], \""defining_responsibility_signals\"": [\""leadership\"", \""program management\""] , \""confidence\"": \""high\""}""}, {""community_id"": 463, ""dominant_experience_level"": ""mid"", ""entry_accessibility"": ""moderate_entry_barrier"", ""community_label"": ""Customer Success Specialist"", ""defining_skills"": [""customer service"", ""program management"", ""global operations""], ""defining_responsibility_signals"": [""leadership"", ""complex project implementation""], ""confidence"": ""high"", ""rep_rank"": 3, ""attempt"": 1, ""raw_output"": ""{\""community_id\"": 463, \""dominant_experience_level\"": \""mid\"", \""entry_accessibility\"": \""moderate_entry_barrier\"", \""community_label\"": \""Customer Success Specialist\"", \""defining_skills\"": [\""customer service\"", \""program management\"", \""global operations\""], \""defining_responsibility_signals\"": [\""leadership\"", \""complex project implementation\""] , \""confidence\"": \""high\""}""}]",19
464,28,mid,moderate_entry_barrier,Senior HR Generalists,"['recruiting', 'talent acquisition', 'HR generalist']","['leadership', 'strategic planning']",high,0.667,1.0,0.333,0.667,3,"generalist, human, resources, senior, partner, talent, business, acquisition, coordinator, payroll, chief, people","[{""community_id"": 464, ""dominant_experience_level"": ""senior"", ""entry_accessibility"": ""moderate_entry_barrier"", ""community_label"": ""Senior HR Generalists"", ""defining_skills"": [""recruiting"", ""talent acquisition"", ""HR generalist""], ""defining_responsibility_signals"": [""leadership"", ""strategic planning""], ""confidence"": ""high"", ""rep_rank"": 1, ""attempt"": 1, ""raw_output"": ""{\""community_id\"": 464, \""dominant_experience_level\"": \""senior\"", \""entry_accessibility\"": \""moderate_entry_barrier\"", \""community_label\"": \""Senior HR Generalists\"", \""defining_skills\"": [\""recruiting\"", \""talent acquisition\"", \""HR generalist\""], \""defining_responsibility_signals\"": [\""leadership\"", \""strategic planning\""] , \""confidence\"": \""high\""}""}, {""community_id"": 464, ""dominant_experience_level"": ""mid"", ""entry_accessibility"": ""moderate_entry_barrier"", ""community_label"": ""HR Generalist"", ""defining_skills"": [""Talent Acquisition"", ""HR Operations"", ""Strategic HR""], ""defining_responsibility_signals"": [""Drive Talent Acquisition"", ""Collaborate with Leadership""], ""confidence"": ""high"", ""rep_rank"": 2, ""attempt"": 1, ""raw_output"": ""{\""community_id\"": 464, \""dominant_experience_level\"": \""mid\"", \""entry_accessibility\"": \""moderate_entry_barrier\"", \""community_label\"": \""HR Generalist\"", \""defining_skills\"": [\""Talent Acquisition\"", \""HR Operations\"", \""Strategic HR\""], \""defining_responsibility_signals\"": [\""Drive Talent Acquisition\"", \""Collaborate with Leadership\""] , \""confidence\"": \""high\""}""}, {""community_id"": 464, ""dominant_experience_level"": ""mid"", ""entry_accessibility"": ""moderate_entry_barrier"", ""community_label"": ""Senior HR Business Partner"", ""defining_skills"": [""people_management"", ""strategy_development"", ""employee_engagement""], ""defining_responsibility_signals"": [""leadership"", ""policy_development""], ""confidence"": ""high"", ""rep_rank"": 3, ""attempt"": 1, ""raw_output"": ""{\""community_id\"": 464, \""dominant_experience_level\"": \""mid\"", \""entry_accessibility\"": \""moderate_entry_barrier\"", \""community_label\"": \""Senior HR Business Partner\"", \""defining_skills\"": [\""people_management\"", \""strategy_development\"", \""employee_engagement\""], \""defining_responsibility_signals\"": [\""leadership\"", \""policy_development\""] , \""confidence\"": \""high\""}""}]",19
465,28,junior,moderate_entry_barrier,Truck Driver,"['Delivery', 'CDL', 'Residential']","['Local Delivery', 'Driving']",high,1.0,1.0,0.667,0.889,3,"driver, cdl, truck, delivery, pay, residential, manager, local, yard, spotter, dedicated, guaranteed","[{""community_id"": 465, ""dominant_experience_level"": ""junior"", ""entry_accessibility"": ""moderate_entry_barrier"", ""community_label"": ""Truck Driver"", ""defining_skills"": [""CDL"", ""Delivery"", ""Residential""], ""defining_responsibility_signals"": [""Driving"", ""Local Delivery""], ""confidence"": ""high"", ""rep_rank"": 1, ""attempt"": 1, ""raw_output"": ""{\""community_id\"": 465, \""dominant_experience_level\"": \""junior\"", \""entry_accessibility\"": \""moderate_entry_barrier\"", \""community_label\"": \""Truck Driver\"", \""defining_skills\"": [\""CDL\"", \""Delivery\"", \""Residential\""], \""defining_responsibility_signals\"": [\""Driving\"", \""Local Delivery\""] , \""confidence\"": \""high\""}""}, {""community_id"": 465, ""dominant_experience_level"": ""junior"", ""entry_accessibility"": ""moderate_entry_barrier"", ""community_label"": ""Dedicated Truck Driver"", ""defining_skills"": [""CDL-A"", ""Truck Driving"", ""Delivery""], ""defining_responsibility_signals"": [""Guaranteed Weekly Pay"", ""Local Driving with Home Time""], ""confidence"": ""high"", ""rep_rank"": 2, ""attempt"": 1, ""raw_output"": ""{\""community_id\"": 465, \""dominant_experience_level\"": \""junior\"", \""entry_accessibility\"": \""moderate_entry_barrier\"", \""community_label\"": \""Dedicated Truck Driver\"", \""defining_skills\"": [\""CDL-A\"", \""Truck Driving\"", \""Delivery\""], \""defining_responsibility_signals\"": [\""Guaranteed Weekly Pay\"", \""Local Driving with Home Time\""] , \""confidence\"": \""high\""}""}, {""community_id"": 465, ""dominant_experience_level"": ""junior"", ""entry_accessibility"": ""moderate_entry_barrier"", ""community_label"": ""Truck Driver"", ""defining_skills"": [""CDL"", ""Delivery"", ""Truck""], ""defining_responsibility_signals"": [""Local Delivery"", ""Yard Management""], ""confidence"": ""high"", ""rep_rank"": 3, ""attempt"": 1, ""raw_output"": ""{\""community_id\"": 465, \""dominant_experience_level\"": \""junior\"", \""entry_accessibility\"": \""moderate_entry_barrier\"", \""community_label\"": \""Truck Driver\"", \""defining_skills\"": [\""CDL\"", \""Delivery\"", \""Truck\""], \""defining_responsibility_signals\"": [\""Local Delivery\"", \""Yard Management\""] , \""confidence\"": \""high\""}""}]",19
466,28,mid,moderate_entry_barrier,Agile Scrum Master,"['Scrum', 'Agile', 'Project Management']","['Leadership', 'Liaison']",high,1.0,1.0,0.333,0.778,3,"manager, scrum, master, project, technical, technology, engineering, information, digital, product, senior, agile","[{""community_id"": 466, ""dominant_experience_level"": ""mid"", ""entry_accessibility"": ""moderate_entry_barrier"", ""community_label"": ""Agile Scrum Master"", ""defining_skills"": [""Scrum"", ""Agile"", ""Project Management""], ""defining_responsibility_signals"": [""Liaison"", ""Risk Mitigation""], ""confidence"": ""high"", ""rep_rank"": 1, ""attempt"": 1, ""raw_output"": ""{\""community_id\"": 466, \""dominant_experience_level\"": \""mid\"", \""entry_accessibility\"": \""moderate_entry_barrier\"", \""community_label\"": \""Agile Scrum Master\"", \""defining_skills\"": [\""Scrum\"", \""Agile\"", \""Project Management\""], \""defining_responsibility_signals\"": [\""Liaison\"", \""Risk Mitigation\""] , \""confidence\"": \""high\""}""}, {""community_id"": 466, ""dominant_experience_level"": ""mid"", ""entry_accessibility"": ""moderate_entry_barrier"", ""community_label"": ""Scrum Master"", ""defining_skills"": [""Scrum"", ""Agile"", ""Project Management""], ""defining_responsibility_signals"": [""Leadership"", ""Technical Expertise""], ""confidence"": ""high"", ""rep_rank"": 2, ""attempt"": 1, ""raw_output"": ""{\""community_id\"": 466, \""dominant_experience_level\"": \""mid\"", \""entry_accessibility\"": \""moderate_entry_barrier\"", \""community_label\"": \""Scrum Master\"", \""defining_skills\"": [\""Scrum\"", \""Agile\"", \""Project Management\""], \""defining_responsibility_signals\"": [\""Leadership\"", \""Technical Expertise\""] , \""confidence\"": \""high\""}""}, {""community_id"": 466, ""dominant_experience_level"": ""mid"", ""entry_accessibility"": ""moderate_entry_barrier"", ""community_label"": ""Senior Digital Product Manager"", ""defining_skills"": [""Scrum"", ""Agile"", ""Technical""], ""defining_responsibility_signals"": [""Leadership"", ""Global Team Management""], ""confidence"": ""high"", ""rep_rank"": 3, ""attempt"": 1, ""raw_output"": ""{\""community_id\"": 466, \""dominant_experience_level\"": \""mid\"", \""entry_accessibility\"": \""moderate_entry_barrier\"", \""community_label\"": \""Senior Digital Product Manager\"", \""defining_skills\"": [\""Scrum\"", \""Agile\"", \""Technical\""], \""defining_responsibility_signals\"": [\""Leadership\"", \""Global Team Management\""] , \""confidence\"": \""high\""}""}]",19
467,28,mid,moderate_entry_barrier,Tech Support Specialist,"['helpdesk', 'troubleshooting', 'customer_service']","['tier1_support', 'customer_assistance']",high,1.0,1.0,0.333,0.778,3,"support, specialist, desk, help, technical, technology, information, technician, tier, manager, mac, service","[{""community_id"": 467, ""dominant_experience_level"": ""mid"", ""entry_accessibility"": ""moderate_entry_barrier"", ""community_label"": ""Tech Support Specialist"", ""defining_skills"": [""helpdesk"", ""troubleshooting"", ""customer_service""], ""defining_responsibility_signals"": [""tier1_support"", ""customer_assistance""], ""confidence"": ""high"", ""rep_rank"": 1, ""attempt"": 1, ""raw_output"": ""{\""community_id\"": 467, \""dominant_experience_level\"": \""mid\"", \""entry_accessibility\"": \""moderate_entry_barrier\"", \""community_label\"": \""Tech Support Specialist\"", \""defining_skills\"": [\""helpdesk\"", \""troubleshooting\"", \""customer_service\""], \""defining_responsibility_signals\"": [\""tier1_support\"", \""customer_assistance\""] , \""confidence\"": \""high\""}""}, {""community_id"": 467, ""dominant_experience_level"": ""mid"", ""entry_accessibility"": ""moderate_entry_barrier"", ""community_label"": ""Technical Support Specialist"", ""defining_skills"": [""Support"", ""Technical"", ""Help Desk""], ""defining_responsibility_signals"": [""Information Technology"", ""Technician""], ""confidence"": ""high"", ""rep_rank"": 2, ""attempt"": 1, ""raw_output"": ""{\""community_id\"": 467, \""dominant_experience_level\"": \""mid\"", \""entry_accessibility\"": \""moderate_entry_barrier\"", \""community_label\"": \""Technical Support Specialist\"", \""defining_skills\"": [\""Support\"", \""Technical\"", \""Help Desk\""], \""defining_responsibility_signals\"": [\""Information Technology\"", \""Technician\""] , \""confidence\"": \""high\""}""}, {""community_id"": 467, ""dominant_experience_level"": ""mid"", ""entry_accessibility"": ""moderate_entry_barrier"", ""community_label"": ""IT Helpdesk & Support Specialist"", ""defining_skills"": [""helpdesk"", ""technical support"", ""IT service management""], ""defining_responsibility_signals"": [""manage helpdesk"", ""provide technical support""], ""confidence"": ""high"", ""rep_rank"": 3, ""attempt"": 1, ""raw_output"": ""{\""community_id\"": 467, \""dominant_experience_level\"": \""mid\"", \""entry_accessibility\"": \""moderate_entry_barrier\"", \""community_label\"": \""IT Helpdesk & Support Specialist\"", \""defining_skills\"": [\""helpdesk\"", \""technical support\"", \""IT service management\""], \""defining_responsibility_signals\"": [\""manage helpdesk\"", \""provide technical support\""] , \""confidence\"": \""high\""}""}]",19
468,28,junior,moderate_entry_barrier,Patient Access Specialist,"['patient access', 'medical service', 'business representative']","['leadership', 'certification']",high,1.0,1.0,0.333,0.778,3,"access, patient, medical, service, specialist, representative, manager, business, emergency, department, mount, sinai","[{""community_id"": 468, ""dominant_experience_level"": ""junior"", ""entry_accessibility"": ""moderate_entry_barrier"", ""community_label"": ""Patient Access Specialist"", ""defining_skills"": [""patient access"", ""medical service"", ""business representative""], ""defining_responsibility_signals"": [""leadership"", ""certification""], ""confidence"": ""high"", ""rep_rank"": 1, ""attempt"": 1, ""raw_output"": ""{\""community_id\"": 468, \""dominant_experience_level\"": \""junior\"", \""entry_accessibility\"": \""moderate_entry_barrier\"", \""community_label\"": \""Patient Access Specialist\"", \""defining_skills\"": [\""patient access\"", \""medical service\"", \""business representative\""], \""defining_responsibility_signals\"": [\""leadership\"", \""certification\""] , \""confidence\"": \""high\""}""}, {""community_id"": 468, ""dominant_experience_level"": ""junior"", ""entry_accessibility"": ""moderate_entry_barrier"", ""community_label"": ""Patient Access"", ""defining_skills"": [""patient service"", ""medical access"", ""business management""], ""defining_responsibility_signals"": [""representative"", ""manager""], ""confidence"": ""high"", ""rep_rank"": 2, ""attempt"": 1, ""raw_output"": ""{\""community_id\"": 468, \""dominant_experience_level\"": \""junior\"", \""entry_accessibility\"": \""moderate_entry_barrier\"", \""community_label\"": \""Patient Access\"", \""defining_skills\"": [\""patient service\"", \""medical access\"", \""business management\""], \""defining_responsibility_signals\"": [\""representative\"", \""manager\""] , \""confidence\"": \""high\""}""}, {""community_id"": 468, ""dominant_experience_level"": ""junior"", ""entry_accessibility"": ""moderate_entry_barrier"", ""community_label"": ""Medical Service Representative"", ""defining_skills"": [""patient_access"", ""medical_service_management"", ""emergency_department""], ""defining_responsibility_signals"": [""requires_certification"", ""requires_bachelor""], ""confidence"": ""high"", ""rep_rank"": 3, ""attempt"": 1, ""raw_output"": ""{\""community_id\"": 468, \""dominant_experience_level\"": \""junior\"", \""entry_accessibility\"": \""moderate_entry_barrier\"", \""community_label\"": \""Medical Service Representative\"", \""defining_skills\"": [\""patient_access\"", \""medical_service_management\"", \""emergency_department\""], \""defining_responsibility_signals\"": [\""requires_certification\"", \""requires_bachelor\""] , \""confidence\"": \""high\""}""}]",19
469,28,junior,moderate_entry_barrier,Manufacturing Technicians & Engineers,"['CNC', 'Injection Molding', 'Tooling']","['Shift Work', 'Machining']",high,1.0,1.0,0.333,0.778,3,"technician, shift, machinist, 2nd, millwright, tooling, engineer, maker, injection, molding, cnc, 3rd","[{""community_id"": 469, ""dominant_experience_level"": ""junior"", ""entry_accessibility"": ""moderate_entry_barrier"", ""community_label"": ""Manufacturing Technicians & Engineers"", ""defining_skills"": [""CNC"", ""Injection Molding"", ""Tooling""], ""defining_responsibility_signals"": [""Shift Work"", ""Machining""], ""confidence"": ""high"", ""rep_rank"": 1, ""attempt"": 1, ""raw_output"": ""{\""community_id\"": 469, \""dominant_experience_level\"": \""junior\"", \""entry_accessibility\"": \""moderate_entry_barrier\"", \""community_label\"": \""Manufacturing Technicians & Engineers\"", \""defining_skills\"": [\""CNC\"", \""Injection Molding\"", \""Tooling\""], \""defining_responsibility_signals\"": [\""Shift Work\"", \""Machining\""] , \""confidence\"": \""high\""}""}, {""community_id"": 469, ""dominant_experience_level"": ""junior"", ""entry_accessibility"": ""moderate_entry_barrier"", ""community_label"": ""Manufacturing Technicians"", ""defining_skills"": [""CNC"", ""Injection Molding"", ""Machining""], ""defining_responsibility_signals"": [""Shift Work"", ""Tooling""], ""confidence"": ""high"", ""rep_rank"": 2, ""attempt"": 1, ""raw_output"": ""{\""community_id\"": 469, \""dominant_experience_level\"": \""junior\"", \""entry_accessibility\"": \""moderate_entry_barrier\"", \""community_label\"": \""Manufacturing Technicians\"", \""defining_skills\"": [\""CNC\"", \""Injection Molding\"", \""Machining\""], \""defining_responsibility_signals\"": [\""Shift Work\"", \""Tooling\""] , \""confidence\"": \""high\""}""}, {""community_id"": 469, ""dominant_experience_level"": ""junior"", ""entry_accessibility"": ""moderate_entry_barrier"", ""community_label"": ""Manufacturing Machinists"", ""defining_skills"": [""CNC"", ""Injection Molding"", ""Tooling""], ""defining_responsibility_signals"": [""Shift Work"", ""Machinery Operation""], ""confidence"": ""high"", ""rep_rank"": 3, ""attempt"": 1, ""raw_output"": ""{\""community_id\"": 469, \""dominant_experience_level\"": \""junior\"", \""entry_accessibility\"": \""moderate_entry_barrier\"", \""community_label\"": \""Manufacturing Machinists\"", \""defining_skills\"": [\""CNC\"", \""Injection Molding\"", \""Tooling\""], \""defining_responsibility_signals\"": [\""Shift Work\"", \""Machinery Operation\""] , \""confidence\"": \""high\""}""}]",19
470,28,junior,moderate_entry_barrier,Food Service,"['food preparation', 'cooking', 'dietary planning']","['assist in meal preparation', 'maintain food quality']",high,1.0,1.0,0.333,0.778,3,"food, nutrition, dietary, cook, service, aide, dietitian, registered, assistant, specialist, diet, clinical","[{""community_id"": 470, ""dominant_experience_level"": ""junior"", ""entry_accessibility"": ""moderate_entry_barrier"", ""community_label"": ""Food Service"", ""defining_skills"": [""cooking"", ""food preparation"", ""dietary planning""], ""defining_responsibility_signals"": [""assist in meal preparation"", ""maintain food quality""], ""confidence"": ""high"", ""rep_rank"": 1, ""attempt"": 1, ""raw_output"": ""{\""community_id\"": 470, \""dominant_experience_level\"": \""junior\"", \""entry_accessibility\"": \""moderate_entry_barrier\"", \""community_label\"": \""Food Service\"", \""defining_skills\"": [\""cooking\"", \""food preparation\"", \""dietary planning\""], \""defining_responsibility_signals\"": [\""assist in meal preparation\"", \""maintain food quality\""] , \""confidence\"": \""high\""}""}, {""community_id"": 470, ""dominant_experience_level"": ""junior"", ""entry_accessibility"": ""moderate_entry_barrier"", ""community_label"": ""Dietary Assistant"", ""defining_skills"": [""food preparation"", ""nutrition knowledge"", ""patient care""], ""defining_responsibility_signals"": [""accurate timely information"", ""patient care""], ""confidence"": ""high"", ""rep_rank"": 2, ""attempt"": 1, ""raw_output"": ""{\""community_id\"": 470, \""dominant_experience_level\"": \""junior\"", \""entry_accessibility\"": \""moderate_entry_barrier\"", \""community_label\"": \""Dietary Assistant\"", \""defining_skills\"": [\""food preparation\"", \""nutrition knowledge\"", \""patient care\""], \""defining_responsibility_signals\"": [\""accurate timely information\"", \""patient care\""] , \""confidence\"": \""high\""}""}, {""community_id"": 470, ""dominant_experience_level"": ""junior"", ""entry_accessibility"": ""moderate_entry_barrier"", ""community_label"": ""Clinical Dietitian"", ""defining_skills"": [""nutrition"", ""dietary"", ""clinical""], ""defining_responsibility_signals"": [""patient_care"", ""education""], ""confidence"": ""high"", ""rep_rank"": 3, ""attempt"": 1, ""raw_output"": ""{\""community_id\"": 470, \""dominant_experience_level\"": \""junior\"", \""entry_accessibility\"": \""moderate_entry_barrier\"", \""community_label\"": \""Clinical Dietitian\"", \""defining_skills\"": [\""nutrition\"", \""dietary\"", \""clinical\""], \""defining_responsibility_signals\"": [\""patient_care\"", \""education\""] , \""confidence\"": \""high\""}""}]",19
471,28,junior,moderate_entry_barrier,Facility Cleaning,"['janitorial work', 'floor cleaning', 'housekeeping']","['daily cleaning', 'ensure cleanliness']",high,1.0,1.0,0.667,0.889,3,"supervisor, floor, tech, janitor, custodial, housekeeping, lead, worker, cleaner, service, manager, aide","[{""community_id"": 471, ""dominant_experience_level"": ""junior"", ""entry_accessibility"": ""moderate_entry_barrier"", ""community_label"": ""Custodial Supervisor"", ""defining_skills"": [""supervision"", ""janitorial work"", ""contract management""], ""defining_responsibility_signals"": [""directs janitorial crew"", ""ensures work is done on schedule and to contract""], ""confidence"": ""high"", ""rep_rank"": 1, ""attempt"": 1, ""raw_output"": ""{\""community_id\"": 471, \""dominant_experience_level\"": \""junior\"", \""entry_accessibility\"": \""moderate_entry_barrier\"", \""community_label\"": \""Custodial Supervisor\"", \""defining_skills\"": [\""supervision\"", \""janitorial work\"", \""contract management\""], \""defining_responsibility_signals\"": [\""directs janitorial crew\"", \""ensures work is done on schedule and to contract\""] , \""confidence\"": \""high\""}""}, {""community_id"": 471, ""dominant_experience_level"": ""junior"", ""entry_accessibility"": ""moderate_entry_barrier"", ""community_label"": ""Facility Cleaning"", ""defining_skills"": [""floor cleaning"", ""janitorial work"", ""housekeeping""], ""defining_responsibility_signals"": [""daily cleaning"", ""ensure cleanliness""], ""confidence"": ""high"", ""rep_rank"": 2, ""attempt"": 1, ""raw_output"": ""{\""community_id\"": 471, \""dominant_experience_level\"": \""junior\"", \""entry_accessibility\"": \""moderate_entry_barrier\"", \""community_label\"": \""Facility Cleaning\"", \""defining_skills\"": [\""floor cleaning\"", \""janitorial work\"", \""housekeeping\""], \""defining_responsibility_signals\"": [\""daily cleaning\"", \""ensure cleanliness\""] , \""confidence\"": \""high\""}""}, {""community_id"": 471, ""dominant_experience_level"": ""junior"", ""entry_accessibility"": ""moderate_entry_barrier"", ""community_label"": ""Facility Cleaning"", ""defining_skills"": [""floor cleaning"", ""janitorial work"", ""housekeeping""], ""defining_responsibility_signals"": [""daily cleaning"", ""ensure cleanliness""], ""confidence"": ""high"", ""rep_rank"": 3, ""attempt"": 1, ""raw_output"": ""{\""community_id\"": 471, \""dominant_experience_level\"": \""junior\"", \""entry_accessibility\"": \""moderate_entry_barrier\"", \""community_label\"": \""Facility Cleaning\"", \""defining_skills\"": [\""floor cleaning\"", \""janitorial work\"", \""housekeeping\""], \""defining_responsibility_signals\"": [\""daily cleaning\"", \""ensure cleanliness\""] , \""confidence\"": \""high\""}""}]",19
472,28,mid,moderate_entry_barrier,Process Engineer,"['API', 'CDMO', 'GMP']","['design', 'installation']",high,1.0,1.0,0.333,0.778,3,"engineer, process, senior, quality, development, manufacturing, operations, project, manager, mechanical, controls, api","[{""community_id"": 472, ""dominant_experience_level"": ""mid"", ""entry_accessibility"": ""moderate_entry_barrier"", ""community_label"": ""Process Engineer"", ""defining_skills"": [""API"", ""CDMO"", ""GMP""], ""defining_responsibility_signals"": [""design"", ""installation""], ""confidence"": ""high"", ""rep_rank"": 1, ""attempt"": 1, ""raw_output"": ""{\""community_id\"": 472, \""dominant_experience_level\"": \""mid\"", \""entry_accessibility\"": \""moderate_entry_barrier\"", \""community_label\"": \""Process Engineer\"", \""defining_skills\"": [\""API\"", \""CDMO\"", \""GMP\""], \""defining_responsibility_signals\"": [\""design\"", \""installation\""] , \""confidence\"": \""high\""}""}, {""community_id"": 472, ""dominant_experience_level"": ""mid"", ""entry_accessibility"": ""moderate_entry_barrier"", ""community_label"": ""Process Development Engineer"", ""defining_skills"": [""process development"", ""clinical candidate molecules"", ""upstream processes""], ""defining_responsibility_signals"": [""tech transfer"", ""staff support""], ""confidence"": ""high"", ""rep_rank"": 2, ""attempt"": 1, ""raw_output"": ""{\""community_id\"": 472, \""dominant_experience_level\"": \""mid\"", \""entry_accessibility\"": \""moderate_entry_barrier\"", \""community_label\"": \""Process Development Engineer\"", \""defining_skills\"": [\""process development\"", \""clinical candidate molecules\"", \""upstream processes\""], \""defining_responsibility_signals\"": [\""tech transfer\"", \""staff support\""] , \""confidence\"": \""high\""}""}, {""community_id"": 472, ""dominant_experience_level"": ""mid"", ""entry_accessibility"": ""moderate_entry_barrier"", ""community_label"": ""Senior Process & Technology Project Manager"", ""defining_skills"": [""biologics"", ""project management"", ""technology""], ""defining_responsibility_signals"": [""leadership"", ""innovation""], ""confidence"": ""high"", ""rep_rank"": 3, ""attempt"": 1, ""raw_output"": ""{\""community_id\"": 472, \""dominant_experience_level\"": \""mid\"", \""entry_accessibility\"": \""moderate_entry_barrier\"", \""community_label\"": \""Senior Process & Technology Project Manager\"", \""defining_skills\"": [\""biologics\"", \""project management\"", \""technology\""], \""defining_responsibility_signals\"": [\""leadership\"", \""innovation\""] , \""confidence\"": \""high\""}""}]",19
473,28,mid,moderate_entry_barrier,Corporate Legal,"['contract_review', 'negotiation', 'agreement_drafting']","['business_advisement', 'MA_work_assistance']",high,1.0,1.0,0.667,0.889,3,"litigation, attorney, corporate, counsel, senior, commercial, paralegal, legal, real, estate, 100, claims","[{""community_id"": 473, ""dominant_experience_level"": ""mid"", ""entry_accessibility"": ""moderate_entry_barrier"", ""community_label"": ""Corporate Legal"", ""defining_skills"": [""contract_review"", ""negotiation"", ""agreement_drafting""], ""defining_responsibility_signals"": [""business_advisement"", ""MA_work_assistance""], ""confidence"": ""high"", ""rep_rank"": 1, ""attempt"": 1, ""raw_output"": ""{\""community_id\"": 473, \""dominant_experience_level\"": \""mid\"", \""entry_accessibility\"": \""moderate_entry_barrier\"", \""community_label\"": \""Corporate Legal\"", \""defining_skills\"": [\""contract_review\"", \""negotiation\"", \""agreement_drafting\""], \""defining_responsibility_signals\"": [\""business_advisement\"", \""MA_work_assistance\""] , \""confidence\"": \""high\""}""}, {""community_id"": 473, ""dominant_experience_level"": ""mid"", ""entry_accessibility"": ""moderate_entry_barrier"", ""community_label"": ""Commercial Contracts Attorneys"", ""defining_skills"": [""contract negotiation"", ""vendor agreements"", ""technology contracts""], ""defining_responsibility_signals"": [""drafting"", ""reviewing""], ""confidence"": ""high"", ""rep_rank"": 2, ""attempt"": 1, ""raw_output"": ""{\""community_id\"": 473, \""dominant_experience_level\"": \""mid\"", \""entry_accessibility\"": \""moderate_entry_barrier\"", \""community_label\"": \""Commercial Contracts Attorneys\"", \""defining_skills\"": [\""contract negotiation\"", \""vendor agreements\"", \""technology contracts\""], \""defining_responsibility_signals\"": [\""drafting\"", \""reviewing\""] , \""confidence\"": \""high\""}""}, {""community_id"": 473, ""dominant_experience_level"": ""mid"", ""entry_accessibility"": ""moderate_entry_barrier"", ""community_label"": ""Corporate Legal"", ""defining_skills"": [""litigation"", ""corporate law"", ""commercial law""], ""defining_responsibility_signals"": [""support various teams"", ""work closely with general counsel""], ""confidence"": ""high"", ""rep_rank"": 3, ""attempt"": 1, ""raw_output"": ""{\""community_id\"": 473, \""dominant_experience_level\"": \""mid\"", \""entry_accessibility\"": \""moderate_entry_barrier\"", \""community_label\"": \""Corporate Legal\"", \""defining_skills\"": [\""litigation\"", \""corporate law\"", \""commercial law\""], \""defining_responsibility_signals\"": [\""support various teams\"", \""work closely with general counsel\""] , \""confidence\"": \""high\""}""}]",19
474,28,mid,moderate_entry_barrier,IAM Security,"['compliance', 'risk', 'governance']","['build', 'mature']",high,1.0,1.0,0.333,0.778,3,"compliance, analyst, security, risk, manager, iam, senior, identity, governance, engineer, access, information","[{""community_id"": 474, ""dominant_experience_level"": ""mid"", ""entry_accessibility"": ""moderate_entry_barrier"", ""community_label"": ""IAM Security"", ""defining_skills"": [""compliance"", ""risk"", ""governance""], ""defining_responsibility_signals"": [""build"", ""mature""], ""confidence"": ""high"", ""rep_rank"": 1, ""attempt"": 1, ""raw_output"": ""{\""community_id\"": 474, \""dominant_experience_level\"": \""mid\"", \""entry_accessibility\"": \""moderate_entry_barrier\"", \""community_label\"": \""IAM Security\"", \""defining_skills\"": [\""compliance\"", \""risk\"", \""governance\""], \""defining_responsibility_signals\"": [\""build\"", \""mature\""] , \""confidence\"": \""high\""}""}, {""community_id"": 474, ""dominant_experience_level"": ""mid"", ""entry_accessibility"": ""moderate_entry_barrier"", ""community_label"": ""IAM & InfoSec"", ""defining_skills"": [""compliance"", ""risk"", ""governance""], ""defining_responsibility_signals"": [""analyst"", ""manager""], ""confidence"": ""high"", ""rep_rank"": 2, ""attempt"": 1, ""raw_output"": ""{\""community_id\"": 474, \""dominant_experience_level\"": \""mid\"", \""entry_accessibility\"": \""moderate_entry_barrier\"", \""community_label\"": \""IAM & InfoSec\"", \""defining_skills\"": [\""compliance\"", \""risk\"", \""governance\""], \""defining_responsibility_signals\"": [\""analyst\"", \""manager\""] , \""confidence\"": \""high\""}""}, {""community_id"": 474, ""dominant_experience_level"": ""mid"", ""entry_accessibility"": ""moderate_entry_barrier"", ""community_label"": ""IAM & Security"", ""defining_skills"": [""IAM"", ""RBAC"", ""Identity Lifecycle Management""], ""defining_responsibility_signals"": [""User Provisioning"", ""Access Requests Management""], ""confidence"": ""high"", ""rep_rank"": 3, ""attempt"": 1, ""raw_output"": ""{\""community_id\"": 474, \""dominant_experience_level\"": \""mid\"", \""entry_accessibility\"": \""moderate_entry_barrier\"", \""community_label\"": \""IAM & Security\"", \""defining_skills\"": [\""IAM\"", \""RBAC\"", \""Identity Lifecycle Management\""], \""defining_responsibility_signals\"": [\""User Provisioning\"", \""Access Requests Management\""] , \""confidence\"": \""high\""}""}]",19
475,28,mid,moderate_entry_barrier,Wastewater Project Management,"['project management', 'water', 'wastewater']","['leadership', 'certification']",high,0.667,1.0,0.333,0.667,3,"water, wastewater, engineer, project, manager, resources, graduate, plumbing, civil, eit, lead, mechanical","[{""community_id"": 475, ""dominant_experience_level"": ""mid"", ""entry_accessibility"": ""moderate_entry_barrier"", ""community_label"": ""Wastewater Project Management"", ""defining_skills"": [""water"", ""wastewater"", ""project management""], ""defining_responsibility_signals"": [""leadership"", ""certification""], ""confidence"": ""high"", ""rep_rank"": 1, ""attempt"": 1, ""raw_output"": ""{\""community_id\"": 475, \""dominant_experience_level\"": \""mid\"", \""entry_accessibility\"": \""moderate_entry_barrier\"", \""community_label\"": \""Wastewater Project Management\"", \""defining_skills\"": [\""water\"", \""wastewater\"", \""project management\""], \""defining_responsibility_signals\"": [\""leadership\"", \""certification\""] , \""confidence\"": \""high\""}""}, {""community_id"": 475, ""dominant_experience_level"": ""junior"", ""entry_accessibility"": ""moderate_entry_barrier"", ""community_label"": ""Water/Wastewater Project Engineer"", ""defining_skills"": [""water"", ""wastewater"", ""project management""], ""defining_responsibility_signals"": [""leadership"", ""certification""], ""confidence"": ""high"", ""rep_rank"": 2, ""attempt"": 1, ""raw_output"": ""{\""community_id\"": 475, \""dominant_experience_level\"": \""junior\"", \""entry_accessibility\"": \""moderate_entry_barrier\"", \""community_label\"": \""Water/Wastewater Project Engineer\"", \""defining_skills\"": [\""water\"", \""wastewater\"", \""project management\""], \""defining_responsibility_signals\"": [\""leadership\"", \""certification\""] , \""confidence\"": \""high\""}""}, {""community_id"": 475, ""dominant_experience_level"": ""mid"", ""entry_accessibility"": ""moderate_entry_barrier"", ""community_label"": ""Water/Wastewater Project Manager"", ""defining_skills"": [""water/wastewater engineering"", ""project management"", ""technical writing""], ""defining_responsibility_signals"": [""lead project team"", ""prepare engineering reports and plans""], ""confidence"": ""high"", ""rep_rank"": 3, ""attempt"": 1, ""raw_output"": ""{\""community_id\"": 475, \""dominant_experience_level\"": \""mid\"", \""entry_accessibility\"": \""moderate_entry_barrier\"", \""community_label\"": \""Water/Wastewater Project Manager\"", \""defining_skills\"": [\""water/wastewater engineering\"", \""project management\"", \""technical writing\""], \""defining_responsibility_signals\"": [\""lead project team\"", \""prepare engineering reports and plans\""] , \""confidence\"": \""high\""}""}]",20
476,28,junior,moderate_entry_barrier,Security Technicians,"['security', 'shift work', 'machine operation']","['phlebotomist', 'supervisor']",high,1.0,1.0,0.667,0.889,3,"security, work, shift, technician, phlebotomist, supervisor, machine, operator, 3rd, maintenance, sundays, overnights","[{""community_id"": 476, ""dominant_experience_level"": ""junior"", ""entry_accessibility"": ""moderate_entry_barrier"", ""community_label"": ""Security Technicians"", ""defining_skills"": [""security"", ""shift work"", ""machine operation""], ""defining_responsibility_signals"": [""phlebotomist"", ""supervisor""], ""confidence"": ""high"", ""rep_rank"": 1, ""attempt"": 1, ""raw_output"": ""{\""community_id\"": 476, \""dominant_experience_level\"": \""junior\"", \""entry_accessibility\"": \""moderate_entry_barrier\"", \""community_label\"": \""Security Technicians\"", \""defining_skills\"": [\""security\"", \""shift work\"", \""machine operation\""], \""defining_responsibility_signals\"": [\""phlebotomist\"", \""supervisor\""] , \""confidence\"": \""high\""}""}, {""community_id"": 476, ""dominant_experience_level"": ""junior"", ""entry_accessibility"": ""moderate_entry_barrier"", ""community_label"": ""Security Technicians"", ""defining_skills"": [""security"", ""shift work"", ""technician skills""], ""defining_responsibility_signals"": [""part-time work"", ""sundays""], ""confidence"": ""high"", ""rep_rank"": 2, ""attempt"": 1, ""raw_output"": ""{\""community_id\"": 476, \""dominant_experience_level\"": \""junior\"", \""entry_accessibility\"": \""moderate_entry_barrier\"", \""community_label\"": \""Security Technicians\"", \""defining_skills\"": [\""security\"", \""shift work\"", \""technician skills\""], \""defining_responsibility_signals\"": [\""part-time work\"", \""sundays\""] , \""confidence\"": \""high\""}""}, {""community_id"": 476, ""dominant_experience_level"": ""junior"", ""entry_accessibility"": ""moderate_entry_barrier"", ""community_label"": ""Security & Operations"", ""defining_skills"": [""security"", ""shift work"", ""machine operation""], ""defining_responsibility_signals"": [""supervision"", ""maintenance""], ""confidence"": ""high"", ""rep_rank"": 3, ""attempt"": 1, ""raw_output"": ""{\""community_id\"": 476, \""dominant_experience_level\"": \""junior\"", \""entry_accessibility\"": \""moderate_entry_barrier\"", \""community_label\"": \""Security & Operations\"", \""defining_skills\"": [\""security\"", \""shift work\"", \""machine operation\""], \""defining_responsibility_signals\"": [\""supervision\"", \""maintenance\""] , \""confidence\"": \""high\""}""}]",20
477,28,junior,moderate_entry_barrier,Auto Body Technician,"['auto body repair', 'vehicle safety', 'OEM standards']","['repair vehicles', 'Vehicle Repair']",high,1.0,1.0,1.0,1.0,3,"technician, auto, body, driver, shuttle, automotive, apprentice, painter, helper, service, advisor, program","[{""community_id"": 477, ""dominant_experience_level"": ""junior"", ""entry_accessibility"": ""moderate_entry_barrier"", ""community_label"": ""Auto Body Technician"", ""defining_skills"": [""Auto Body Repair"", ""Vehicle Safety Inspection"", ""OEM Standards""], ""defining_responsibility_signals"": [""Vehicle Repair"", ""Equipment Operation""], ""confidence"": ""high"", ""rep_rank"": 1, ""attempt"": 1, ""raw_output"": ""{\""community_id\"": 477, \""dominant_experience_level\"": \""junior\"", \""entry_accessibility\"": \""moderate_entry_barrier\"", \""community_label\"": \""Auto Body Technician\"", \""defining_skills\"": [\""Auto Body Repair\"", \""Vehicle Safety Inspection\"", \""OEM Standards\""], \""defining_responsibility_signals\"": [\""Vehicle Repair\"", \""Equipment Operation\""] , \""confidence\"": \""high\""}""}, {""community_id"": 477, ""dominant_experience_level"": ""junior"", ""entry_accessibility"": ""moderate_entry_barrier"", ""community_label"": ""Auto Body Technician"", ""defining_skills"": [""auto body repair"", ""vehicle safety"", ""OEM standards""], ""defining_responsibility_signals"": [""repair vehicles"", ""remove damaged parts""], ""confidence"": ""high"", ""rep_rank"": 2, ""attempt"": 1, ""raw_output"": ""{\""community_id\"": 477, \""dominant_experience_level\"": \""junior\"", \""entry_accessibility\"": \""moderate_entry_barrier\"", \""community_label\"": \""Auto Body Technician\"", \""defining_skills\"": [\""auto body repair\"", \""vehicle safety\"", \""OEM standards\""], \""defining_responsibility_signals\"": [\""repair vehicles\"", \""remove damaged parts\""] , \""confidence\"": \""high\""}""}, {""community_id"": 477, ""dominant_experience_level"": ""junior"", ""entry_accessibility"": ""moderate_entry_barrier"", ""community_label"": ""Auto Body Technician"", ""defining_skills"": [""auto body repair"", ""vehicle safety"", ""OEM standards""], ""defining_responsibility_signals"": [""repair vehicles"", ""use state-of-the-art equipment""], ""confidence"": ""high"", ""rep_rank"": 3, ""attempt"": 1, ""raw_output"": ""{\""community_id\"": 477, \""dominant_experience_level\"": \""junior\"", \""entry_accessibility\"": \""moderate_entry_barrier\"", \""community_label\"": \""Auto Body Technician\"", \""defining_skills\"": [\""auto body repair\"", \""vehicle safety\"", \""OEM standards\""], \""defining_responsibility_signals\"": [\""repair vehicles\"", \""use state-of-the-art equipment\""] , \""confidence\"": \""high\""}""}]",20
478,28,junior,moderate_entry_barrier,Manufacturing Sanitation Technician,"['machine operation', 'forklift operation', 'sanitation']","['shift work', 'line operation']",high,1.0,1.0,0.667,0.889,3,"shift, operator, machine, sanitation, 2nd, 1st, 3rd, tech, service, technician, forklift, line","[{""community_id"": 478, ""dominant_experience_level"": ""junior"", ""entry_accessibility"": ""moderate_entry_barrier"", ""community_label"": ""Manufacturing Operators"", ""defining_skills"": [""machine operation"", ""forklift operation"", ""sanitation""], ""defining_responsibility_signals"": [""shift work"", ""line operation""], ""confidence"": ""high"", ""rep_rank"": 1, ""attempt"": 1, ""raw_output"": ""{\""community_id\"": 478, \""dominant_experience_level\"": \""junior\"", \""entry_accessibility\"": \""moderate_entry_barrier\"", \""community_label\"": \""Manufacturing Operators\"", \""defining_skills\"": [\""machine operation\"", \""forklift operation\"", \""sanitation\""], \""defining_responsibility_signals\"": [\""shift work\"", \""line operation\""] , \""confidence\"": \""high\""}""}, {""community_id"": 478, ""dominant_experience_level"": ""junior"", ""entry_accessibility"": ""moderate_entry_barrier"", ""community_label"": ""Manufacturing Sanitation Technician"", ""defining_skills"": [""shift operation"", ""machine operation"", ""sanitation procedures""], ""defining_responsibility_signals"": [""full-time position"", ""opportunities for advancement""], ""confidence"": ""high"", ""rep_rank"": 2, ""attempt"": 1, ""raw_output"": ""{\""community_id\"": 478, \""dominant_experience_level\"": \""junior\"", \""entry_accessibility\"": \""moderate_entry_barrier\"", \""community_label\"": \""Manufacturing Sanitation Technician\"", \""defining_skills\"": [\""shift operation\"", \""machine operation\"", \""sanitation procedures\""], \""defining_responsibility_signals\"": [\""full-time position\"", \""opportunities for advancement\""] , \""confidence\"": \""high\""}""}, {""community_id"": 478, ""dominant_experience_level"": ""junior"", ""entry_accessibility"": ""moderate_entry_barrier"", ""community_label"": ""Manufacturing Sanitation Technician"", ""defining_skills"": [""shift_operations"", ""machine_operation"", ""sanitation_procedures""], ""defining_responsibility_signals"": [""full_time_position"", ""opportunities_for_advancement""], ""confidence"": ""high"", ""rep_rank"": 3, ""attempt"": 1, ""raw_output"": ""{\""community_id\"": 478, \""dominant_experience_level\"": \""junior\"", \""entry_accessibility\"": \""moderate_entry_barrier\"", \""community_label\"": \""Manufacturing Sanitation Technician\"", \""defining_skills\"": [\""shift_operations\"", \""machine_operation\"", \""sanitation_procedures\""], \""defining_responsibility_signals\"": [\""full_time_position\"", \""opportunities_for_advancement\""] , \""confidence\"": \""high\""}""}]",20
479,28,junior,moderate_entry_barrier,HVAC Technician,"['HVAC', 'HVACR', 'Technician']","['Service', 'Watch']",high,1.0,1.0,1.0,1.0,3,"hvac, technician, service, engineer, watch, hvacr, controls, apprentice, commercial, plant, assistant, senior","[{""community_id"": 479, ""dominant_experience_level"": ""junior"", ""entry_accessibility"": ""moderate_entry_barrier"", ""community_label"": ""HVAC Technician"", ""defining_skills"": [""HVAC"", ""HVACR"", ""Technician""], ""defining_responsibility_signals"": [""Service"", ""Watch""], ""confidence"": ""high"", ""rep_rank"": 1, ""attempt"": 1, ""raw_output"": ""{\""community_id\"": 479, \""dominant_experience_level\"": \""junior\"", \""entry_accessibility\"": \""moderate_entry_barrier\"", \""community_label\"": \""HVAC Technician\"", \""defining_skills\"": [\""HVAC\"", \""HVACR\"", \""Technician\""], \""defining_responsibility_signals\"": [\""Service\"", \""Watch\""] , \""confidence\"": \""high\""}""}, {""community_id"": 479, ""dominant_experience_level"": ""junior"", ""entry_accessibility"": ""moderate_entry_barrier"", ""community_label"": ""HVAC Technician"", ""defining_skills"": [""HVAC"", ""HVACR"", ""Technician""], ""defining_responsibility_signals"": [""Service"", ""Commercial""], ""confidence"": ""high"", ""rep_rank"": 2, ""attempt"": 1, ""raw_output"": ""{\""community_id\"": 479, \""dominant_experience_level\"": \""junior\"", \""entry_accessibility\"": \""moderate_entry_barrier\"", \""community_label\"": \""HVAC Technician\"", \""defining_skills\"": [\""HVAC\"", \""HVACR\"", \""Technician\""], \""defining_responsibility_signals\"": [\""Service\"", \""Commercial\""] , \""confidence\"": \""high\""}""}, {""community_id"": 479, ""dominant_experience_level"": ""junior"", ""entry_accessibility"": ""moderate_entry_barrier"", ""community_label"": ""HVAC Technician"", ""defining_skills"": [""HVAC"", ""HVACR"", ""Controls""], ""defining_responsibility_signals"": [""Service"", ""Maintenance""], ""confidence"": ""high"", ""rep_rank"": 3, ""attempt"": 1, ""raw_output"": ""{\""community_id\"": 479, \""dominant_experience_level\"": \""junior\"", \""entry_accessibility\"": \""moderate_entry_barrier\"", \""community_label\"": \""HVAC Technician\"", \""defining_skills\"": [\""HVAC\"", \""HVACR\"", \""Controls\""], \""defining_responsibility_signals\"": [\""Service\"", \""Maintenance\""], \""confidence\"": \""high\""}""}]",20
480,28,mid,moderate_entry_barrier,Medical Sales,"['Territory Management', 'Pharmaceutical Industry Knowledge', 'Sales']","['Leadership', ""Bachelor's Degree""]",high,1.0,1.0,0.667,0.889,3,"territory, manager, sales, representative, specialist, medical, surgical, pharmaceutical, business, greater, boston, regional","[{""community_id"": 480, ""dominant_experience_level"": ""mid"", ""entry_accessibility"": ""moderate_entry_barrier"", ""community_label"": ""Medical Sales"", ""defining_skills"": [""Territory Management"", ""Sales"", ""Pharmaceutical Industry Knowledge""], ""defining_responsibility_signals"": [""Leadership"", ""Bachelor's Degree""], ""confidence"": ""high"", ""rep_rank"": 1, ""attempt"": 1, ""raw_output"": ""{\""community_id\"": 480, \""dominant_experience_level\"": \""mid\"", \""entry_accessibility\"": \""moderate_entry_barrier\"", \""community_label\"": \""Medical Sales\"", \""defining_skills\"": [\""Territory Management\"", \""Sales\"", \""Pharmaceutical Industry Knowledge\""], \""defining_responsibility_signals\"": [\""Leadership\"", \""Bachelor's Degree\""] , \""confidence\"": \""high\""}""}, {""community_id"": 480, ""dominant_experience_level"": ""mid"", ""entry_accessibility"": ""moderate_entry_barrier"", ""community_label"": ""Pharmaceutical Sales"", ""defining_skills"": [""sales"", ""territory management"", ""pharmaceutical industry knowledge""], ""defining_responsibility_signals"": [""drive medical advancements"", ""join biopharmaceutical company team""], ""confidence"": ""high"", ""rep_rank"": 2, ""attempt"": 1, ""raw_output"": ""{\""community_id\"": 480, \""dominant_experience_level\"": \""mid\"", \""entry_accessibility\"": \""moderate_entry_barrier\"", \""community_label\"": \""Pharmaceutical Sales\"", \""defining_skills\"": [\""sales\"", \""territory management\"", \""pharmaceutical industry knowledge\""], \""defining_responsibility_signals\"": [\""drive medical advancements\"", \""join biopharmaceutical company team\""] , \""confidence\"": \""high\""}""}, {""community_id"": 480, ""dominant_experience_level"": ""mid"", ""entry_accessibility"": ""moderate_entry_barrier"", ""community_label"": ""Medical Sales"", ""defining_skills"": [""Territory Management"", ""Sales Representative"", ""Pharmaceutical Industry Knowledge""], ""defining_responsibility_signals"": [""Leadership"", ""Bachelor's Degree""], ""confidence"": ""high"", ""rep_rank"": 3, ""attempt"": 1, ""raw_output"": ""{\""community_id\"": 480, \""dominant_experience_level\"": \""mid\"", \""entry_accessibility\"": \""moderate_entry_barrier\"", \""community_label\"": \""Medical Sales\"", \""defining_skills\"": [\""Territory Management\"", \""Sales Representative\"", \""Pharmaceutical Industry Knowledge\""], \""defining_responsibility_signals\"": [\""Leadership\"", \""Bachelor's Degree\""] , \""confidence\"": \""high\""}""}]",20
481,28,junior,moderate_entry_barrier,Analyst,"['information_analysis', 'program_support', 'equal_opportunity_awareness']","['accountability', 'support']",high,1.0,1.0,0.333,0.778,3,"analyst, specialist, services, technician, training, information, technology, staff, lead, program, manager, office","[{""community_id"": 481, ""dominant_experience_level"": ""junior"", ""entry_accessibility"": ""moderate_entry_barrier"", ""community_label"": ""Analyst"", ""defining_skills"": [""information_analysis"", ""program_support"", ""equal_opportunity_awareness""], ""defining_responsibility_signals"": [""accountability"", ""support""], ""confidence"": ""high"", ""rep_rank"": 1, ""attempt"": 1, ""raw_output"": ""{\""community_id\"": 481, \""dominant_experience_level\"": \""junior\"", \""entry_accessibility\"": \""moderate_entry_barrier\"", \""community_label\"": \""Analyst\"", \""defining_skills\"": [\""information_analysis\"", \""program_support\"", \""equal_opportunity_awareness\""], \""defining_responsibility_signals\"": [\""accountability\"", \""support\""] , \""confidence\"": \""high\""}""}, {""community_id"": 481, ""dominant_experience_level"": ""junior"", ""entry_accessibility"": ""moderate_entry_barrier"", ""community_label"": ""Staff Services Analyst"", ""defining_skills"": [""analyst"", ""services"", ""information_technology""], ""defining_responsibility_signals"": [""training"", ""program_management""], ""confidence"": ""high"", ""rep_rank"": 2, ""attempt"": 1, ""raw_output"": ""{\""community_id\"": 481, \""dominant_experience_level\"": \""junior\"", \""entry_accessibility\"": \""moderate_entry_barrier\"", \""community_label\"": \""Staff Services Analyst\"", \""defining_skills\"": [\""analyst\"", \""services\"", \""information_technology\""], \""defining_responsibility_signals\"": [\""training\"", \""program_management\""] , \""confidence\"": \""high\""}""}, {""community_id"": 481, ""dominant_experience_level"": ""junior"", ""entry_accessibility"": ""moderate_entry_barrier"", ""community_label"": ""Office Support"", ""defining_skills"": [""office_assistance"", ""equal_opportunity_employment"", ""california_state_employment_laws""], ""defining_responsibility_signals"": [""equal_opportunity_employment"", ""california_state_employment_laws""], ""confidence"": ""high"", ""rep_rank"": 3, ""attempt"": 1, ""raw_output"": ""{\""community_id\"": 481, \""dominant_experience_level\"": \""junior\"", \""entry_accessibility\"": \""moderate_entry_barrier\"", \""community_label\"": \""Office Support\"", \""defining_skills\"": [\""office_assistance\"", \""equal_opportunity_employment\"", \""california_state_employment_laws\""] , \""defining_responsibility_signals\"": [\""equal_opportunity_employment\"", \""california_state_employment_laws\""] , \""confidence\"": \""high\""}""}]",20
482,28,mid,moderate_entry_barrier,Sales & Business Development,"['Sales', 'Business Development', 'Consulting']","['Leadership', ""Education: Bachelor's Degree""]",high,1.0,1.0,0.667,0.889,3,"premise, manager, off, development, sales, consultant, cpws, business, diageo, whiskey, tequila, area","[{""community_id"": 482, ""dominant_experience_level"": ""mid"", ""entry_accessibility"": ""moderate_entry_barrier"", ""community_label"": ""Sales & Business Development"", ""defining_skills"": [""Sales"", ""Business Development"", ""Consulting""], ""defining_responsibility_signals"": [""Leadership"", ""Education: Bachelor's Degree""], ""confidence"": ""high"", ""rep_rank"": 1, ""attempt"": 1, ""raw_output"": ""{\""community_id\"": 482, \""dominant_experience_level\"": \""mid\"", \""entry_accessibility\"": \""moderate_entry_barrier\"", \""community_label\"": \""Sales & Business Development\"", \""defining_skills\"": [\""Sales\"", \""Business Development\"", \""Consulting\""], \""defining_responsibility_signals\"": [\""Leadership\"", \""Education: Bachelor's Degree\""] , \""confidence\"": \""high\""}""}, {""community_id"": 482, ""dominant_experience_level"": ""mid"", ""entry_accessibility"": ""moderate_entry_barrier"", ""community_label"": ""Sales & Business Development in Wine & Spirits"", ""defining_skills"": [""sales"", ""business_development"", ""consulting""], ""defining_responsibility_signals"": [""leadership"", ""management""], ""confidence"": ""high"", ""rep_rank"": 2, ""attempt"": 1, ""raw_output"": ""{\""community_id\"": 482, \""dominant_experience_level\"": \""mid\"", \""entry_accessibility\"": \""moderate_entry_barrier\"", \""community_label\"": \""Sales & Business Development in Wine & Spirits\"", \""defining_skills\"": [\""sales\"", \""business_development\"", \""consulting\""], \""defining_responsibility_signals\"": [\""leadership\"", \""management\""] , \""confidence\"": \""high\""}""}, {""community_id"": 482, ""dominant_experience_level"": ""mid"", ""entry_accessibility"": ""moderate_entry_barrier"", ""community_label"": ""Sales & Business Development"", ""defining_skills"": [""Sales"", ""Business Development"", ""Consulting""], ""defining_responsibility_signals"": [""Leadership"", ""Education: Bachelor's Degree""], ""confidence"": ""high"", ""rep_rank"": 3, ""attempt"": 1, ""raw_output"": ""{\""community_id\"": 482, \""dominant_experience_level\"": \""mid\"", \""entry_accessibility\"": \""moderate_entry_barrier\"", \""community_label\"": \""Sales & Business Development\"", \""defining_skills\"": [\""Sales\"", \""Business Development\"", \""Consulting\""], \""defining_responsibility_signals\"": [\""Leadership\"", \""Education: Bachelor's Degree\""] , \""confidence\"": \""high\""}""}]",20
483,28,junior,moderate_entry_barrier,Clinical Nurse,"['surgical', 'clinical', 'patient care']","['certification required', 'leadership potential']",high,1.0,1.0,0.667,0.889,3,"bonus, 000, 30p, surgical, clinical, nurse, 30a, patient, bethesda, east, registered, specialty","[{""community_id"": 483, ""dominant_experience_level"": ""junior"", ""entry_accessibility"": ""moderate_entry_barrier"", ""community_label"": ""Clinical Nurse"", ""defining_skills"": [""surgical"", ""clinical"", ""patient care""], ""defining_responsibility_signals"": [""certification required"", ""leadership potential""], ""confidence"": ""high"", ""rep_rank"": 1, ""attempt"": 1, ""raw_output"": ""{\""community_id\"": 483, \""dominant_experience_level\"": \""junior\"", \""entry_accessibility\"": \""moderate_entry_barrier\"", \""community_label\"": \""Clinical Nurse\"", \""defining_skills\"": [\""surgical\"", \""clinical\"", \""patient care\""], \""defining_responsibility_signals\"": [\""certification required\"", \""leadership potential\""] , \""confidence\"": \""high\""}""}, {""community_id"": 483, ""dominant_experience_level"": ""junior"", ""entry_accessibility"": ""moderate_entry_barrier"", ""community_label"": ""Clinical Surgical Nurse"", ""defining_skills"": [""Clinical Nursing"", ""Surgical Nursing"", ""Patient Care""], ""defining_responsibility_signals"": [""Certification Required"", ""Leadership Potential""], ""confidence"": ""high"", ""rep_rank"": 2, ""attempt"": 1, ""raw_output"": ""{\""community_id\"": 483, \""dominant_experience_level\"": \""junior\"", \""entry_accessibility\"": \""moderate_entry_barrier\"", \""community_label\"": \""Clinical Surgical Nurse\"", \""defining_skills\"": [\""Clinical Nursing\"", \""Surgical Nursing\"", \""Patient Care\""], \""defining_responsibility_signals\"": [\""Certification Required\"", \""Leadership Potential\""] , \""confidence\"": \""high\""}""}, {""community_id"": 483, ""dominant_experience_level"": ""junior"", ""entry_accessibility"": ""moderate_entry_barrier"", ""community_label"": ""Clinical Nurse"", ""defining_skills"": [""surgical"", ""clinical"", ""patient care""], ""defining_responsibility_signals"": [""certification required"", ""leadership potential""], ""confidence"": ""high"", ""rep_rank"": 3, ""attempt"": 1, ""raw_output"": ""{\""community_id\"": 483, \""dominant_experience_level\"": \""junior\"", \""entry_accessibility\"": \""moderate_entry_barrier\"", \""community_label\"": \""Clinical Nurse\"", \""defining_skills\"": [\""surgical\"", \""clinical\"", \""patient care\""], \""defining_responsibility_signals\"": [\""certification required\"", \""leadership potential\""] , \""confidence\"": \""high\""}""}]",20
484,27,mid,moderate_entry_barrier,Travel ICU/CCU Nurse,"['ICU/CCU care', 'Progressive Care Unit (PCU) experience', 'Certification: RN']","['Patient care', 'Critical care']",high,1.0,1.0,0.333,0.778,3,"nurse, care, unit, registered, travel, per, icu, intensive, patient, progressive, week, pcu","[{""community_id"": 484, ""dominant_experience_level"": ""mid"", ""entry_accessibility"": ""moderate_entry_barrier"", ""community_label"": ""Travel ICU/CCU Nurse"", ""defining_skills"": [""ICU/CCU care"", ""Progressive Care Unit (PCU) experience"", ""Certification: RN""], ""defining_responsibility_signals"": [""Patient care"", ""Critical care""], ""confidence"": ""high"", ""rep_rank"": 1, ""attempt"": 1, ""raw_output"": ""{\""community_id\"": 484, \""dominant_experience_level\"": \""mid\"", \""entry_accessibility\"": \""moderate_entry_barrier\"", \""community_label\"": \""Travel ICU/CCU Nurse\"", \""defining_skills\"": [\""ICU/CCU care\"", \""Progressive Care Unit (PCU) experience\"", \""Certification: RN\""], \""defining_responsibility_signals\"": [\""Patient care\"", \""Critical care\""] , \""confidence\"": \""high\""}""}, {""community_id"": 484, ""dominant_experience_level"": ""mid"", ""entry_accessibility"": ""moderate_entry_barrier"", ""community_label"": ""Travel ICU Nurse"", ""defining_skills"": [""ICU care"", ""Surgical patient care"", ""Travel nursing""], ""defining_responsibility_signals"": [""13 weeks duration"", ""36 hours per week""], ""confidence"": ""high"", ""rep_rank"": 2, ""attempt"": 1, ""raw_output"": ""{\""community_id\"": 484, \""dominant_experience_level\"": \""mid\"", \""entry_accessibility\"": \""moderate_entry_barrier\"", \""community_label\"": \""Travel ICU Nurse\"", \""defining_skills\"": [\""ICU care\"", \""Surgical patient care\"", \""Travel nursing\""], \""defining_responsibility_signals\"": [\""13 weeks duration\"", \""36 hours per week\""] , \""confidence\"": \""high\""}""}, {""community_id"": 484, ""dominant_experience_level"": ""mid"", ""entry_accessibility"": ""moderate_entry_barrier"", ""community_label"": ""Travel Progressive Care Unit Nurse"", ""defining_skills"": [""nursing"", ""icu"", ""pcu""], ""defining_responsibility_signals"": [""patient_care"", ""team_leadership""], ""confidence"": ""high"", ""rep_rank"": 3, ""attempt"": 1, ""raw_output"": ""{\""community_id\"": 484, \""dominant_experience_level\"": \""mid\"", \""entry_accessibility\"": \""moderate_entry_barrier\"", \""community_label\"": \""Travel Progressive Care Unit Nurse\"", \""defining_skills\"": [\""nursing\"", \""icu\"", \""pcu\""], \""defining_responsibility_signals\"": [\""patient_care\"", \""team_leadership\""] , \""confidence\"": \""high\""}""}]",20
485,27,mid,moderate_entry_barrier,Finance Management,"['Financial Reporting', 'Financial Planning', 'Financial Analysis']","['Leadership', 'Strategic Planning']",high,1.0,1.0,1.0,1.0,3,"financial, manager, officer, reporting, chief, analyst, planning, analysis, controls, director, controller, finance","[{""community_id"": 485, ""dominant_experience_level"": ""mid"", ""entry_accessibility"": ""moderate_entry_barrier"", ""community_label"": ""Finance Management"", ""defining_skills"": [""Financial Reporting"", ""Financial Planning"", ""Financial Analysis""], ""defining_responsibility_signals"": [""Leadership"", ""Strategic Planning""], ""confidence"": ""high"", ""rep_rank"": 1, ""attempt"": 1, ""raw_output"": ""{\""community_id\"": 485, \""dominant_experience_level\"": \""mid\"", \""entry_accessibility\"": \""moderate_entry_barrier\"", \""community_label\"": \""Finance Management\"", \""defining_skills\"": [\""Financial Reporting\"", \""Financial Planning\"", \""Financial Analysis\""], \""defining_responsibility_signals\"": [\""Leadership\"", \""Strategic Planning\""] , \""confidence\"": \""high\""}""}, {""community_id"": 485, ""dominant_experience_level"": ""mid"", ""entry_accessibility"": ""moderate_entry_barrier"", ""community_label"": ""Finance Management"", ""defining_skills"": [""financial management"", ""strategic planning"", ""stakeholder management""], ""defining_responsibility_signals"": [""preparing for IPOs/M&As"", ""strategic decision making""], ""confidence"": ""high"", ""rep_rank"": 2, ""attempt"": 1, ""raw_output"": ""{\""community_id\"": 485, \""dominant_experience_level\"": \""mid\"", \""entry_accessibility\"": \""moderate_entry_barrier\"", \""community_label\"": \""Finance Management\"", \""defining_skills\"": [\""financial management\"", \""strategic planning\"", \""stakeholder management\""], \""defining_responsibility_signals\"": [\""preparing for IPOs/M&As\"", \""strategic decision making\""] , \""confidence\"": \""high\""}""}, {""community_id"": 485, ""dominant_experience_level"": ""mid"", ""entry_accessibility"": ""moderate_entry_barrier"", ""community_label"": ""Finance Management"", ""defining_skills"": [""Financial Reporting"", ""Financial Planning"", ""Financial Analysis""], ""defining_responsibility_signals"": [""Leadership"", ""Strategic Planning""], ""confidence"": ""high"", ""rep_rank"": 3, ""attempt"": 1, ""raw_output"": ""{\""community_id\"": 485, \""dominant_experience_level\"": \""mid\"", \""entry_accessibility\"": \""moderate_entry_barrier\"", \""community_label\"": \""Finance Management\"", \""defining_skills\"": [\""Financial Reporting\"", \""Financial Planning\"", \""Financial Analysis\""], \""defining_responsibility_signals\"": [\""Leadership\"", \""Strategic Planning\""] , \""confidence\"": \""high\""}""}]",20
486,27,mid,moderate_entry_barrier,Billing Coordinators,"['billing', 'accounting', 'collections']","['day-to-day administration', 'complex client billing']",high,1.0,1.0,0.333,0.778,3,"billing, specialist, clerk, coordinator, accounting, accounts, collections, payable, supervisor, senior, shift, receivable","[{""community_id"": 486, ""dominant_experience_level"": ""mid"", ""entry_accessibility"": ""moderate_entry_barrier"", ""community_label"": ""Billing Coordinators"", ""defining_skills"": [""billing"", ""accounting"", ""collections""], ""defining_responsibility_signals"": [""day-to-day administration"", ""complex client billing""], ""confidence"": ""high"", ""rep_rank"": 1, ""attempt"": 1, ""raw_output"": ""{\""community_id\"": 486, \""dominant_experience_level\"": \""mid\"", \""entry_accessibility\"": \""moderate_entry_barrier\"", \""community_label\"": \""Billing Coordinators\"", \""defining_skills\"": [\""billing\"", \""accounting\"", \""collections\""], \""defining_responsibility_signals\"": [\""day-to-day administration\"", \""complex client billing\""] , \""confidence\"": \""high\""}""}, {""community_id"": 486, ""dominant_experience_level"": ""mid"", ""entry_accessibility"": ""moderate_entry_barrier"", ""community_label"": ""Billing Specialist"", ""defining_skills"": [""billing"", ""accounting"", ""collections""], ""defining_responsibility_signals"": [""process client invoices"", ""edit time entries on prebills""], ""confidence"": ""high"", ""rep_rank"": 2, ""attempt"": 1, ""raw_output"": ""{\""community_id\"": 486, \""dominant_experience_level\"": \""mid\"", \""entry_accessibility\"": \""moderate_entry_barrier\"", \""community_label\"": \""Billing Specialist\"", \""defining_skills\"": [\""billing\"", \""accounting\"", \""collections\""], \""defining_responsibility_signals\"": [\""process client invoices\"", \""edit time entries on prebills\""] , \""confidence\"": \""high\""}""}, {""community_id"": 486, ""dominant_experience_level"": ""mid"", ""entry_accessibility"": ""moderate_entry_barrier"", ""community_label"": ""Billing & Accounting"", ""defining_skills"": [""billing"", ""accounting"", ""collections""], ""defining_responsibility_signals"": [""high_volume_work"", ""customer_service""], ""confidence"": ""high"", ""rep_rank"": 3, ""attempt"": 1, ""raw_output"": ""{\""community_id\"": 486, \""dominant_experience_level\"": \""mid\"", \""entry_accessibility\"": \""moderate_entry_barrier\"", \""community_label\"": \""Billing & Accounting\"", \""defining_skills\"": [\""billing\"", \""accounting\"", \""collections\""], \""defining_responsibility_signals\"": [\""high_volume_work\"", \""customer_service\""] , \""confidence\"": \""high\""}""}]",20
487,27,mid,moderate_entry_barrier,Maintenance Engineer,"['preventative maintenance', 'production reliability', 'mechanical expertise']","['equipment maintenance', 'guest service']",high,1.0,1.0,1.0,1.0,3,"maintenance, manager, engineer, preventative, production, reliability, mechanic, supervisor, mechanical, global, excellence, specialist","[{""community_id"": 487, ""dominant_experience_level"": ""mid"", ""entry_accessibility"": ""moderate_entry_barrier"", ""community_label"": ""Maintenance Engineer"", ""defining_skills"": [""preventative maintenance"", ""equipment repair"", ""guest service""], ""defining_responsibility_signals"": [""operation"", ""maintenance""], ""confidence"": ""high"", ""rep_rank"": 1, ""attempt"": 1, ""raw_output"": ""{\""community_id\"": 487, \""dominant_experience_level\"": \""mid\"", \""entry_accessibility\"": \""moderate_entry_barrier\"", \""community_label\"": \""Maintenance Engineer\"", \""defining_skills\"": [\""preventative maintenance\"", \""equipment repair\"", \""guest service\""], \""defining_responsibility_signals\"": [\""operation\"", \""maintenance\""] , \""confidence\"": \""high\""}""}, {""community_id"": 487, ""dominant_experience_level"": ""mid"", ""entry_accessibility"": ""moderate_entry_barrier"", ""community_label"": ""Maintenance Engineer"", ""defining_skills"": [""preventative maintenance"", ""production reliability"", ""mechanical expertise""], ""defining_responsibility_signals"": [""equipment maintenance"", ""guest service""], ""confidence"": ""high"", ""rep_rank"": 2, ""attempt"": 1, ""raw_output"": ""{\""community_id\"": 487, \""dominant_experience_level\"": \""mid\"", \""entry_accessibility\"": \""moderate_entry_barrier\"", \""community_label\"": \""Maintenance Engineer\"", \""defining_skills\"": [\""preventative maintenance\"", \""production reliability\"", \""mechanical expertise\""], \""defining_responsibility_signals\"": [\""equipment maintenance\"", \""guest service\""] , \""confidence\"": \""high\""}""}, {""community_id"": 487, ""dominant_experience_level"": ""mid"", ""entry_accessibility"": ""moderate_entry_barrier"", ""community_label"": ""Maintenance Engineer"", ""defining_skills"": [""preventative maintenance"", ""production reliability"", ""mechanical expertise""], ""defining_responsibility_signals"": [""equipment maintenance"", ""guest service""], ""confidence"": ""high"", ""rep_rank"": 3, ""attempt"": 1, ""raw_output"": ""{\""community_id\"": 487, \""dominant_experience_level\"": \""mid\"", \""entry_accessibility\"": \""moderate_entry_barrier\"", \""community_label\"": \""Maintenance Engineer\"", \""defining_skills\"": [\""preventative maintenance\"", \""production reliability\"", \""mechanical expertise\""], \""defining_responsibility_signals\"": [\""equipment maintenance\"", \""guest service\""] , \""confidence\"": \""high\""}""}]",20
488,27,junior,moderate_entry_barrier,Medical Technicians,"['Histotechnology', 'Laboratory Medicine', 'Clinical Diagnosis']","['Leadership', 'Team Management']",high,1.0,1.0,0.333,0.778,3,"prn, manager, nurse, med, surg, medical, clinical, rehab, specialist, transporter, lead, acute","[{""community_id"": 488, ""dominant_experience_level"": ""junior"", ""entry_accessibility"": ""moderate_entry_barrier"", ""community_label"": ""Medical Technicians"", ""defining_skills"": [""Histotechnology"", ""Laboratory Medicine"", ""Clinical Diagnosis""], ""defining_responsibility_signals"": [""Leadership"", ""Team Management""], ""confidence"": ""high"", ""rep_rank"": 1, ""attempt"": 1, ""raw_output"": ""{\""community_id\"": 488, \""dominant_experience_level\"": \""junior\"", \""entry_accessibility\"": \""moderate_entry_barrier\"", \""community_label\"": \""Medical Technicians\"", \""defining_skills\"": [\""Histotechnology\"", \""Laboratory Medicine\"", \""Clinical Diagnosis\""], \""defining_responsibility_signals\"": [\""Leadership\"", \""Team Management\""] , \""confidence\"": \""high\""}""}, {""community_id"": 488, ""dominant_experience_level"": ""junior"", ""entry_accessibility"": ""moderate_entry_barrier"", ""community_label"": ""Medical Technologists"", ""defining_skills"": [""EP lab"", ""Technologist"", ""Hospital Setting""], ""defining_responsibility_signals"": [""Investment in professional growth"", ""Benefits package""], ""confidence"": ""high"", ""rep_rank"": 2, ""attempt"": 1, ""raw_output"": ""{\""community_id\"": 488, \""dominant_experience_level\"": \""junior\"", \""entry_accessibility\"": \""moderate_entry_barrier\"", \""community_label\"": \""Medical Technologists\"", \""defining_skills\"": [\""EP lab\"", \""Technologist\"", \""Hospital Setting\""], \""defining_responsibility_signals\"": [\""Investment in professional growth\"", \""Benefits package\""] , \""confidence\"": \""high\""}""}, {""community_id"": 488, ""dominant_experience_level"": ""junior"", ""entry_accessibility"": ""moderate_entry_barrier"", ""community_label"": ""Clinical Rehab Specialist"", ""defining_skills"": [""medical"", ""clinical"", ""rehab""], ""defining_responsibility_signals"": [""leadership"", ""certification""], ""confidence"": ""high"", ""rep_rank"": 3, ""attempt"": 1, ""raw_output"": ""{\""community_id\"": 488, \""dominant_experience_level\"": \""junior\"", \""entry_accessibility\"": \""moderate_entry_barrier\"", \""community_label\"": \""Clinical Rehab Specialist\"", \""defining_skills\"": [\""medical\"", \""clinical\"", \""rehab\""], \""defining_responsibility_signals\"": [\""leadership\"", \""certification\""] , \""confidence\"": \""high\""}""}]",20
489,27,mid,moderate_entry_barrier,Plant Operations Management,"['plant management', 'operations management', 'team leadership']","['leadership', 'communicate standards']",high,1.0,1.0,1.0,1.0,3,"manager, plant, supervisor, maintenance, lead, engineer, operator, operations, operating, field, electrical, instrument","[{""community_id"": 489, ""dominant_experience_level"": ""mid"", ""entry_accessibility"": ""moderate_entry_barrier"", ""community_label"": ""Plant Operations Management"", ""defining_skills"": [""plant management"", ""operations management"", ""team leadership""], ""defining_responsibility_signals"": [""communicate standards"", ""team management""], ""confidence"": ""high"", ""rep_rank"": 1, ""attempt"": 1, ""raw_output"": ""{\""community_id\"": 489, \""dominant_experience_level\"": \""mid\"", \""entry_accessibility\"": \""moderate_entry_barrier\"", \""community_label\"": \""Plant Operations Management\"", \""defining_skills\"": [\""plant management\"", \""operations management\"", \""team leadership\""], \""defining_responsibility_signals\"": [\""communicate standards\"", \""team management\""] , \""confidence\"": \""high\""}""}, {""community_id"": 489, ""dominant_experience_level"": ""mid"", ""entry_accessibility"": ""moderate_entry_barrier"", ""community_label"": ""Plant Operations Management"", ""defining_skills"": [""plant_management"", ""maintenance_management"", ""electrical_instrumentation""], ""defining_responsibility_signals"": [""leadership"", ""team_management""], ""confidence"": ""high"", ""rep_rank"": 2, ""attempt"": 1, ""raw_output"": ""{\""community_id\"": 489, \""dominant_experience_level\"": \""mid\"", \""entry_accessibility\"": \""moderate_entry_barrier\"", \""community_label\"": \""Plant Operations Management\"", \""defining_skills\"": [\""plant_management\"", \""maintenance_management\"", \""electrical_instrumentation\""], \""defining_responsibility_signals\"": [\""leadership\"", \""team_management\""] , \""confidence\"": \""high\""}""}, {""community_id"": 489, ""dominant_experience_level"": ""mid"", ""entry_accessibility"": ""moderate_entry_barrier"", ""community_label"": ""Plant Operations Management"", ""defining_skills"": [""plant operations"", ""managerial"", ""electrical/instrumentation""], ""defining_responsibility_signals"": [""leadership"", ""operations management""], ""confidence"": ""high"", ""rep_rank"": 3, ""attempt"": 1, ""raw_output"": ""{\""community_id\"": 489, \""dominant_experience_level\"": \""mid\"", \""entry_accessibility\"": \""moderate_entry_barrier\"", \""community_label\"": \""Plant Operations Management\"", \""defining_skills\"": [\""plant operations\"", \""managerial\"", \""electrical/instrumentation\""], \""defining_responsibility_signals\"": [\""leadership\"", \""operations management\""] , \""confidence\"": \""high\""}""}]",20
490,27,senior,moderate_entry_barrier,Sales Strategy Leadership,"['strategic_pursuits', 'sales_leadership', 'team_management']","['develop_strategies', 'lead_team_to_results']",high,1.0,1.0,0.333,0.778,3,"director, sales, development, manager, client, partner, strategic, leader, head, business, technical, pursuits","[{""community_id"": 490, ""dominant_experience_level"": ""senior"", ""entry_accessibility"": ""moderate_entry_barrier"", ""community_label"": ""Sales Strategy Leadership"", ""defining_skills"": [""strategic_pursuits"", ""sales_leadership"", ""team_management""], ""defining_responsibility_signals"": [""develop_strategies"", ""lead_team_to_results""], ""confidence"": ""high"", ""rep_rank"": 1, ""attempt"": 1, ""raw_output"": ""{\""community_id\"": 490, \""dominant_experience_level\"": \""senior\"", \""entry_accessibility\"": \""moderate_entry_barrier\"", \""community_label\"": \""Sales Strategy Leadership\"", \""defining_skills\"": [\""strategic_pursuits\"", \""sales_leadership\"", \""team_management\""], \""defining_responsibility_signals\"": [\""develop_strategies\"", \""lead_team_to_results\""] , \""confidence\"": \""high\""}""}, {""community_id"": 490, ""dominant_experience_level"": ""senior"", ""entry_accessibility"": ""moderate_entry_barrier"", ""community_label"": ""Sales Strategy & Leadership"", ""defining_skills"": [""strategic_pursuits"", ""sales_leadership"", ""team_management""], ""defining_responsibility_signals"": [""develop_strategies"", ""lead_team_to_results""], ""confidence"": ""high"", ""rep_rank"": 2, ""attempt"": 1, ""raw_output"": ""{\""community_id\"": 490, \""dominant_experience_level\"": \""senior\"", \""entry_accessibility\"": \""moderate_entry_barrier\"", \""community_label\"": \""Sales Strategy & Leadership\"", \""defining_skills\"": [\""strategic_pursuits\"", \""sales_leadership\"", \""team_management\""], \""defining_responsibility_signals\"": [\""develop_strategies\"", \""lead_team_to_results\""] , \""confidence\"": \""high\""}""}, {""community_id"": 490, ""dominant_experience_level"": ""senior"", ""entry_accessibility"": ""moderate_entry_barrier"", ""community_label"": ""Senior Sales & Business Development"", ""defining_skills"": [""strategic"", ""partnership"", ""sales""], ""defining_responsibility_signals"": [""manage"", ""develop""], ""confidence"": ""high"", ""rep_rank"": 3, ""attempt"": 1, ""raw_output"": ""{\""community_id\"": 490, \""dominant_experience_level\"": \""senior\"", \""entry_accessibility\"": \""moderate_entry_barrier\"", \""community_label\"": \""Senior Sales & Business Development\"", \""defining_skills\"": [\""strategic\"", \""partnership\"", \""sales\""], \""defining_responsibility_signals\"": [\""manage\"", \""develop\""] , \""confidence\"": \""high\""}""}]",20
491,27,mid,moderate_entry_barrier,IT Manager,"['troubleshooting', 'hardware', 'software']","['team_leadership', 'end_user_support']",high,1.0,1.0,0.667,0.889,3,"manager, project, information, technology, senior, technical, systems, administrator, planning, services, assistant, applications","[{""community_id"": 491, ""dominant_experience_level"": ""mid"", ""entry_accessibility"": ""moderate_entry_barrier"", ""community_label"": ""IT Manager"", ""defining_skills"": [""troubleshooting"", ""hardware"", ""software""], ""defining_responsibility_signals"": [""team_leadership"", ""end_user_support""], ""confidence"": ""high"", ""rep_rank"": 1, ""attempt"": 1, ""raw_output"": ""{\""community_id\"": 491, \""dominant_experience_level\"": \""mid\"", \""entry_accessibility\"": \""moderate_entry_barrier\"", \""community_label\"": \""IT Manager\"", \""defining_skills\"": [\""troubleshooting\"", \""hardware\"", \""software\""], \""defining_responsibility_signals\"": [\""team_leadership\"", \""end_user_support\""] , \""confidence\"": \""high\""}""}, {""community_id"": 491, ""dominant_experience_level"": ""mid"", ""entry_accessibility"": ""moderate_entry_barrier"", ""community_label"": ""IT Manager"", ""defining_skills"": [""project management"", ""information technology"", ""technical leadership""], ""defining_responsibility_signals"": [""planning"", ""team building""], ""confidence"": ""high"", ""rep_rank"": 2, ""attempt"": 1, ""raw_output"": ""{\""community_id\"": 491, \""dominant_experience_level\"": \""mid\"", \""entry_accessibility\"": \""moderate_entry_barrier\"", \""community_label\"": \""IT Manager\"", \""defining_skills\"": [\""project management\"", \""information technology\"", \""technical leadership\""], \""defining_responsibility_signals\"": [\""planning\"", \""team building\""] , \""confidence\"": \""high\""}""}, {""community_id"": 491, ""dominant_experience_level"": ""mid"", ""entry_accessibility"": ""moderate_entry_barrier"", ""community_label"": ""IT Systems Technical Specialist"", ""defining_skills"": [""networks"", ""systems"", ""ERP support""], ""defining_responsibility_signals"": [""problem resolution"", ""business process mapping""], ""confidence"": ""high"", ""rep_rank"": 3, ""attempt"": 1, ""raw_output"": ""{\""community_id\"": 491, \""dominant_experience_level\"": \""mid\"", \""entry_accessibility\"": \""moderate_entry_barrier\"", \""community_label\"": \""IT Systems Technical Specialist\"", \""defining_skills\"": [\""networks\"", \""systems\"", \""ERP support\""], \""defining_responsibility_signals\"": [\""problem resolution\"", \""business process mapping\""] , \""confidence\"": \""high\""}""}]",20
492,27,junior,moderate_entry_barrier,Bakery Food Service Representative,"['customer service', 'food handling', 'retail experience']","['customer interaction', 'food preparation']",high,1.0,1.0,1.0,1.0,3,"service, bakery, food, rep, alliance, manager, san, antonio, overnight, customer, store, assistant","[{""community_id"": 492, ""dominant_experience_level"": ""junior"", ""entry_accessibility"": ""moderate_entry_barrier"", ""community_label"": ""Bakery Food Service Representative"", ""defining_skills"": [""customer service"", ""food handling"", ""retail experience""], ""defining_responsibility_signals"": [""customer interaction"", ""food preparation""], ""confidence"": ""high"", ""rep_rank"": 1, ""attempt"": 1, ""raw_output"": ""{\""community_id\"": 492, \""dominant_experience_level\"": \""junior\"", \""entry_accessibility\"": \""moderate_entry_barrier\"", \""community_label\"": \""Bakery Food Service Representative\"", \""defining_skills\"": [\""customer service\"", \""food handling\"", \""retail experience\""], \""defining_responsibility_signals\"": [\""customer interaction\"", \""food preparation\""] , \""confidence\"": \""high\""}""}, {""community_id"": 492, ""dominant_experience_level"": ""junior"", ""entry_accessibility"": ""moderate_entry_barrier"", ""community_label"": ""Bakery Food Service Representative"", ""defining_skills"": [""customer service"", ""food handling"", ""retail experience""], ""defining_responsibility_signals"": [""customer interaction"", ""food preparation""], ""confidence"": ""high"", ""rep_rank"": 2, ""attempt"": 1, ""raw_output"": ""{\""community_id\"": 492, \""dominant_experience_level\"": \""junior\"", \""entry_accessibility\"": \""moderate_entry_barrier\"", \""community_label\"": \""Bakery Food Service Representative\"", \""defining_skills\"": [\""customer service\"", \""food handling\"", \""retail experience\""], \""defining_responsibility_signals\"": [\""customer interaction\"", \""food preparation\""] , \""confidence\"": \""high\""}""}, {""community_id"": 492, ""dominant_experience_level"": ""junior"", ""entry_accessibility"": ""moderate_entry_barrier"", ""community_label"": ""Bakery Food Service Representative"", ""defining_skills"": [""customer_service"", ""food_preparation"", ""retail""], ""defining_responsibility_signals"": [""customer_engagement"", ""team_collaboration""], ""confidence"": ""high"", ""rep_rank"": 3, ""attempt"": 1, ""raw_output"": ""{\""community_id\"": 492, \""dominant_experience_level\"": \""junior\"", \""entry_accessibility\"": \""moderate_entry_barrier\"", \""community_label\"": \""Bakery Food Service Representative\"", \""defining_skills\"": [\""customer_service\"", \""food_preparation\"", \""retail\""], \""defining_responsibility_signals\"": [\""customer_engagement\"", \""team_collaboration\""] , \""confidence\"": \""high\""}""}]",20
493,27,mid,moderate_entry_barrier,Lead Software Engineer,"['cloud', 'automation', 'software']","['leadership', 'architect']",high,1.0,1.0,0.333,0.778,3,"lead, engineer, software, cloud, stack, architect, technical, automation, platform, systems, salesforce, net","[{""community_id"": 493, ""dominant_experience_level"": ""mid"", ""entry_accessibility"": ""moderate_entry_barrier"", ""community_label"": ""Lead Software Engineer"", ""defining_skills"": [""cloud"", ""automation"", ""software""], ""defining_responsibility_signals"": [""architect"", ""technical""], ""confidence"": ""high"", ""rep_rank"": 1, ""attempt"": 1, ""raw_output"": ""{\""community_id\"": 493, \""dominant_experience_level\"": \""mid\"", \""entry_accessibility\"": \""moderate_entry_barrier\"", \""community_label\"": \""Lead Software Engineer\"", \""defining_skills\"": [\""cloud\"", \""automation\"", \""software\""], \""defining_responsibility_signals\"": [\""architect\"", \""technical\""] , \""confidence\"": \""high\""}""}, {""community_id"": 493, ""dominant_experience_level"": ""mid"", ""entry_accessibility"": ""moderate_entry_barrier"", ""community_label"": ""Cloud Software Engineer"", ""defining_skills"": [""cloud"", ""automation"", ""software engineering""], ""defining_responsibility_signals"": [""leadership"", ""architectural design""], ""confidence"": ""high"", ""rep_rank"": 2, ""attempt"": 1, ""raw_output"": ""{\""community_id\"": 493, \""dominant_experience_level\"": \""mid\"", \""entry_accessibility\"": \""moderate_entry_barrier\"", \""community_label\"": \""Cloud Software Engineer\"", \""defining_skills\"": [\""cloud\"", \""automation\"", \""software engineering\""], \""defining_responsibility_signals\"": [\""leadership\"", \""architectural design\""] , \""confidence\"": \""high\""}""}, {""community_id"": 493, ""dominant_experience_level"": ""mid"", ""entry_accessibility"": ""moderate_entry_barrier"", ""community_label"": ""Senior Software Engineer"", ""defining_skills"": [""cloud"", ""stack"", ""systems""], ""defining_responsibility_signals"": [""leadership"", ""standards_development""], ""confidence"": ""high"", ""rep_rank"": 3, ""attempt"": 1, ""raw_output"": ""{\""community_id\"": 493, \""dominant_experience_level\"": \""mid\"", \""entry_accessibility\"": \""moderate_entry_barrier\"", \""community_label\"": \""Senior Software Engineer\"", \""defining_skills\"": [\""cloud\"", \""stack\"", \""systems\""], \""defining_responsibility_signals\"": [\""leadership\"", \""standards_development\""] , \""confidence\"": \""high\""}""}]",20
494,27,senior,moderate_entry_barrier,Oracle Cloud Integration Experts,"['Oracle', 'ServiceNow', 'Cloud Integration']","['leadership', 'technical team management']",high,1.0,1.0,0.333,0.778,3,"developer, oracle, senior, servicenow, cloud, integration, consultant, engineer, erp, architect, administrator, functional","[{""community_id"": 494, ""dominant_experience_level"": ""senior"", ""entry_accessibility"": ""moderate_entry_barrier"", ""community_label"": ""Oracle Cloud Integration Experts"", ""defining_skills"": [""Oracle"", ""ServiceNow"", ""Cloud Integration""], ""defining_responsibility_signals"": [""leadership"", ""technical team management""], ""confidence"": ""high"", ""rep_rank"": 1, ""attempt"": 1, ""raw_output"": ""{\""community_id\"": 494, \""dominant_experience_level\"": \""senior\"", \""entry_accessibility\"": \""moderate_entry_barrier\"", \""community_label\"": \""Oracle Cloud Integration Experts\"", \""defining_skills\"": [\""Oracle\"", \""ServiceNow\"", \""Cloud Integration\""], \""defining_responsibility_signals\"": [\""leadership\"", \""technical team management\""] , \""confidence\"": \""high\""}""}, {""community_id"": 494, ""dominant_experience_level"": ""senior"", ""entry_accessibility"": ""moderate_entry_barrier"", ""community_label"": ""Oracle Cloud Infrastructure Experts"", ""defining_skills"": [""OIM Development"", ""Identity Management"", ""SOA""], ""defining_responsibility_signals"": [""Consulting"", ""Integration""], ""confidence"": ""high"", ""rep_rank"": 2, ""attempt"": 1, ""raw_output"": ""{\""community_id\"": 494, \""dominant_experience_level\"": \""senior\"", \""entry_accessibility\"": \""moderate_entry_barrier\"", \""community_label\"": \""Oracle Cloud Infrastructure Experts\"", \""defining_skills\"": [\""OIM Development\"", \""Identity Management\"", \""SOA\""], \""defining_responsibility_signals\"": [\""Consulting\"", \""Integration\""] , \""confidence\"": \""high\""}""}, {""community_id"": 494, ""dominant_experience_level"": ""senior"", ""entry_accessibility"": ""moderate_entry_barrier"", ""community_label"": ""Integration Developers"", ""defining_skills"": [""Oracle"", ""ServiceNow"", ""Cloud Integration""], ""defining_responsibility_signals"": [""leadership"", ""certification""], ""confidence"": ""high"", ""rep_rank"": 3, ""attempt"": 1, ""raw_output"": ""{\""community_id\"": 494, \""dominant_experience_level\"": \""senior\"", \""entry_accessibility\"": \""moderate_entry_barrier\"", \""community_label\"": \""Integration Developers\"", \""defining_skills\"": [\""Oracle\"", \""ServiceNow\"", \""Cloud Integration\""], \""defining_responsibility_signals\"": [\""leadership\"", \""certification\""] , \""confidence\"": \""high\""}""}]",20
495,27,junior,moderate_entry_barrier,Retail Store Associate,"['sales', 'customer_service', 'stock_management']","['stock_produce', 'stock_meat_seafood']",high,1.0,1.0,0.667,0.889,3,"sales, hannaford, shopper, produce, meat, market, stock, crew, nights, hourly, seasonal, seafood","[{""community_id"": 495, ""dominant_experience_level"": ""junior"", ""entry_accessibility"": ""moderate_entry_barrier"", ""community_label"": ""Retail Store Associate"", ""defining_skills"": [""sales"", ""customer_service"", ""stock_management""], ""defining_responsibility_signals"": [""stock_produce"", ""stock_meat_seafood""], ""confidence"": ""high"", ""rep_rank"": 1, ""attempt"": 1, ""raw_output"": ""{\""community_id\"": 495, \""dominant_experience_level\"": \""junior\"", \""entry_accessibility\"": \""moderate_entry_barrier\"", \""community_label\"": \""Retail Store Associate\"", \""defining_skills\"": [\""sales\"", \""customer_service\"", \""stock_management\""], \""defining_responsibility_signals\"": [\""stock_produce\"", \""stock_meat_seafood\""] , \""confidence\"": \""high\""}""}, {""community_id"": 495, ""dominant_experience_level"": ""junior"", ""entry_accessibility"": ""moderate_entry_barrier"", ""community_label"": ""Retail Store Associate"", ""defining_skills"": [""sales"", ""stock management"", ""customer service""], ""defining_responsibility_signals"": [""stocking shelves"", ""assisting shoppers""], ""confidence"": ""high"", ""rep_rank"": 2, ""attempt"": 1, ""raw_output"": ""{\""community_id\"": 495, \""dominant_experience_level\"": \""junior\"", \""entry_accessibility\"": \""moderate_entry_barrier\"", \""community_label\"": \""Retail Store Associate\"", \""defining_skills\"": [\""sales\"", \""stock management\"", \""customer service\""], \""defining_responsibility_signals\"": [\""stocking shelves\"", \""assisting shoppers\""] , \""confidence\"": \""high\""}""}, {""community_id"": 495, ""dominant_experience_level"": ""junior"", ""entry_accessibility"": ""moderate_entry_barrier"", ""community_label"": ""Retail Sales Associate"", ""defining_skills"": [""sales"", ""produce"", ""meat""], ""defining_responsibility_signals"": [""stock"", ""crew""], ""confidence"": ""high"", ""rep_rank"": 3, ""attempt"": 1, ""raw_output"": ""{\""community_id\"": 495, \""dominant_experience_level\"": \""junior\"", \""entry_accessibility\"": \""moderate_entry_barrier\"", \""community_label\"": \""Retail Sales Associate\"", \""defining_skills\"": [\""sales\"", \""produce\"", \""meat\""], \""defining_responsibility_signals\"": [\""stock\"", \""crew\""] , \""confidence\"": \""high\""}""}]",20
496,27,junior,moderate_entry_barrier,Mortgage Loan Officers,"['loan processing', 'sales', 'consumer finance']","['meet sales targets', 'provide excellent customer service']",high,1.0,1.0,0.667,0.889,3,"loan, sales, consumer, officer, specialist, representative, mortgage, operations, entry, service, career, changers","[{""community_id"": 496, ""dominant_experience_level"": ""junior"", ""entry_accessibility"": ""moderate_entry_barrier"", ""community_label"": ""Mortgage Loan Officers"", ""defining_skills"": [""loan processing"", ""sales"", ""consumer finance""], ""defining_responsibility_signals"": [""meet sales targets"", ""provide excellent customer service""], ""confidence"": ""high"", ""rep_rank"": 1, ""attempt"": 1, ""raw_output"": ""{\""community_id\"": 496, \""dominant_experience_level\"": \""junior\"", \""entry_accessibility\"": \""moderate_entry_barrier\"", \""community_label\"": \""Mortgage Loan Officers\"", \""defining_skills\"": [\""loan processing\"", \""sales\"", \""consumer finance\""], \""defining_responsibility_signals\"": [\""meet sales targets\"", \""provide excellent customer service\""] , \""confidence\"": \""high\""}""}, {""community_id"": 496, ""dominant_experience_level"": ""junior"", ""entry_accessibility"": ""moderate_entry_barrier"", ""community_label"": ""Mortgage Loan Officers"", ""defining_skills"": [""loan processing"", ""sales"", ""customer service""], ""defining_responsibility_signals"": [""meet sales targets"", ""provide excellent customer service""], ""confidence"": ""high"", ""rep_rank"": 2, ""attempt"": 1, ""raw_output"": ""{\""community_id\"": 496, \""dominant_experience_level\"": \""junior\"", \""entry_accessibility\"": \""moderate_entry_barrier\"", \""community_label\"": \""Mortgage Loan Officers\"", \""defining_skills\"": [\""loan processing\"", \""sales\"", \""customer service\""], \""defining_responsibility_signals\"": [\""meet sales targets\"", \""provide excellent customer service\""] , \""confidence\"": \""high\""}""}, {""community_id"": 496, ""dominant_experience_level"": ""junior"", ""entry_accessibility"": ""moderate_entry_barrier"", ""community_label"": ""Consumer Loan Fulfillment"", ""defining_skills"": [""loan processing"", ""mortgage"", ""consumer lending""], ""defining_responsibility_signals"": [""subject matter expert"", ""liaise with business units""], ""confidence"": ""high"", ""rep_rank"": 3, ""attempt"": 1, ""raw_output"": ""{\""community_id\"": 496, \""dominant_experience_level\"": \""junior\"", \""entry_accessibility\"": \""moderate_entry_barrier\"", \""community_label\"": \""Consumer Loan Fulfillment\"", \""defining_skills\"": [\""loan processing\"", \""mortgage\"", \""consumer lending\""], \""defining_responsibility_signals\"": [\""subject matter expert\"", \""liaise with business units\""] , \""confidence\"": \""high\""}""}]",20
497,27,junior,moderate_entry_barrier,Machine Operator,"['machine operation', 'shift work', 'extrusion']","['night shift', 'machine maintenance']",high,1.0,1.0,0.333,0.778,3,"operator, production, shift, day, machine, plant, weekend, mill, manufacturing, press, all, shifts","[{""community_id"": 497, ""dominant_experience_level"": ""junior"", ""entry_accessibility"": ""moderate_entry_barrier"", ""community_label"": ""Machine Operator"", ""defining_skills"": [""machine operation"", ""extrusion"", ""plastics manufacturing""], ""defining_responsibility_signals"": [""night shift"", ""machine maintenance""], ""confidence"": ""high"", ""rep_rank"": 1, ""attempt"": 1, ""raw_output"": ""{\""community_id\"": 497, \""dominant_experience_level\"": \""junior\"", \""entry_accessibility\"": \""moderate_entry_barrier\"", \""community_label\"": \""Machine Operator\"", \""defining_skills\"": [\""machine operation\"", \""extrusion\"", \""plastics manufacturing\""], \""defining_responsibility_signals\"": [\""night shift\"", \""machine maintenance\""] , \""confidence\"": \""high\""}""}, {""community_id"": 497, ""dominant_experience_level"": ""junior"", ""entry_accessibility"": ""moderate_entry_barrier"", ""community_label"": ""Production Operator"", ""defining_skills"": [""machine operation"", ""shift work"", ""manufacturing processes""], ""defining_responsibility_signals"": [""weekend shifts"", ""evening shifts""], ""confidence"": ""high"", ""rep_rank"": 2, ""attempt"": 1, ""raw_output"": ""{\""community_id\"": 497, \""dominant_experience_level\"": \""junior\"", \""entry_accessibility\"": \""moderate_entry_barrier\"", \""community_label\"": \""Production Operator\"", \""defining_skills\"": [\""machine operation\"", \""shift work\"", \""manufacturing processes\""], \""defining_responsibility_signals\"": [\""weekend shifts\"", \""evening shifts\""] , \""confidence\"": \""high\""}""}, {""community_id"": 497, ""dominant_experience_level"": ""junior"", ""entry_accessibility"": ""moderate_entry_barrier"", ""community_label"": ""Manufacturing Operator"", ""defining_skills"": [""machine operation"", ""production process"", ""shift work""], ""defining_responsibility_signals"": [""shift work"", ""machine operation""], ""confidence"": ""high"", ""rep_rank"": 3, ""attempt"": 1, ""raw_output"": ""{\""community_id\"": 497, \""dominant_experience_level\"": \""junior\"", \""entry_accessibility\"": \""moderate_entry_barrier\"", \""community_label\"": \""Manufacturing Operator\"", \""defining_skills\"": [\""machine operation\"", \""production process\"", \""shift work\""], \""defining_responsibility_signals\"": [\""shift work\"", \""machine operation\""] , \""confidence\"": \""high\""}""}]",20
498,27,mid,moderate_entry_barrier,Collateralized Loan Obligations (CLO) Analyst,"['syndicated loans', 'collateralized loan obligations', 'clos']","['analyst', 'treasury operations']",high,1.0,1.0,0.333,0.778,3,"analyst, operations, treasury, specialist, loan, syndicated, compliance, equity, collateralized, obligations, clos, loans","[{""community_id"": 498, ""dominant_experience_level"": ""mid"", ""entry_accessibility"": ""moderate_entry_barrier"", ""community_label"": ""Collateralized Loan Obligations (CLO) Analyst"", ""defining_skills"": [""syndicated loans"", ""collateralized loan obligations"", ""clos""], ""defining_responsibility_signals"": [""analyst"", ""treasury operations""], ""confidence"": ""high"", ""rep_rank"": 1, ""attempt"": 1, ""raw_output"": ""{\""community_id\"": 498, \""dominant_experience_level\"": \""mid\"", \""entry_accessibility\"": \""moderate_entry_barrier\"", \""community_label\"": \""Collateralized Loan Obligations (CLO) Analyst\"", \""defining_skills\"": [\""syndicated loans\"", \""collateralized loan obligations\"", \""clos\""], \""defining_responsibility_signals\"": [\""analyst\"", \""treasury operations\""] , \""confidence\"": \""high\""}""}, {""community_id"": 498, ""dominant_experience_level"": ""mid"", ""entry_accessibility"": ""moderate_entry_barrier"", ""community_label"": ""Syndicated Finance Analyst"", ""defining_skills"": [""syndicated loans"", ""treasury operations"", ""compliance""], ""defining_responsibility_signals"": [""analyze loan obligations"", ""collateral management""], ""confidence"": ""high"", ""rep_rank"": 2, ""attempt"": 1, ""raw_output"": ""{\""community_id\"": 498, \""dominant_experience_level\"": \""mid\"", \""entry_accessibility\"": \""moderate_entry_barrier\"", \""community_label\"": \""Syndicated Finance Analyst\"", \""defining_skills\"": [\""syndicated loans\"", \""treasury operations\"", \""compliance\""], \""defining_responsibility_signals\"": [\""analyze loan obligations\"", \""collateral management\""] , \""confidence\"": \""high\""}""}, {""community_id"": 498, ""dominant_experience_level"": ""mid"", ""entry_accessibility"": ""moderate_entry_barrier"", ""community_label"": ""Investment Banking Analyst"", ""defining_skills"": [""financial analysis"", ""syndicated loans"", ""equity obligations""], ""defining_responsibility_signals"": [""capital markets"", ""corporate clients""], ""confidence"": ""high"", ""rep_rank"": 3, ""attempt"": 1, ""raw_output"": ""{\""community_id\"": 498, \""dominant_experience_level\"": \""mid\"", \""entry_accessibility\"": \""moderate_entry_barrier\"", \""community_label\"": \""Investment Banking Analyst\"", \""defining_skills\"": [\""financial analysis\"", \""syndicated loans\"", \""equity obligations\""], \""defining_responsibility_signals\"": [\""capital markets\"", \""corporate clients\""] , \""confidence\"": \""high\""}""}]",20
499,27,junior,moderate_entry_barrier,Respiratory Therapists,"['respiratory care', 'acute setting', 'RRT certification']","['sign-on bonus', 'full-time']",high,1.0,1.0,0.667,0.889,3,"respiratory, therapist, registered, care, practitioner, travel, rrt, tuomey, ocala, sign, relo, new","[{""community_id"": 499, ""dominant_experience_level"": ""junior"", ""entry_accessibility"": ""moderate_entry_barrier"", ""community_label"": ""Respiratory Therapists"", ""defining_skills"": [""respiratory care"", ""acute setting"", ""RRT certification""], ""defining_responsibility_signals"": [""sign-on bonus"", ""full-time""], ""confidence"": ""high"", ""rep_rank"": 1, ""attempt"": 1, ""raw_output"": ""{\""community_id\"": 499, \""dominant_experience_level\"": \""junior\"", \""entry_accessibility\"": \""moderate_entry_barrier\"", \""community_label\"": \""Respiratory Therapists\"", \""defining_skills\"": [\""respiratory care\"", \""acute setting\"", \""RRT certification\""], \""defining_responsibility_signals\"": [\""sign-on bonus\"", \""full-time\""] , \""confidence\"": \""high\""}""}, {""community_id"": 499, ""dominant_experience_level"": ""junior"", ""entry_accessibility"": ""moderate_entry_barrier"", ""community_label"": ""Respiratory Therapists"", ""defining_skills"": [""respiratory care"", ""acute setting"", ""full-time""], ""defining_responsibility_signals"": [""sign-on bonus"", ""new grads or seasoned professionals""], ""confidence"": ""high"", ""rep_rank"": 2, ""attempt"": 1, ""raw_output"": ""{\""community_id\"": 499, \""dominant_experience_level\"": \""junior\"", \""entry_accessibility\"": \""moderate_entry_barrier\"", \""community_label\"": \""Respiratory Therapists\"", \""defining_skills\"": [\""respiratory care\"", \""acute setting\"", \""full-time\""], \""defining_responsibility_signals\"": [\""sign-on bonus\"", \""new grads or seasoned professionals\""] , \""confidence\"": \""high\""}""}, {""community_id"": 499, ""dominant_experience_level"": ""junior"", ""entry_accessibility"": ""moderate_entry_barrier"", ""community_label"": ""Respiratory Therapist"", ""defining_skills"": [""Respiratory Care"", ""CPR"", ""Oxygen Therapy""], ""defining_responsibility_signals"": [""Shift Work"", ""Floating Among Departments""], ""confidence"": ""high"", ""rep_rank"": 3, ""attempt"": 1, ""raw_output"": ""{\""community_id\"": 499, \""dominant_experience_level\"": \""junior\"", \""entry_accessibility\"": \""moderate_entry_barrier\"", \""community_label\"": \""Respiratory Therapist\"", \""defining_skills\"": [\""Respiratory Care\"", \""CPR\"", \""Oxygen Therapy\""], \""defining_responsibility_signals\"": [\""Shift Work\"", \""Floating Among Departments\""] , \""confidence\"": \""high\""}""}]",20
500,27,mid,moderate_entry_barrier,Paid Search & SEM Program Manager,"['Paid Search', 'Search Engine Marketing', 'SEM']","['Drive Paid Search Programs', 'Manage SEM Programs']",high,1.0,1.0,0.333,0.778,3,"manager, marketing, digital, senior, paid, advertising, search, media, liaison, program, product, engine","[{""community_id"": 500, ""dominant_experience_level"": ""mid"", ""entry_accessibility"": ""moderate_entry_barrier"", ""community_label"": ""Paid Search & SEM Program Manager"", ""defining_skills"": [""Paid Search"", ""SEM"", ""Search Engine Marketing""], ""defining_responsibility_signals"": [""Drive Paid Search Programs"", ""Manage SEM Programs""], ""confidence"": ""high"", ""rep_rank"": 1, ""attempt"": 1, ""raw_output"": ""{\""community_id\"": 500, \""dominant_experience_level\"": \""mid\"", \""entry_accessibility\"": \""moderate_entry_barrier\"", \""community_label\"": \""Paid Search & SEM Program Manager\"", \""defining_skills\"": [\""Paid Search\"", \""SEM\"", \""Search Engine Marketing\""], \""defining_responsibility_signals\"": [\""Drive Paid Search Programs\"", \""Manage SEM Programs\""] , \""confidence\"": \""high\""}""}, {""community_id"": 500, ""dominant_experience_level"": ""mid"", ""entry_accessibility"": ""moderate_entry_barrier"", ""community_label"": ""Paid Search & Digital Marketing"", ""defining_skills"": [""Paid Search"", ""Digital Marketing"", ""Global Business Growth""], ""defining_responsibility_signals"": [""Channel Management"", ""New Customer Acquisition""], ""confidence"": ""high"", ""rep_rank"": 2, ""attempt"": 1, ""raw_output"": ""{\""community_id\"": 500, \""dominant_experience_level\"": \""mid\"", \""entry_accessibility\"": \""moderate_entry_barrier\"", \""community_label\"": \""Paid Search & Digital Marketing\"", \""defining_skills\"": [\""Paid Search\"", \""Digital Marketing\"", \""Global Business Growth\""], \""defining_responsibility_signals\"": [\""Channel Management\"", \""New Customer Acquisition\""] , \""confidence\"": \""high\""}""}, {""community_id"": 500, ""dominant_experience_level"": ""mid"", ""entry_accessibility"": ""moderate_entry_barrier"", ""community_label"": ""Digital Marketing"", ""defining_skills"": [""Paid Advertising"", ""Search Engine Marketing"", ""Media Liaison""], ""defining_responsibility_signals"": [""Campaign Development"", ""Platform Management""], ""confidence"": ""high"", ""rep_rank"": 3, ""attempt"": 1, ""raw_output"": ""{\""community_id\"": 500, \""dominant_experience_level\"": \""mid\"", \""entry_accessibility\"": \""moderate_entry_barrier\"", \""community_label\"": \""Digital Marketing\"", \""defining_skills\"": [\""Paid Advertising\"", \""Search Engine Marketing\"", \""Media Liaison\""], \""defining_responsibility_signals\"": [\""Campaign Development\"", \""Platform Management\""] , \""confidence\"": \""high\""}""}]",21
501,27,mid,moderate_entry_barrier,Retail Management,"['Sales Support', 'Team Leadership', 'Customer Service']","['Manage Sales Team', 'Oversee Outlets']",high,1.0,1.0,1.0,1.0,3,"bbw, asst, mgr, supervisor, mall, plaza, sales, support, key, holder, outlets, square","[{""community_id"": 501, ""dominant_experience_level"": ""mid"", ""entry_accessibility"": ""moderate_entry_barrier"", ""community_label"": ""Retail Management"", ""defining_skills"": [""Sales Support"", ""Team Leadership"", ""Customer Service""], ""defining_responsibility_signals"": [""Manage Sales Team"", ""Oversee Outlets""], ""confidence"": ""high"", ""rep_rank"": 1, ""attempt"": 1, ""raw_output"": ""{\""community_id\"": 501, \""dominant_experience_level\"": \""mid\"", \""entry_accessibility\"": \""moderate_entry_barrier\"", \""community_label\"": \""Retail Management\"", \""defining_skills\"": [\""Sales Support\"", \""Team Leadership\"", \""Customer Service\""], \""defining_responsibility_signals\"": [\""Manage Sales Team\"", \""Oversee Outlets\""] , \""confidence\"": \""high\""}""}, {""community_id"": 501, ""dominant_experience_level"": ""mid"", ""entry_accessibility"": ""moderate_entry_barrier"", ""community_label"": ""Retail Management"", ""defining_skills"": [""Sales Support"", ""Team Leadership"", ""Retail Operations""], ""defining_responsibility_signals"": [""Manage Sales Team"", ""Oversee Outlets""], ""confidence"": ""high"", ""rep_rank"": 2, ""attempt"": 1, ""raw_output"": ""{\""community_id\"": 501, \""dominant_experience_level\"": \""mid\"", \""entry_accessibility\"": \""moderate_entry_barrier\"", \""community_label\"": \""Retail Management\"", \""defining_skills\"": [\""Sales Support\"", \""Team Leadership\"", \""Retail Operations\""], \""defining_responsibility_signals\"": [\""Manage Sales Team\"", \""Oversee Outlets\""] , \""confidence\"": \""high\""}""}, {""community_id"": 501, ""dominant_experience_level"": ""mid"", ""entry_accessibility"": ""moderate_entry_barrier"", ""community_label"": ""Retail Management"", ""defining_skills"": [""Sales Support"", ""Team Leadership"", ""Customer Service""], ""defining_responsibility_signals"": [""Manage Sales Team"", ""Oversee Outlets""], ""confidence"": ""high"", ""rep_rank"": 3, ""attempt"": 1, ""raw_output"": ""{\""community_id\"": 501, \""dominant_experience_level\"": \""mid\"", \""entry_accessibility\"": \""moderate_entry_barrier\"", \""community_label\"": \""Retail Management\"", \""defining_skills\"": [\""Sales Support\"", \""Team Leadership\"", \""Customer Service\""], \""defining_responsibility_signals\"": [\""Manage Sales Team\"", \""Oversee Outlets\""] , \""confidence\"": \""high\""}""}]",21
502,27,mid,moderate_entry_barrier,ServiceNow Technical Delivery,"['ServiceNow', 'Technical Delivery', 'Program Management']","['Leadership', 'Certification']",high,1.0,1.0,0.333,0.778,3,"manager, servicenow, program, technical, specialist, senior, systems, engineer, software, delivery, administrator, developer","[{""community_id"": 502, ""dominant_experience_level"": ""mid"", ""entry_accessibility"": ""moderate_entry_barrier"", ""community_label"": ""ServiceNow Technical Delivery"", ""defining_skills"": [""ServiceNow"", ""Technical Delivery"", ""Program Management""], ""defining_responsibility_signals"": [""Leadership"", ""Certification""], ""confidence"": ""high"", ""rep_rank"": 1, ""attempt"": 1, ""raw_output"": ""{\""community_id\"": 502, \""dominant_experience_level\"": \""mid\"", \""entry_accessibility\"": \""moderate_entry_barrier\"", \""community_label\"": \""ServiceNow Technical Delivery\"", \""defining_skills\"": [\""ServiceNow\"", \""Technical Delivery\"", \""Program Management\""], \""defining_responsibility_signals\"": [\""Leadership\"", \""Certification\""] , \""confidence\"": \""high\""}""}, {""community_id"": 502, ""dominant_experience_level"": ""mid"", ""entry_accessibility"": ""moderate_entry_barrier"", ""community_label"": ""ServiceNow Technical Delivery Manager"", ""defining_skills"": [""ServiceNow platform"", ""ServiceNow modules"", ""ITSM, ITOM/Discovery, HRS, CSM""], ""defining_responsibility_signals"": [""Delivery management"", ""Cross-platform collaboration""], ""confidence"": ""high"", ""rep_rank"": 2, ""attempt"": 1, ""raw_output"": ""{\""community_id\"": 502, \""dominant_experience_level\"": \""mid\"", \""entry_accessibility\"": \""moderate_entry_barrier\"", \""community_label\"": \""ServiceNow Technical Delivery Manager\"", \""defining_skills\"": [\""ServiceNow platform\"", \""ServiceNow modules\"", \""ITSM, ITOM/Discovery, HRS, CSM\""], \""defining_responsibility_signals\"": [\""Delivery management\"", \""Cross-platform collaboration\""] , \""confidence\"": \""high\""}""}, {""community_id"": 502, ""dominant_experience_level"": ""mid"", ""entry_accessibility"": ""moderate_entry_barrier"", ""community_label"": ""ServiceNow Technical Specialist"", ""defining_skills"": [""ServiceNow"", ""Predictive Intelligence"", ""ITSM Suite""], ""defining_responsibility_signals"": [""deliver end-to-end automated solutions"", ""architect development""], ""confidence"": ""high"", ""rep_rank"": 3, ""attempt"": 1, ""raw_output"": ""{\""community_id\"": 502, \""dominant_experience_level\"": \""mid\"", \""entry_accessibility\"": \""moderate_entry_barrier\"", \""community_label\"": \""ServiceNow Technical Specialist\"", \""defining_skills\"": [\""ServiceNow\"", \""Predictive Intelligence\"", \""ITSM Suite\""], \""defining_responsibility_signals\"": [\""deliver end-to-end automated solutions\"", \""architect development\""] , \""confidence\"": \""high\""}""}]",21
503,27,junior,moderate_entry_barrier,Front Desk Agent,"['customer_service', 'hotel_operations', 'concierge']","['guest_greeting', 'account_settlement']",high,1.0,1.0,1.0,1.0,3,"front, desk, agent, sales, coordinator, catering, driver, 17hr, kimpton, marlowe, hotel, 35hr","[{""community_id"": 503, ""dominant_experience_level"": ""junior"", ""entry_accessibility"": ""moderate_entry_barrier"", ""community_label"": ""Front Desk Agent"", ""defining_skills"": [""customer_service"", ""hotel_operations"", ""concierge""], ""defining_responsibility_signals"": [""guest_greeting"", ""account_settlement""], ""confidence"": ""high"", ""rep_rank"": 1, ""attempt"": 1, ""raw_output"": ""{\""community_id\"": 503, \""dominant_experience_level\"": \""junior\"", \""entry_accessibility\"": \""moderate_entry_barrier\"", \""community_label\"": \""Front Desk Agent\"", \""defining_skills\"": [\""customer_service\"", \""hotel_operations\"", \""concierge\""], \""defining_responsibility_signals\"": [\""guest_greeting\"", \""account_settlement\""] , \""confidence\"": \""high\""}""}, {""community_id"": 503, ""dominant_experience_level"": ""junior"", ""entry_accessibility"": ""moderate_entry_barrier"", ""community_label"": ""Front Desk Agent"", ""defining_skills"": [""customer_service"", ""hotel_operations"", ""reservation_management""], ""defining_responsibility_signals"": [""guest_greeting"", ""account_settlement""], ""confidence"": ""high"", ""rep_rank"": 2, ""attempt"": 1, ""raw_output"": ""{\""community_id\"": 503, \""dominant_experience_level\"": \""junior\"", \""entry_accessibility\"": \""moderate_entry_barrier\"", \""community_label\"": \""Front Desk Agent\"", \""defining_skills\"": [\""customer_service\"", \""hotel_operations\"", \""reservation_management\""], \""defining_responsibility_signals\"": [\""guest_greeting\"", \""account_settlement\""] , \""confidence\"": \""high\""}""}, {""community_id"": 503, ""dominant_experience_level"": ""junior"", ""entry_accessibility"": ""moderate_entry_barrier"", ""community_label"": ""Front Desk Agent"", ""defining_skills"": [""customer_service"", ""hotel_operations"", ""concierge""], ""defining_responsibility_signals"": [""guest_greeting"", ""account_settlement""], ""confidence"": ""high"", ""rep_rank"": 3, ""attempt"": 1, ""raw_output"": ""{\""community_id\"": 503, \""dominant_experience_level\"": \""junior\"", \""entry_accessibility\"": \""moderate_entry_barrier\"", \""community_label\"": \""Front Desk Agent\"", \""defining_skills\"": [\""customer_service\"", \""hotel_operations\"", \""concierge\""], \""defining_responsibility_signals\"": [\""guest_greeting\"", \""account_settlement\""] , \""confidence\"": \""high\""}""}]",21
504,27,junior,moderate_entry_barrier,Home Care Assistant,"['caregiving', 'personal care', 'residential care']","['client care', 'home care services']",high,1.0,1.0,1.0,1.0,3,"caregiver, personal, care, assistant, experience, resident, elderly, clients, aide, home, cna, server","[{""community_id"": 504, ""dominant_experience_level"": ""junior"", ""entry_accessibility"": ""moderate_entry_barrier"", ""community_label"": ""Home Care Assistant"", ""defining_skills"": [""caregiving"", ""personal care"", ""residential care""], ""defining_responsibility_signals"": [""client care"", ""home care services""], ""confidence"": ""high"", ""rep_rank"": 1, ""attempt"": 1, ""raw_output"": ""{\""community_id\"": 504, \""dominant_experience_level\"": \""junior\"", \""entry_accessibility\"": \""moderate_entry_barrier\"", \""community_label\"": \""Home Care Assistant\"", \""defining_skills\"": [\""caregiving\"", \""personal care\"", \""residential care\""], \""defining_responsibility_signals\"": [\""client care\"", \""home care services\""] , \""confidence\"": \""high\""}""}, {""community_id"": 504, ""dominant_experience_level"": ""junior"", ""entry_accessibility"": ""moderate_entry_barrier"", ""community_label"": ""Home Care Assistant"", ""defining_skills"": [""caregiving"", ""personal care"", ""elderly care""], ""defining_responsibility_signals"": [""provide in-home care"", ""assist elderly clients""], ""confidence"": ""high"", ""rep_rank"": 2, ""attempt"": 1, ""raw_output"": ""{\""community_id\"": 504, \""dominant_experience_level\"": \""junior\"", \""entry_accessibility\"": \""moderate_entry_barrier\"", \""community_label\"": \""Home Care Assistant\"", \""defining_skills\"": [\""caregiving\"", \""personal care\"", \""elderly care\""], \""defining_responsibility_signals\"": [\""provide in-home care\"", \""assist elderly clients\""] , \""confidence\"": \""high\""}""}, {""community_id"": 504, ""dominant_experience_level"": ""junior"", ""entry_accessibility"": ""moderate_entry_barrier"", ""community_label"": ""Home Care Assistant"", ""defining_skills"": [""caregiving"", ""personal care"", ""residential care""], ""defining_responsibility_signals"": [""care for elderly clients"", ""in-home care""], ""confidence"": ""high"", ""rep_rank"": 3, ""attempt"": 1, ""raw_output"": ""{\""community_id\"": 504, \""dominant_experience_level\"": \""junior\"", \""entry_accessibility\"": \""moderate_entry_barrier\"", \""community_label\"": \""Home Care Assistant\"", \""defining_skills\"": [\""caregiving\"", \""personal care\"", \""residential care\""], \""defining_responsibility_signals\"": [\""care for elderly clients\"", \""in-home care\""] , \""confidence\"": \""high\""}""}]",21
505,27,mid,moderate_entry_barrier,Insurance Sales,"['sales', 'insurance', 'licensed']","['inside sales', 'telesales']",high,1.0,1.0,1.0,1.0,3,"insurance, sales, agent, commercial, csr, personal, inside, underwriting, life, representative, telesales, licensed","[{""community_id"": 505, ""dominant_experience_level"": ""mid"", ""entry_accessibility"": ""moderate_entry_barrier"", ""community_label"": ""Insurance Sales"", ""defining_skills"": [""sales"", ""insurance"", ""licensed""], ""defining_responsibility_signals"": [""inside sales"", ""telesales""], ""confidence"": ""high"", ""rep_rank"": 1, ""attempt"": 1, ""raw_output"": ""{\""community_id\"": 505, \""dominant_experience_level\"": \""mid\"", \""entry_accessibility\"": \""moderate_entry_barrier\"", \""community_label\"": \""Insurance Sales\"", \""defining_skills\"": [\""sales\"", \""insurance\"", \""licensed\""], \""defining_responsibility_signals\"": [\""inside sales\"", \""telesales\""] , \""confidence\"": \""high\""}""}, {""community_id"": 505, ""dominant_experience_level"": ""mid"", ""entry_accessibility"": ""moderate_entry_barrier"", ""community_label"": ""Insurance Sales"", ""defining_skills"": [""sales"", ""insurance"", ""agent""], ""defining_responsibility_signals"": [""inside sales"", ""grow sales career""], ""confidence"": ""high"", ""rep_rank"": 2, ""attempt"": 1, ""raw_output"": ""{\""community_id\"": 505, \""dominant_experience_level\"": \""mid\"", \""entry_accessibility\"": \""moderate_entry_barrier\"", \""community_label\"": \""Insurance Sales\"", \""defining_skills\"": [\""sales\"", \""insurance\"", \""agent\""], \""defining_responsibility_signals\"": [\""inside sales\"", \""grow sales career\""] , \""confidence\"": \""high\""}""}, {""community_id"": 505, ""dominant_experience_level"": ""mid"", ""entry_accessibility"": ""moderate_entry_barrier"", ""community_label"": ""Insurance Sales"", ""defining_skills"": [""sales"", ""licensed"", ""insurance""], ""defining_responsibility_signals"": [""sales"", ""customer_service""], ""confidence"": ""high"", ""rep_rank"": 3, ""attempt"": 1, ""raw_output"": ""{\""community_id\"": 505, \""dominant_experience_level\"": \""mid\"", \""entry_accessibility\"": \""moderate_entry_barrier\"", \""community_label\"": \""Insurance Sales\"", \""defining_skills\"": [\""sales\"", \""licensed\"", \""insurance\""], \""defining_responsibility_signals\"": [\""sales\"", \""customer_service\""] , \""confidence\"": \""high\""}""}]",21
506,27,mid,moderate_entry_barrier,Credit Risk Management,"['credit analysis', 'risk assessment', 'portfolio management']","['review', 'business analysis']",high,1.0,1.0,1.0,1.0,3,"credit, analyst, risk, senior, commercial, portfolio, manager, officer, underwriter, intern, review, business","[{""community_id"": 506, ""dominant_experience_level"": ""mid"", ""entry_accessibility"": ""moderate_entry_barrier"", ""community_label"": ""Credit Risk Management"", ""defining_skills"": [""credit analysis"", ""risk assessment"", ""portfolio management""], ""defining_responsibility_signals"": [""review"", ""business analysis""], ""confidence"": ""high"", ""rep_rank"": 1, ""attempt"": 1, ""raw_output"": ""{\""community_id\"": 506, \""dominant_experience_level\"": \""mid\"", \""entry_accessibility\"": \""moderate_entry_barrier\"", \""community_label\"": \""Credit Risk Management\"", \""defining_skills\"": [\""credit analysis\"", \""risk assessment\"", \""portfolio management\""], \""defining_responsibility_signals\"": [\""review\"", \""business analysis\""] , \""confidence\"": \""high\""}""}, {""community_id"": 506, ""dominant_experience_level"": ""mid"", ""entry_accessibility"": ""moderate_entry_barrier"", ""community_label"": ""Credit Risk Management"", ""defining_skills"": [""credit analysis"", ""risk assessment"", ""portfolio management""], ""defining_responsibility_signals"": [""review"", ""business analysis""], ""confidence"": ""high"", ""rep_rank"": 2, ""attempt"": 1, ""raw_output"": ""{\""community_id\"": 506, \""dominant_experience_level\"": \""mid\"", \""entry_accessibility\"": \""moderate_entry_barrier\"", \""community_label\"": \""Credit Risk Management\"", \""defining_skills\"": [\""credit analysis\"", \""risk assessment\"", \""portfolio management\""], \""defining_responsibility_signals\"": [\""review\"", \""business analysis\""] , \""confidence\"": \""high\""}""}, {""community_id"": 506, ""dominant_experience_level"": ""mid"", ""entry_accessibility"": ""moderate_entry_barrier"", ""community_label"": ""Credit Risk Management"", ""defining_skills"": [""credit analysis"", ""risk assessment"", ""portfolio management""], ""defining_responsibility_signals"": [""review"", ""business analysis""], ""confidence"": ""high"", ""rep_rank"": 3, ""attempt"": 1, ""raw_output"": ""{\""community_id\"": 506, \""dominant_experience_level\"": \""mid\"", \""entry_accessibility\"": \""moderate_entry_barrier\"", \""community_label\"": \""Credit Risk Management\"", \""defining_skills\"": [\""credit analysis\"", \""risk assessment\"", \""portfolio management\""], \""defining_responsibility_signals\"": [\""review\"", \""business analysis\""] , \""confidence\"": \""high\""}""}]",21
507,27,mid,moderate_entry_barrier,Mental Health Clinicians,"['Mental Health', 'Clinical', 'Care']","['Provide Care', 'Ensure Safety']",high,1.0,1.0,0.667,0.889,3,"clinical, mental, health, worker, specialist, clinician, manager, psychiatrist, care, social, therapist, services","[{""community_id"": 507, ""dominant_experience_level"": ""mid"", ""entry_accessibility"": ""moderate_entry_barrier"", ""community_label"": ""Mental Health Worker"", ""defining_skills"": [""Clinical"", ""Mental Health"", ""Care""], ""defining_responsibility_signals"": [""Provide Care"", ""Ensure Safety""], ""confidence"": ""high"", ""rep_rank"": 1, ""attempt"": 1, ""raw_output"": ""{\""community_id\"": 507, \""dominant_experience_level\"": \""mid\"", \""entry_accessibility\"": \""moderate_entry_barrier\"", \""community_label\"": \""Mental Health Worker\"", \""defining_skills\"": [\""Clinical\"", \""Mental Health\"", \""Care\""], \""defining_responsibility_signals\"": [\""Provide Care\"", \""Ensure Safety\""] , \""confidence\"": \""high\""}""}, {""community_id"": 507, ""dominant_experience_level"": ""mid"", ""entry_accessibility"": ""moderate_entry_barrier"", ""community_label"": ""Mental Health Clinicians"", ""defining_skills"": [""Clinical Care"", ""Mental Health"", ""Addiction Care""], ""defining_responsibility_signals"": [""Provide Clinical Care"", ""Supportive Team Environment""], ""confidence"": ""high"", ""rep_rank"": 2, ""attempt"": 1, ""raw_output"": ""{\""community_id\"": 507, \""dominant_experience_level\"": \""mid\"", \""entry_accessibility\"": \""moderate_entry_barrier\"", \""community_label\"": \""Mental Health Clinicians\"", \""defining_skills\"": [\""Clinical Care\"", \""Mental Health\"", \""Addiction Care\""], \""defining_responsibility_signals\"": [\""Provide Clinical Care\"", \""Supportive Team Environment\""] , \""confidence\"": \""high\""}""}, {""community_id"": 507, ""dominant_experience_level"": ""mid"", ""entry_accessibility"": ""moderate_entry_barrier"", ""community_label"": ""Mental Health Clinicians"", ""defining_skills"": [""Clinical"", ""Mental Health"", ""Care""], ""defining_responsibility_signals"": [""Leadership"", ""Certification""], ""confidence"": ""high"", ""rep_rank"": 3, ""attempt"": 1, ""raw_output"": ""{\""community_id\"": 507, \""dominant_experience_level\"": \""mid\"", \""entry_accessibility\"": \""moderate_entry_barrier\"", \""community_label\"": \""Mental Health Clinicians\"", \""defining_skills\"": [\""Clinical\"", \""Mental Health\"", \""Care\""], \""defining_responsibility_signals\"": [\""Leadership\"", \""Certification\""] , \""confidence\"": \""high\""}""}]",21
508,27,mid,moderate_entry_barrier,Mental Health Practitioners,"['licensed', 'mental health', 'therapist']","['virtual', 'clinical']",high,1.0,1.0,1.0,1.0,3,"licensed, mental, health, therapist, psychiatric, nurse, practitioner, psychologist, contractor, contracted, virtual, clinical","[{""community_id"": 508, ""dominant_experience_level"": ""mid"", ""entry_accessibility"": ""moderate_entry_barrier"", ""community_label"": ""Mental Health Practitioners"", ""defining_skills"": [""licensed"", ""mental health"", ""therapist""], ""defining_responsibility_signals"": [""virtual"", ""clinical""], ""confidence"": ""high"", ""rep_rank"": 1, ""attempt"": 1, ""raw_output"": ""{\""community_id\"": 508, \""dominant_experience_level\"": \""mid\"", \""entry_accessibility\"": \""moderate_entry_barrier\"", \""community_label\"": \""Mental Health Practitioners\"", \""defining_skills\"": [\""licensed\"", \""mental health\"", \""therapist\""], \""defining_responsibility_signals\"": [\""virtual\"", \""clinical\""] , \""confidence\"": \""high\""}""}, {""community_id"": 508, ""dominant_experience_level"": ""mid"", ""entry_accessibility"": ""moderate_entry_barrier"", ""community_label"": ""Mental Health Practitioners"", ""defining_skills"": [""Licensed Mental Health Therapist"", ""Psychiatric Nurse"", ""Psychologist""], ""defining_responsibility_signals"": [""Remote Work"", ""Clinical Experience""], ""confidence"": ""high"", ""rep_rank"": 2, ""attempt"": 1, ""raw_output"": ""{\""community_id\"": 508, \""dominant_experience_level\"": \""mid\"", \""entry_accessibility\"": \""moderate_entry_barrier\"", \""community_label\"": \""Mental Health Practitioners\"", \""defining_skills\"": [\""Licensed Mental Health Therapist\"", \""Psychiatric Nurse\"", \""Psychologist\""], \""defining_responsibility_signals\"": [\""Remote Work\"", \""Clinical Experience\""] , \""confidence\"": \""high\""}""}, {""community_id"": 508, ""dominant_experience_level"": ""mid"", ""entry_accessibility"": ""moderate_entry_barrier"", ""community_label"": ""Mental Health Practitioners"", ""defining_skills"": [""licensed"", ""mental health"", ""therapist""], ""defining_responsibility_signals"": [""virtual"", ""clinical""], ""confidence"": ""high"", ""rep_rank"": 3, ""attempt"": 1, ""raw_output"": ""{\""community_id\"": 508, \""dominant_experience_level\"": \""mid\"", \""entry_accessibility\"": \""moderate_entry_barrier\"", \""community_label\"": \""Mental Health Practitioners\"", \""defining_skills\"": [\""licensed\"", \""mental health\"", \""therapist\""], \""defining_responsibility_signals\"": [\""virtual\"", \""clinical\""] , \""confidence\"": \""high\""}""}]",21
509,27,mid,moderate_entry_barrier,Architecture & Design,"['architectural design', 'project management', 'urban design']","['leadership', 'experience in retail and hospitality properties']",high,1.0,1.0,1.0,1.0,3,"architect, project, manager, architectural, architecture, designer, senior, healthcare, leader, higher, education, urban","[{""community_id"": 509, ""dominant_experience_level"": ""mid"", ""entry_accessibility"": ""moderate_entry_barrier"", ""community_label"": ""Architecture & Design"", ""defining_skills"": [""architectural design"", ""project management"", ""urban design""], ""defining_responsibility_signals"": [""leadership"", ""experience in retail and hospitality properties""], ""confidence"": ""high"", ""rep_rank"": 1, ""attempt"": 1, ""raw_output"": ""{\""community_id\"": 509, \""dominant_experience_level\"": \""mid\"", \""entry_accessibility\"": \""moderate_entry_barrier\"", \""community_label\"": \""Architecture & Design\"", \""defining_skills\"": [\""architectural design\"", \""project management\"", \""urban design\""], \""defining_responsibility_signals\"": [\""leadership\"", \""experience in retail and hospitality properties\""] , \""confidence\"": \""high\""}""}, {""community_id"": 509, ""dominant_experience_level"": ""mid"", ""entry_accessibility"": ""moderate_entry_barrier"", ""community_label"": ""Architecture & Design"", ""defining_skills"": [""architectural design"", ""project management"", ""urban planning""], ""defining_responsibility_signals"": [""leadership"", ""community impact""], ""confidence"": ""high"", ""rep_rank"": 2, ""attempt"": 1, ""raw_output"": ""{\""community_id\"": 509, \""dominant_experience_level\"": \""mid\"", \""entry_accessibility\"": \""moderate_entry_barrier\"", \""community_label\"": \""Architecture & Design\"", \""defining_skills\"": [\""architectural design\"", \""project management\"", \""urban planning\""], \""defining_responsibility_signals\"": [\""leadership\"", \""community impact\""] , \""confidence\"": \""high\""}""}, {""community_id"": 509, ""dominant_experience_level"": ""mid"", ""entry_accessibility"": ""moderate_entry_barrier"", ""community_label"": ""Architecture & Design"", ""defining_skills"": [""architectural design"", ""construction planning"", ""interior design""], ""defining_responsibility_signals"": [""leadership"", ""project management""], ""confidence"": ""high"", ""rep_rank"": 3, ""attempt"": 1, ""raw_output"": ""{\""community_id\"": 509, \""dominant_experience_level\"": \""mid\"", \""entry_accessibility\"": \""moderate_entry_barrier\"", \""community_label\"": \""Architecture & Design\"", \""defining_skills\"": [\""architectural design\"", \""construction planning\"", \""interior design\""], \""defining_responsibility_signals\"": [\""leadership\"", \""project management\""], \""confidence\"": \""high\""}""}]",21
510,27,junior,moderate_entry_barrier,Hotel Housekeeping,"['Guest Service', 'Housekeeping', 'Teamwork']","['Shift Work', 'Holiday & Weekend Availability']",high,1.0,1.0,0.333,0.778,3,"hilton, guest, service, agent, coordinator, washington, orlando, manager, anatole, front, overnight, houseperson","[{""community_id"": 510, ""dominant_experience_level"": ""junior"", ""entry_accessibility"": ""moderate_entry_barrier"", ""community_label"": ""Hotel Housekeeping"", ""defining_skills"": [""Housekeeping"", ""Guest Service"", ""Teamwork""], ""defining_responsibility_signals"": [""Shift Work"", ""Holiday & Weekend Availability""], ""confidence"": ""high"", ""rep_rank"": 1, ""attempt"": 1, ""raw_output"": ""{\""community_id\"": 510, \""dominant_experience_level\"": \""junior\"", \""entry_accessibility\"": \""moderate_entry_barrier\"", \""community_label\"": \""Hotel Housekeeping\"", \""defining_skills\"": [\""Housekeeping\"", \""Guest Service\"", \""Teamwork\""], \""defining_responsibility_signals\"": [\""Shift Work\"", \""Holiday & Weekend Availability\""] , \""confidence\"": \""high\""}""}, {""community_id"": 510, ""dominant_experience_level"": ""junior"", ""entry_accessibility"": ""moderate_entry_barrier"", ""community_label"": ""Housekeeping"", ""defining_skills"": [""cleaning"", ""attention_to_detail"", ""teamwork""], ""defining_responsibility_signals"": [""maintain cleanliness"", ""guest interaction""], ""confidence"": ""high"", ""rep_rank"": 2, ""attempt"": 1, ""raw_output"": ""{\""community_id\"": 510, \""dominant_experience_level\"": \""junior\"", \""entry_accessibility\"": \""moderate_entry_barrier\"", \""community_label\"": \""Housekeeping\"", \""defining_skills\"": [\""cleaning\"", \""attention_to_detail\"", \""teamwork\""], \""defining_responsibility_signals\"": [\""maintain cleanliness\"", \""guest interaction\""] , \""confidence\"": \""high\""}""}, {""community_id"": 510, ""dominant_experience_level"": ""junior"", ""entry_accessibility"": ""moderate_entry_barrier"", ""community_label"": ""Front Office - Guest Services"", ""defining_skills"": [""Guest Service"", ""Front Office"", ""Overnight Shift""], ""defining_responsibility_signals"": [""Leadership Potential"", ""Bachelor's Degree (optional)""], ""confidence"": ""high"", ""rep_rank"": 3, ""attempt"": 1, ""raw_output"": ""{\""community_id\"": 510, \""dominant_experience_level\"": \""junior\"", \""entry_accessibility\"": \""moderate_entry_barrier\"", \""community_label\"": \""Front Office - Guest Services\"", \""defining_skills\"": [\""Guest Service\"", \""Front Office\"", \""Overnight Shift\""], \""defining_responsibility_signals\"": [\""Leadership Potential\"", \""Bachelor's Degree (optional)\""], \""confidence\"": \""high\""}""}]",21
511,27,mid,moderate_entry_barrier,Land Surveying Professionals,"['surveying', 'project management', 'team leadership']","['supervise', 'coordinate']",high,1.0,1.0,0.667,0.889,3,"survey, surveyor, land, technician, chief, project, surveying, party, leader, professional, manager, senior","[{""community_id"": 511, ""dominant_experience_level"": ""mid"", ""entry_accessibility"": ""moderate_entry_barrier"", ""community_label"": ""Land Surveying Professionals"", ""defining_skills"": [""surveying"", ""project management"", ""team leadership""], ""defining_responsibility_signals"": [""supervise"", ""coordinate""], ""confidence"": ""high"", ""rep_rank"": 1, ""attempt"": 1, ""raw_output"": ""{\""community_id\"": 511, \""dominant_experience_level\"": \""mid\"", \""entry_accessibility\"": \""moderate_entry_barrier\"", \""community_label\"": \""Land Surveying Professionals\"", \""defining_skills\"": [\""surveying\"", \""project management\"", \""team leadership\""], \""defining_responsibility_signals\"": [\""supervise\"", \""coordinate\""] , \""confidence\"": \""high\""}""}, {""community_id"": 511, ""dominant_experience_level"": ""mid"", ""entry_accessibility"": ""moderate_entry_barrier"", ""community_label"": ""Land Surveying Professionals"", ""defining_skills"": [""surveying"", ""project management"", ""team leadership""], ""defining_responsibility_signals"": [""supervise"", ""coordinate""], ""confidence"": ""high"", ""rep_rank"": 2, ""attempt"": 1, ""raw_output"": ""{\""community_id\"": 511, \""dominant_experience_level\"": \""mid\"", \""entry_accessibility\"": \""moderate_entry_barrier\"", \""community_label\"": \""Land Surveying Professionals\"", \""defining_skills\"": [\""surveying\"", \""project management\"", \""team leadership\""], \""defining_responsibility_signals\"": [\""supervise\"", \""coordinate\""] , \""confidence\"": \""high\""}""}, {""community_id"": 511, ""dominant_experience_level"": ""mid"", ""entry_accessibility"": ""moderate_entry_barrier"", ""community_label"": ""Surveying Professionals"", ""defining_skills"": [""surveying"", ""land surveying"", ""geospatial data management""], ""defining_responsibility_signals"": [""leadership"", ""project management""], ""confidence"": ""high"", ""rep_rank"": 3, ""attempt"": 1, ""raw_output"": ""{\""community_id\"": 511, \""dominant_experience_level\"": \""mid\"", \""entry_accessibility\"": \""moderate_entry_barrier\"", \""community_label\"": \""Surveying Professionals\"", \""defining_skills\"": [\""surveying\"", \""land surveying\"", \""geospatial data management\""], \""defining_responsibility_signals\"": [\""leadership\"", \""project management\""] , \""confidence\"": \""high\""}""}]",21
512,27,junior,moderate_entry_barrier,Health Information Specialist,"['health', 'information', 'data']","['onsite', 'records']",high,1.0,1.0,1.0,1.0,3,"specialist, health, information, onsite, medical, records, area, data, record, lead, national, cpc","[{""community_id"": 512, ""dominant_experience_level"": ""junior"", ""entry_accessibility"": ""moderate_entry_barrier"", ""community_label"": ""Health Information Specialist"", ""defining_skills"": [""health"", ""information"", ""data""], ""defining_responsibility_signals"": [""onsite"", ""records""], ""confidence"": ""high"", ""rep_rank"": 1, ""attempt"": 1, ""raw_output"": ""{\""community_id\"": 512, \""dominant_experience_level\"": \""junior\"", \""entry_accessibility\"": \""moderate_entry_barrier\"", \""community_label\"": \""Health Information Specialist\"", \""defining_skills\"": [\""health\"", \""information\"", \""data\""], \""defining_responsibility_signals\"": [\""onsite\"", \""records\""] , \""confidence\"": \""high\""}""}, {""community_id"": 512, ""dominant_experience_level"": ""junior"", ""entry_accessibility"": ""moderate_entry_barrier"", ""community_label"": ""Health Information Specialist"", ""defining_skills"": [""health"", ""information"", ""data""], ""defining_responsibility_signals"": [""onsite"", ""records""], ""confidence"": ""high"", ""rep_rank"": 2, ""attempt"": 1, ""raw_output"": ""{\""community_id\"": 512, \""dominant_experience_level\"": \""junior\"", \""entry_accessibility\"": \""moderate_entry_barrier\"", \""community_label\"": \""Health Information Specialist\"", \""defining_skills\"": [\""health\"", \""information\"", \""data\""], \""defining_responsibility_signals\"": [\""onsite\"", \""records\""] , \""confidence\"": \""high\""}""}, {""community_id"": 512, ""dominant_experience_level"": ""junior"", ""entry_accessibility"": ""moderate_entry_barrier"", ""community_label"": ""Health Information Specialist"", ""defining_skills"": [""health"", ""information"", ""data""], ""defining_responsibility_signals"": [""onsite"", ""records""], ""confidence"": ""high"", ""rep_rank"": 3, ""attempt"": 1, ""raw_output"": ""{\""community_id\"": 512, \""dominant_experience_level\"": \""junior\"", \""entry_accessibility\"": \""moderate_entry_barrier\"", \""community_label\"": \""Health Information Specialist\"", \""defining_skills\"": [\""health\"", \""information\"", \""data\""], \""defining_responsibility_signals\"": [\""onsite\"", \""records\""] , \""confidence\"": \""high\""}""}]",21
513,26,mid,moderate_entry_barrier,Cardiac Rehab Nurse,"['clinical assessment', 'care planning', 'positive attitude']","['collaborative care', 'patient care']",high,1.0,1.0,0.333,0.778,3,"nurse, rehab, cardiac, registered, clinical, specialist, therapist, westover, hills, case, manager, days","[{""community_id"": 513, ""dominant_experience_level"": ""mid"", ""entry_accessibility"": ""moderate_entry_barrier"", ""community_label"": ""Cardiac Rehab Nurse"", ""defining_skills"": [""clinical assessment"", ""care planning"", ""positive attitude""], ""defining_responsibility_signals"": [""collaborative care"", ""patient care""], ""confidence"": ""high"", ""rep_rank"": 1, ""attempt"": 1, ""raw_output"": ""{\""community_id\"": 513, \""dominant_experience_level\"": \""mid\"", \""entry_accessibility\"": \""moderate_entry_barrier\"", \""community_label\"": \""Cardiac Rehab Nurse\"", \""defining_skills\"": [\""clinical assessment\"", \""care planning\"", \""positive attitude\""], \""defining_responsibility_signals\"": [\""collaborative care\"", \""patient care\""] , \""confidence\"": \""high\""}""}, {""community_id"": 513, ""dominant_experience_level"": ""mid"", ""entry_accessibility"": ""moderate_entry_barrier"", ""community_label"": ""Cardiac Rehabilitation Nurse"", ""defining_skills"": [""cardiac care"", ""rehabilitation therapy"", ""case management""], ""defining_responsibility_signals"": [""leadership"", ""certification""], ""confidence"": ""high"", ""rep_rank"": 2, ""attempt"": 1, ""raw_output"": ""{\""community_id\"": 513, \""dominant_experience_level\"": \""mid\"", \""entry_accessibility\"": \""moderate_entry_barrier\"", \""community_label\"": \""Cardiac Rehabilitation Nurse\"", \""defining_skills\"": [\""cardiac care\"", \""rehabilitation therapy\"", \""case management\""], \""defining_responsibility_signals\"": [\""leadership\"", \""certification\""] , \""confidence\"": \""high\""}""}, {""community_id"": 513, ""dominant_experience_level"": ""mid"", ""entry_accessibility"": ""moderate_entry_barrier"", ""community_label"": ""Rehab Nurse"", ""defining_skills"": [""Clinical"", ""Case Management"", ""Cardiac Care""], ""defining_responsibility_signals"": [""Leadership"", ""Certification""], ""confidence"": ""high"", ""rep_rank"": 3, ""attempt"": 1, ""raw_output"": ""{\""community_id\"": 513, \""dominant_experience_level\"": \""mid\"", \""entry_accessibility\"": \""moderate_entry_barrier\"", \""community_label\"": \""Rehab Nurse\"", \""defining_skills\"": [\""Clinical\"", \""Case Management\"", \""Cardiac Care\""], \""defining_responsibility_signals\"": [\""Leadership\"", \""Certification\""] , \""confidence\"": \""high\""}""}]",21
514,26,junior,moderate_entry_barrier,Retail Sales Associate,"['Sales', 'Retail', 'Customer Service']","['Part-time', 'High Performing Team']",high,1.0,1.0,1.0,1.0,3,"sales, retail, aeropostale, edison, mall, fort, myers, 33901, bilingual, preferred, inside, 10805","[{""community_id"": 514, ""dominant_experience_level"": ""junior"", ""entry_accessibility"": ""moderate_entry_barrier"", ""community_label"": ""Retail Sales Associate"", ""defining_skills"": [""Sales"", ""Retail"", ""Customer Service""], ""defining_responsibility_signals"": [""Part-time"", ""High Performing Team""], ""confidence"": ""high"", ""rep_rank"": 1, ""attempt"": 1, ""raw_output"": ""{\""community_id\"": 514, \""dominant_experience_level\"": \""junior\"", \""entry_accessibility\"": \""moderate_entry_barrier\"", \""community_label\"": \""Retail Sales Associate\"", \""defining_skills\"": [\""Sales\"", \""Retail\"", \""Customer Service\""], \""defining_responsibility_signals\"": [\""Part-time\"", \""High Performing Team\""] , \""confidence\"": \""high\""}""}, {""community_id"": 514, ""dominant_experience_level"": ""junior"", ""entry_accessibility"": ""moderate_entry_barrier"", ""community_label"": ""Retail Sales Associate"", ""defining_skills"": [""Sales"", ""Retail"", ""Customer Service""], ""defining_responsibility_signals"": [""Part-time"", ""High Performing Team""], ""confidence"": ""high"", ""rep_rank"": 2, ""attempt"": 1, ""raw_output"": ""{\""community_id\"": 514, \""dominant_experience_level\"": \""junior\"", \""entry_accessibility\"": \""moderate_entry_barrier\"", \""community_label\"": \""Retail Sales Associate\"", \""defining_skills\"": [\""Sales\"", \""Retail\"", \""Customer Service\""], \""defining_responsibility_signals\"": [\""Part-time\"", \""High Performing Team\""] , \""confidence\"": \""high\""}""}, {""community_id"": 514, ""dominant_experience_level"": ""junior"", ""entry_accessibility"": ""moderate_entry_barrier"", ""community_label"": ""Retail Sales Associate"", ""defining_skills"": [""Sales"", ""Retail"", ""Customer Service""], ""defining_responsibility_signals"": [""Part-time"", ""High Performing Team""], ""confidence"": ""high"", ""rep_rank"": 3, ""attempt"": 1, ""raw_output"": ""{\""community_id\"": 514, \""dominant_experience_level\"": \""junior\"", \""entry_accessibility\"": \""moderate_entry_barrier\"", \""community_label\"": \""Retail Sales Associate\"", \""defining_skills\"": [\""Sales\"", \""Retail\"", \""Customer Service\""], \""defining_responsibility_signals\"": [\""Part-time\"", \""High Performing Team\""] , \""confidence\"": \""high\""}""}]",21
515,26,junior,moderate_entry_barrier,Retail Store Operations,"['cashier', 'merchandising', 'operations']","['stock', 'replenishment']",high,1.0,1.0,0.667,0.889,3,"cashier, manager, merchandising, operations, replenishment, store, opening, stock, coordinator, support, retail, center","[{""community_id"": 515, ""dominant_experience_level"": ""junior"", ""entry_accessibility"": ""moderate_entry_barrier"", ""community_label"": ""Retail Cashier"", ""defining_skills"": [""cashier"", ""self-checkout"", ""customer_service""], ""defining_responsibility_signals"": [""assisted self check out"", ""approaches and interacts with customers""], ""confidence"": ""high"", ""rep_rank"": 1, ""attempt"": 1, ""raw_output"": ""{\""community_id\"": 515, \""dominant_experience_level\"": \""junior\"", \""entry_accessibility\"": \""moderate_entry_barrier\"", \""community_label\"": \""Retail Cashier\"", \""defining_skills\"": [\""cashier\"", \""self-checkout\"", \""customer_service\""], \""defining_responsibility_signals\"": [\""assisted self check out\"", \""approaches and interacts with customers\""] , \""confidence\"": \""high\""}""}, {""community_id"": 515, ""dominant_experience_level"": ""junior"", ""entry_accessibility"": ""moderate_entry_barrier"", ""community_label"": ""Retail Store Operations"", ""defining_skills"": [""cashier"", ""merchandising"", ""operations""], ""defining_responsibility_signals"": [""stock"", ""replenishment""], ""confidence"": ""high"", ""rep_rank"": 2, ""attempt"": 1, ""raw_output"": ""{\""community_id\"": 515, \""dominant_experience_level\"": \""junior\"", \""entry_accessibility\"": \""moderate_entry_barrier\"", \""community_label\"": \""Retail Store Operations\"", \""defining_skills\"": [\""cashier\"", \""merchandising\"", \""operations\""], \""defining_responsibility_signals\"": [\""stock\"", \""replenishment\""] , \""confidence\"": \""high\""}""}, {""community_id"": 515, ""dominant_experience_level"": ""junior"", ""entry_accessibility"": ""moderate_entry_barrier"", ""community_label"": ""Retail Store Operations"", ""defining_skills"": [""cashier"", ""merchandising"", ""operations""], ""defining_responsibility_signals"": [""stock"", ""replenishment""], ""confidence"": ""high"", ""rep_rank"": 3, ""attempt"": 1, ""raw_output"": ""{\""community_id\"": 515, \""dominant_experience_level\"": \""junior\"", \""entry_accessibility\"": \""moderate_entry_barrier\"", \""community_label\"": \""Retail Store Operations\"", \""defining_skills\"": [\""cashier\"", \""merchandising\"", \""operations\""], \""defining_responsibility_signals\"": [\""stock\"", \""replenishment\""] , \""confidence\"": \""high\""}""}]",21
516,26,mid,moderate_entry_barrier,ICU Nurse,"['icu', 'critical care', 'medical surgical']","['certification required', 'shift work']",high,1.0,1.0,0.333,0.778,3,"nurse, travel, registered, icu, week, care, per, critical, labor, delivery, medical, surgical","[{""community_id"": 516, ""dominant_experience_level"": ""mid"", ""entry_accessibility"": ""moderate_entry_barrier"", ""community_label"": ""ICU Nurse"", ""defining_skills"": [""icu"", ""critical care"", ""medical surgical""], ""defining_responsibility_signals"": [""certification required"", ""shift work""], ""confidence"": ""high"", ""rep_rank"": 1, ""attempt"": 1, ""raw_output"": ""{\""community_id\"": 516, \""dominant_experience_level\"": \""mid\"", \""entry_accessibility\"": \""moderate_entry_barrier\"", \""community_label\"": \""ICU Nurse\"", \""defining_skills\"": [\""icu\"", \""critical care\"", \""medical surgical\""], \""defining_responsibility_signals\"": [\""certification required\"", \""shift work\""] , \""confidence\"": \""high\""}""}, {""community_id"": 516, ""dominant_experience_level"": ""mid"", ""entry_accessibility"": ""moderate_entry_barrier"", ""community_label"": ""Nursing"", ""defining_skills"": [""icu"", ""critical"", ""surgical""], ""defining_responsibility_signals"": [""care"", ""labor""], ""confidence"": ""high"", ""rep_rank"": 2, ""attempt"": 1, ""raw_output"": ""{\""community_id\"": 516, \""dominant_experience_level\"": \""mid\"", \""entry_accessibility\"": \""moderate_entry_barrier\"", \""community_label\"": \""Nursing\"", \""defining_skills\"": [\""icu\"", \""critical\"", \""surgical\""], \""defining_responsibility_signals\"": [\""care\"", \""labor\""] , \""confidence\"": \""high\""}""}, {""community_id"": 516, ""dominant_experience_level"": ""mid"", ""entry_accessibility"": ""moderate_entry_barrier"", ""community_label"": ""Travel ICU & Labor Delivery Nurses"", ""defining_skills"": [""icu care"", ""labor delivery care"", ""travel nursing""], ""defining_responsibility_signals"": [""certification required"", ""competitive compensation""], ""confidence"": ""high"", ""rep_rank"": 3, ""attempt"": 1, ""raw_output"": ""{\""community_id\"": 516, \""dominant_experience_level\"": \""mid\"", \""entry_accessibility\"": \""moderate_entry_barrier\"", \""community_label\"": \""Travel ICU & Labor Delivery Nurses\"", \""defining_skills\"": [\""icu care\"", \""labor delivery care\"", \""travel nursing\""], \""defining_responsibility_signals\"": [\""certification required\"", \""competitive compensation\""] , \""confidence\"": \""high\""}""}]",21
517,26,junior,moderate_entry_barrier,Retail Store Management,"['sales', 'merchandising', 'customer service']","['store management', 'team leadership']",high,1.0,1.0,0.333,0.778,3,"assistant, store, manager, sales, merchandiser, monthly, incentive, opportunities, route, professional, beauty, concierge","[{""community_id"": 517, ""dominant_experience_level"": ""junior"", ""entry_accessibility"": ""moderate_entry_barrier"", ""community_label"": ""Retail Store Management"", ""defining_skills"": [""sales"", ""merchandising"", ""customer service""], ""defining_responsibility_signals"": [""store management"", ""team leadership""], ""confidence"": ""high"", ""rep_rank"": 1, ""attempt"": 1, ""raw_output"": ""{\""community_id\"": 517, \""dominant_experience_level\"": \""junior\"", \""entry_accessibility\"": \""moderate_entry_barrier\"", \""community_label\"": \""Retail Store Management\"", \""defining_skills\"": [\""sales\"", \""merchandising\"", \""customer service\""], \""defining_responsibility_signals\"": [\""store management\"", \""team leadership\""] , \""confidence\"": \""high\""}""}, {""community_id"": 517, ""dominant_experience_level"": ""junior"", ""entry_accessibility"": ""moderate_entry_barrier"", ""community_label"": ""Retail Store Assistant Manager"", ""defining_skills"": [""bilingual Spanish"", ""store management"", ""team leadership""], ""defining_responsibility_signals"": [""multiple store management"", ""standard operating hours""], ""confidence"": ""high"", ""rep_rank"": 2, ""attempt"": 1, ""raw_output"": ""{\""community_id\"": 517, \""dominant_experience_level\"": \""junior\"", \""entry_accessibility\"": \""moderate_entry_barrier\"", \""community_label\"": \""Retail Store Assistant Manager\"", \""defining_skills\"": [\""bilingual Spanish\"", \""store management\"", \""team leadership\""], \""defining_responsibility_signals\"": [\""multiple store management\"", \""standard operating hours\""] , \""confidence\"": \""high\""}""}, {""community_id"": 517, ""dominant_experience_level"": ""junior"", ""entry_accessibility"": ""moderate_entry_barrier"", ""community_label"": ""Retail Assistant Store Manager"", ""defining_skills"": [""sales"", ""merchandising"", ""customer service""], ""defining_responsibility_signals"": [""part-time"", ""multi-store management""], ""confidence"": ""high"", ""rep_rank"": 3, ""attempt"": 1, ""raw_output"": ""{\""community_id\"": 517, \""dominant_experience_level\"": \""junior\"", \""entry_accessibility\"": \""moderate_entry_barrier\"", \""community_label\"": \""Retail Assistant Store Manager\"", \""defining_skills\"": [\""sales\"", \""merchandising\"", \""customer service\""], \""defining_responsibility_signals\"": [\""part-time\"", \""multi-store management\""] , \""confidence\"": \""high\""}""}]",21
518,26,mid,moderate_entry_barrier,Deal Desk Specialist,"['sales support', 'corporate governance', 'transaction management']","['sales cycle support', 'maintain corporate governance']",high,1.0,1.0,0.667,0.889,3,"manager, specialist, deal, desk, supply, operations, planning, sales, chain, analytics, planner, coordinator","[{""community_id"": 518, ""dominant_experience_level"": ""mid"", ""entry_accessibility"": ""moderate_entry_barrier"", ""community_label"": ""Supply Chain Analytics"", ""defining_skills"": [""forecasting"", ""inventory management"", ""data analysis""], ""defining_responsibility_signals"": [""strategic partnership"", ""business expansion""], ""confidence"": ""high"", ""rep_rank"": 1, ""attempt"": 1, ""raw_output"": ""{\""community_id\"": 518, \""dominant_experience_level\"": \""mid\"", \""entry_accessibility\"": \""moderate_entry_barrier\"", \""community_label\"": \""Supply Chain Analytics\"", \""defining_skills\"": [\""forecasting\"", \""inventory management\"", \""data analysis\""], \""defining_responsibility_signals\"": [\""strategic partnership\"", \""business expansion\""] , \""confidence\"": \""high\""}""}, {""community_id"": 518, ""dominant_experience_level"": ""mid"", ""entry_accessibility"": ""moderate_entry_barrier"", ""community_label"": ""Deal Desk Specialist"", ""defining_skills"": [""sales support"", ""corporate governance"", ""transaction management""], ""defining_responsibility_signals"": [""sales cycle support"", ""maintain corporate governance""], ""confidence"": ""high"", ""rep_rank"": 2, ""attempt"": 1, ""raw_output"": ""{\""community_id\"": 518, \""dominant_experience_level\"": \""mid\"", \""entry_accessibility\"": \""moderate_entry_barrier\"", \""community_label\"": \""Deal Desk Specialist\"", \""defining_skills\"": [\""sales support\"", \""corporate governance\"", \""transaction management\""], \""defining_responsibility_signals\"": [\""sales cycle support\"", \""maintain corporate governance\""] , \""confidence\"": \""high\""}""}, {""community_id"": 518, ""dominant_experience_level"": ""mid"", ""entry_accessibility"": ""moderate_entry_barrier"", ""community_label"": ""Deal Desk Specialist"", ""defining_skills"": [""sales support"", ""corporate governance"", ""transaction management""], ""defining_responsibility_signals"": [""sales cycle support"", ""maintain corporate governance""], ""confidence"": ""high"", ""rep_rank"": 3, ""attempt"": 1, ""raw_output"": ""{\""community_id\"": 518, \""dominant_experience_level\"": \""mid\"", \""entry_accessibility\"": \""moderate_entry_barrier\"", \""community_label\"": \""Deal Desk Specialist\"", \""defining_skills\"": [\""sales support\"", \""corporate governance\"", \""transaction management\""], \""defining_responsibility_signals\"": [\""sales cycle support\"", \""maintain corporate governance\""] , \""confidence\"": \""high\""}""}]",21
519,26,junior,moderate_entry_barrier,Office Support,"['administrative', 'clerical', 'data']","['process documents', 'materials handling']",high,1.0,1.0,0.333,0.778,3,"assistant, administrative, office, specialist, operations, administrator, technician, systems, coordinator, clerical, dispatcher, data","[{""community_id"": 519, ""dominant_experience_level"": ""junior"", ""entry_accessibility"": ""moderate_entry_barrier"", ""community_label"": ""Office Support"", ""defining_skills"": [""administrative"", ""clerical"", ""data""], ""defining_responsibility_signals"": [""process documents"", ""materials handling""], ""confidence"": ""high"", ""rep_rank"": 1, ""attempt"": 1, ""raw_output"": ""{\""community_id\"": 519, \""dominant_experience_level\"": \""junior\"", \""entry_accessibility\"": \""moderate_entry_barrier\"", \""community_label\"": \""Office Support\"", \""defining_skills\"": [\""administrative\"", \""clerical\"", \""data\""], \""defining_responsibility_signals\"": [\""process documents\"", \""materials handling\""] , \""confidence\"": \""high\""}""}, {""community_id"": 519, ""dominant_experience_level"": ""junior"", ""entry_accessibility"": ""moderate_entry_barrier"", ""community_label"": ""Administrative Assistants"", ""defining_skills"": [""administrative"", ""office"", ""clerical""], ""defining_responsibility_signals"": [""assistant"", ""operations""], ""confidence"": ""high"", ""rep_rank"": 2, ""attempt"": 1, ""raw_output"": ""{\""community_id\"": 519, \""dominant_experience_level\"": \""junior\"", \""entry_accessibility\"": \""moderate_entry_barrier\"", \""community_label\"": \""Administrative Assistants\"", \""defining_skills\"": [\""administrative\"", \""office\"", \""clerical\""], \""defining_responsibility_signals\"": [\""assistant\"", \""operations\""] , \""confidence\"": \""high\""}""}, {""community_id"": 519, ""dominant_experience_level"": ""junior"", ""entry_accessibility"": ""moderate_entry_barrier"", ""community_label"": ""Administrative Assistant"", ""defining_skills"": [""data entry"", ""clerical tasks"", ""office management""], ""defining_responsibility_signals"": [""coordinate"", ""dispatch""], ""confidence"": ""high"", ""rep_rank"": 3, ""attempt"": 1, ""raw_output"": ""{\""community_id\"": 519, \""dominant_experience_level\"": \""junior\"", \""entry_accessibility\"": \""moderate_entry_barrier\"", \""community_label\"": \""Administrative Assistant\"", \""defining_skills\"": [\""data entry\"", \""clerical tasks\"", \""office management\""], \""defining_responsibility_signals\"": [\""coordinate\"", \""dispatch\""] , \""confidence\"": \""high\""}""}]",21
520,26,mid,moderate_entry_barrier,Logistics & Procurement,"['procurement', 'logistics', 'pricing']","['evaluate prices', 'award bids']",high,1.0,1.0,0.667,0.889,3,"manager, logistics, specialist, coordinator, pricing, buyer, production, senior, procurement, project, supply, indirect","[{""community_id"": 520, ""dominant_experience_level"": ""mid"", ""entry_accessibility"": ""moderate_entry_barrier"", ""community_label"": ""Procurement & Logistics"", ""defining_skills"": [""procurement"", ""logistics"", ""pricing""], ""defining_responsibility_signals"": [""evaluate prices"", ""award bids""], ""confidence"": ""high"", ""rep_rank"": 1, ""attempt"": 1, ""raw_output"": ""{\""community_id\"": 520, \""dominant_experience_level\"": \""mid\"", \""entry_accessibility\"": \""moderate_entry_barrier\"", \""community_label\"": \""Procurement & Logistics\"", \""defining_skills\"": [\""procurement\"", \""logistics\"", \""pricing\""], \""defining_responsibility_signals\"": [\""evaluate prices\"", \""award bids\""] , \""confidence\"": \""high\""}""}, {""community_id"": 520, ""dominant_experience_level"": ""mid"", ""entry_accessibility"": ""moderate_entry_barrier"", ""community_label"": ""Logistics & Procurement"", ""defining_skills"": [""contracts management"", ""cross-functional coordination"", ""invoice preparation""], ""defining_responsibility_signals"": [""contract administration"", ""spare parts delivery""], ""confidence"": ""high"", ""rep_rank"": 2, ""attempt"": 1, ""raw_output"": ""{\""community_id\"": 520, \""dominant_experience_level\"": \""mid\"", \""entry_accessibility\"": \""moderate_entry_barrier\"", \""community_label\"": \""Logistics & Procurement\"", \""defining_skills\"": [\""contracts management\"", \""cross-functional coordination\"", \""invoice preparation\""], \""defining_responsibility_signals\"": [\""contract administration\"", \""spare parts delivery\""] , \""confidence\"": \""high\""}""}, {""community_id"": 520, ""dominant_experience_level"": ""mid"", ""entry_accessibility"": ""moderate_entry_barrier"", ""community_label"": ""Logistics & Procurement"", ""defining_skills"": [""procurement"", ""purchasing"", ""project_management""], ""defining_responsibility_signals"": [""quotation_support"", ""materials_tracking""], ""confidence"": ""high"", ""rep_rank"": 3, ""attempt"": 1, ""raw_output"": ""{\""community_id\"": 520, \""dominant_experience_level\"": \""mid\"", \""entry_accessibility\"": \""moderate_entry_barrier\"", \""community_label\"": \""Logistics & Procurement\"", \""defining_skills\"": [\""procurement\"", \""purchasing\"", \""project_management\""], \""defining_responsibility_signals\"": [\""quotation_support\"", \""materials_tracking\""] , \""confidence\"": \""high\""}""}]",21
521,26,mid,moderate_entry_barrier,Oracle Application Developers,"['Java', 'Scala', 'SQL']","['application_development', 'apex_development']",high,1.0,1.0,0.333,0.778,3,"developer, java, engineer, software, oracle, application, sql, scala, etl, product, dotnet, programmer","[{""community_id"": 521, ""dominant_experience_level"": ""mid"", ""entry_accessibility"": ""moderate_entry_barrier"", ""community_label"": ""Oracle Application Developers"", ""defining_skills"": [""java"", ""oracle"", ""sql""], ""defining_responsibility_signals"": [""application_development"", ""apex_development""], ""confidence"": ""high"", ""rep_rank"": 1, ""attempt"": 1, ""raw_output"": ""{\""community_id\"": 521, \""dominant_experience_level\"": \""mid\"", \""entry_accessibility\"": \""moderate_entry_barrier\"", \""community_label\"": \""Oracle Application Developers\"", \""defining_skills\"": [\""java\"", \""oracle\"", \""sql\""], \""defining_responsibility_signals\"": [\""application_development\"", \""apex_development\""] , \""confidence\"": \""high\""}""}, {""community_id"": 521, ""dominant_experience_level"": ""mid"", ""entry_accessibility"": ""moderate_entry_barrier"", ""community_label"": ""Software Developers"", ""defining_skills"": [""Java"", ""Scala"", ""SQL""], ""defining_responsibility_signals"": [""System Development Life Cycle"", ""Application Development""], ""confidence"": ""high"", ""rep_rank"": 2, ""attempt"": 1, ""raw_output"": ""{\""community_id\"": 521, \""dominant_experience_level\"": \""mid\"", \""entry_accessibility\"": \""moderate_entry_barrier\"", \""community_label\"": \""Software Developers\"", \""defining_skills\"": [\""Java\"", \""Scala\"", \""SQL\""], \""defining_responsibility_signals\"": [\""System Development Life Cycle\"", \""Application Development\""] , \""confidence\"": \""high\""}""}, {""community_id"": 521, ""dominant_experience_level"": ""mid"", ""entry_accessibility"": ""moderate_entry_barrier"", ""community_label"": ""Software Engineer"", ""defining_skills"": [""Java"", ""SQL"", ""Scala""], ""defining_responsibility_signals"": [""product development"", ""software maintenance""], ""confidence"": ""high"", ""rep_rank"": 3, ""attempt"": 1, ""raw_output"": ""{\""community_id\"": 521, \""dominant_experience_level\"": \""mid\"", \""entry_accessibility\"": \""moderate_entry_barrier\"", \""community_label\"": \""Software Engineer\"", \""defining_skills\"": [\""Java\"", \""SQL\"", \""Scala\""], \""defining_responsibility_signals\"": [\""product development\"", \""software maintenance\""] , \""confidence\"": \""high\""}""}]",21
522,26,junior,moderate_entry_barrier,Surgical Technician,"['surgical', 'technologist', 'technician']","['patient care', 'coordinator']",high,1.0,1.0,0.667,0.889,3,"surgical, receptionist, technologist, tech, medical, technician, certified, monitor, hours, patient, care, coordinator","[{""community_id"": 522, ""dominant_experience_level"": ""junior"", ""entry_accessibility"": ""moderate_entry_barrier"", ""community_label"": ""Surgical Technician"", ""defining_skills"": [""surgical"", ""technologist"", ""technician""], ""defining_responsibility_signals"": [""patient care"", ""coordinator""], ""confidence"": ""high"", ""rep_rank"": 1, ""attempt"": 1, ""raw_output"": ""{\""community_id\"": 522, \""dominant_experience_level\"": \""junior\"", \""entry_accessibility\"": \""moderate_entry_barrier\"", \""community_label\"": \""Surgical Technician\"", \""defining_skills\"": [\""surgical\"", \""technologist\"", \""technician\""], \""defining_responsibility_signals\"": [\""patient care\"", \""coordinator\""] , \""confidence\"": \""high\""}""}, {""community_id"": 522, ""dominant_experience_level"": ""junior"", ""entry_accessibility"": ""moderate_entry_barrier"", ""community_label"": ""Surgical Technician"", ""defining_skills"": [""surgical"", ""technologist"", ""technician""], ""defining_responsibility_signals"": [""patient care"", ""coordinator""], ""confidence"": ""high"", ""rep_rank"": 2, ""attempt"": 1, ""raw_output"": ""{\""community_id\"": 522, \""dominant_experience_level\"": \""junior\"", \""entry_accessibility\"": \""moderate_entry_barrier\"", \""community_label\"": \""Surgical Technician\"", \""defining_skills\"": [\""surgical\"", \""technologist\"", \""technician\""], \""defining_responsibility_signals\"": [\""patient care\"", \""coordinator\""] , \""confidence\"": \""high\""}""}, {""community_id"": 522, ""dominant_experience_level"": ""junior"", ""entry_accessibility"": ""moderate_entry_barrier"", ""community_label"": ""Surgical Technologist"", ""defining_skills"": [""certified"", ""technologist"", ""surgical""], ""defining_responsibility_signals"": [""patient care"", ""monitor""], ""confidence"": ""high"", ""rep_rank"": 3, ""attempt"": 1, ""raw_output"": ""{\""community_id\"": 522, \""dominant_experience_level\"": \""junior\"", \""entry_accessibility\"": \""moderate_entry_barrier\"", \""community_label\"": \""Surgical Technologist\"", \""defining_skills\"": [\""certified\"", \""technologist\"", \""surgical\""], \""defining_responsibility_signals\"": [\""patient care\"", \""monitor\""] , \""confidence\"": \""high\""}""}]",21
523,26,mid,moderate_entry_barrier,HVAC Building Systems Specialist,"['HVAC', 'Building Systems', 'Project Management']","['Leadership Terms', 'Certification Requirements']",high,1.0,1.0,0.333,0.778,3,"project, hvac, manager, building, engineer, controls, specialist, coordinator, system, commercial, plumbing, small","[{""community_id"": 523, ""dominant_experience_level"": ""mid"", ""entry_accessibility"": ""moderate_entry_barrier"", ""community_label"": ""HVAC Building Systems Specialist"", ""defining_skills"": [""HVAC Controls"", ""Building Automation Systems"", ""Commissioning Software""], ""defining_responsibility_signals"": [""Leadership Terms"", ""Certification Requirements""], ""confidence"": ""high"", ""rep_rank"": 1, ""attempt"": 1, ""raw_output"": ""{\""community_id\"": 523, \""dominant_experience_level\"": \""mid\"", \""entry_accessibility\"": \""moderate_entry_barrier\"", \""community_label\"": \""HVAC Building Systems Specialist\"", \""defining_skills\"": [\""HVAC Controls\"", \""Building Automation Systems\"", \""Commissioning Software\""], \""defining_responsibility_signals\"": [\""Leadership Terms\"", \""Certification Requirements\""] , \""confidence\"": \""high\""}""}, {""community_id"": 523, ""dominant_experience_level"": ""mid"", ""entry_accessibility"": ""moderate_entry_barrier"", ""community_label"": ""HVAC & Building Systems Specialist"", ""defining_skills"": [""HVAC"", ""Building Systems"", ""Project Management""], ""defining_responsibility_signals"": [""Technical Support"", ""Troubleshooting""], ""confidence"": ""high"", ""rep_rank"": 2, ""attempt"": 1, ""raw_output"": ""{\""community_id\"": 523, \""dominant_experience_level\"": \""mid\"", \""entry_accessibility\"": \""moderate_entry_barrier\"", \""community_label\"": \""HVAC & Building Systems Specialist\"", \""defining_skills\"": [\""HVAC\"", \""Building Systems\"", \""Project Management\""], \""defining_responsibility_signals\"": [\""Technical Support\"", \""Troubleshooting\""] , \""confidence\"": \""high\""}""}, {""community_id"": 523, ""dominant_experience_level"": ""mid"", ""entry_accessibility"": ""moderate_entry_barrier"", ""community_label"": ""HVAC Project Management"", ""defining_skills"": [""HVAC"", ""Project Management"", ""Building Systems""], ""defining_responsibility_signals"": [""Project Execution"", ""Support Project Managers""], ""confidence"": ""high"", ""rep_rank"": 3, ""attempt"": 1, ""raw_output"": ""{\""community_id\"": 523, \""dominant_experience_level\"": \""mid\"", \""entry_accessibility\"": \""moderate_entry_barrier\"", \""community_label\"": \""HVAC Project Management\"", \""defining_skills\"": [\""HVAC\"", \""Project Management\"", \""Building Systems\""], \""defining_responsibility_signals\"": [\""Project Execution\"", \""Support Project Managers\""] , \""confidence\"": \""high\""}""}]",21
524,26,mid,moderate_entry_barrier,Marketing Professionals,"['campaign management', 'performance marketing', 'advertising']","['leadership', 'strategy consulting']",high,1.0,1.0,1.0,1.0,3,"marketing, manager, campaign, communications, specialist, performance, advertising, senior, intern, public, executive, director","[{""community_id"": 524, ""dominant_experience_level"": ""mid"", ""entry_accessibility"": ""moderate_entry_barrier"", ""community_label"": ""Marketing Professionals"", ""defining_skills"": [""campaign management"", ""performance marketing"", ""advertising""], ""defining_responsibility_signals"": [""leadership"", ""strategy consulting""], ""confidence"": ""high"", ""rep_rank"": 1, ""attempt"": 1, ""raw_output"": ""{\""community_id\"": 524, \""dominant_experience_level\"": \""mid\"", \""entry_accessibility\"": \""moderate_entry_barrier\"", \""community_label\"": \""Marketing Professionals\"", \""defining_skills\"": [\""campaign management\"", \""performance marketing\"", \""advertising\""], \""defining_responsibility_signals\"": [\""leadership\"", \""strategy consulting\""] , \""confidence\"": \""high\""}""}, {""community_id"": 524, ""dominant_experience_level"": ""mid"", ""entry_accessibility"": ""moderate_entry_barrier"", ""community_label"": ""Marketing Professionals"", ""defining_skills"": [""campaign management"", ""performance marketing"", ""advertising""], ""defining_responsibility_signals"": [""leadership"", ""strategy consulting""], ""confidence"": ""high"", ""rep_rank"": 2, ""attempt"": 1, ""raw_output"": ""{\""community_id\"": 524, \""dominant_experience_level\"": \""mid\"", \""entry_accessibility\"": \""moderate_entry_barrier\"", \""community_label\"": \""Marketing Professionals\"", \""defining_skills\"": [\""campaign management\"", \""performance marketing\"", \""advertising\""], \""defining_responsibility_signals\"": [\""leadership\"", \""strategy consulting\""] , \""confidence\"": \""high\""}""}, {""community_id"": 524, ""dominant_experience_level"": ""mid"", ""entry_accessibility"": ""moderate_entry_barrier"", ""community_label"": ""Marketing Professionals"", ""defining_skills"": [""campaign management"", ""performance marketing"", ""advertising""], ""defining_responsibility_signals"": [""leadership"", ""strategy consulting""], ""confidence"": ""high"", ""rep_rank"": 3, ""attempt"": 1, ""raw_output"": ""{\""community_id\"": 524, \""dominant_experience_level\"": \""mid\"", \""entry_accessibility\"": \""moderate_entry_barrier\"", \""community_label\"": \""Marketing Professionals\"", \""defining_skills\"": [\""campaign management\"", \""performance marketing\"", \""advertising\""], \""defining_responsibility_signals\"": [\""leadership\"", \""strategy consulting\""] , \""confidence\"": \""high\""}""}]",21
