community_id,community_size,dominant_experience_level,entry_accessibility,community_label,defining_skills,defining_responsibility_signals,confidence,level_agreement,access_agreement,label_agreement,overall_agreement,calls_used,top_title_keywords,raw_call_outputs,batch_id
325,36,mid,moderate_entry_barrier,Accounts Payable Specialist/Manager,"['accounts payable', 'collections', 'accounting']","['supervisory experience', 'expense report management']",high,0.667,1.0,0.667,0.778,3,"accounts, payable, specialist, coordinator, manager, supervisor, credit, collections, account, lead, clerk, accounting","[{""community_id"": 325, ""dominant_experience_level"": ""mid"", ""entry_accessibility"": ""moderate_entry_barrier"", ""community_label"": ""Accounts Payable Specialist/Manager"", ""defining_skills"": [""accounts payable"", ""collections"", ""accounting""], ""defining_responsibility_signals"": [""supervisory experience"", ""expense report management""], ""confidence"": ""high"", ""rep_rank"": 1, ""attempt"": 1, ""raw_output"": ""{\""community_id\"": 325, \""dominant_experience_level\"": \""mid\"", \""entry_accessibility\"": \""moderate_entry_barrier\"", \""community_label\"": \""Accounts Payable Specialist/Manager\"", \""defining_skills\"": [\""accounts payable\"", \""collections\"", \""accounting\""], \""defining_responsibility_signals\"": [\""supervisory experience\"", \""expense report management\""] , \""confidence\"": \""high\""}""}, {""community_id"": 325, ""dominant_experience_level"": ""mid"", ""entry_accessibility"": ""moderate_entry_barrier"", ""community_label"": ""Accounts Payable Specialist/Manager"", ""defining_skills"": [""accounts payable"", ""vendor payments"", ""day-to-day processing""], ""defining_responsibility_signals"": [""manage sequential liability process"", ""oversee day-to-day processing activities""], ""confidence"": ""high"", ""rep_rank"": 2, ""attempt"": 1, ""raw_output"": ""{\""community_id\"": 325, \""dominant_experience_level\"": \""mid\"", \""entry_accessibility\"": \""moderate_entry_barrier\"", \""community_label\"": \""Accounts Payable Specialist/Manager\"", \""defining_skills\"": [\""accounts payable\"", \""vendor payments\"", \""day-to-day processing\""], \""defining_responsibility_signals\"": [\""manage sequential liability process\"", \""oversee day-to-day processing activities\""] , \""confidence\"": \""high\""}""}, {""community_id"": 325, ""dominant_experience_level"": ""junior"", ""entry_accessibility"": ""moderate_entry_barrier"", ""community_label"": ""Accounts Receivable Collections"", ""defining_skills"": [""collections"", ""accounts receivable"", ""customer follow-up""], ""defining_responsibility_signals"": [""timely collection"", ""regular follow-up""], ""confidence"": ""high"", ""rep_rank"": 3, ""attempt"": 1, ""raw_output"": ""{\""community_id\"": 325, \""dominant_experience_level\"": \""junior\"", \""entry_accessibility\"": \""moderate_entry_barrier\"", \""community_label\"": \""Accounts Receivable Collections\"", \""defining_skills\"": [\""collections\"", \""accounts receivable\"", \""customer follow-up\""], \""defining_responsibility_signals\"": [\""timely collection\"", \""regular follow-up\""] , \""confidence\"": \""high\""}""}]",14
326,36,junior,moderate_entry_barrier,Marketing & Sales,"['marketing', 'sales', 'promotions']","['assistant', 'representative']",high,1.0,1.0,0.667,0.889,3,"marketing, entry, representative, sales, promotions, manager, assistant, sports, minded, specialist, consultant, senior","[{""community_id"": 326, ""dominant_experience_level"": ""junior"", ""entry_accessibility"": ""moderate_entry_barrier"", ""community_label"": ""Marketing & Sales"", ""defining_skills"": [""marketing"", ""sales"", ""promotions""], ""defining_responsibility_signals"": [""assistant"", ""representative""], ""confidence"": ""high"", ""rep_rank"": 1, ""attempt"": 1, ""raw_output"": ""{\""community_id\"": 326, \""dominant_experience_level\"": \""junior\"", \""entry_accessibility\"": \""moderate_entry_barrier\"", \""community_label\"": \""Marketing & Sales\"", \""defining_skills\"": [\""marketing\"", \""sales\"", \""promotions\""], \""defining_responsibility_signals\"": [\""assistant\"", \""representative\""] , \""confidence\"": \""high\""}""}, {""community_id"": 326, ""dominant_experience_level"": ""junior"", ""entry_accessibility"": ""moderate_entry_barrier"", ""community_label"": ""Marketing & Sales"", ""defining_skills"": [""marketing"", ""sales"", ""promotions""], ""defining_responsibility_signals"": [""lead_generation"", ""support_sales""], ""confidence"": ""high"", ""rep_rank"": 2, ""attempt"": 1, ""raw_output"": ""{\""community_id\"": 326, \""dominant_experience_level\"": \""junior\"", \""entry_accessibility\"": \""moderate_entry_barrier\"", \""community_label\"": \""Marketing & Sales\"", \""defining_skills\"": [\""marketing\"", \""sales\"", \""promotions\""], \""defining_responsibility_signals\"": [\""lead_generation\"", \""support_sales\""] , \""confidence\"": \""high\""}""}, {""community_id"": 326, ""dominant_experience_level"": ""junior"", ""entry_accessibility"": ""moderate_entry_barrier"", ""community_label"": ""Marketing Representatives"", ""defining_skills"": [""sales"", ""promotions"", ""marketing""], ""defining_responsibility_signals"": [""coordinate"", ""design""], ""confidence"": ""high"", ""rep_rank"": 3, ""attempt"": 1, ""raw_output"": ""{\""community_id\"": 326, \""dominant_experience_level\"": \""junior\"", \""entry_accessibility\"": \""moderate_entry_barrier\"", \""community_label\"": \""Marketing Representatives\"", \""defining_skills\"": [\""sales\"", \""promotions\"", \""marketing\""], \""defining_responsibility_signals\"": [\""coordinate\"", \""design\""] , \""confidence\"": \""high\""}""}]",14
327,36,mid,moderate_entry_barrier,Supply Chain Operations,"['logistics', 'supply chain', 'operations']","['manager', 'coordinator']",high,1.0,1.0,0.667,0.889,3,"manager, specialist, logistics, supply, chain, operations, air, import, export, international, coordinator, ocean","[{""community_id"": 327, ""dominant_experience_level"": ""mid"", ""entry_accessibility"": ""moderate_entry_barrier"", ""community_label"": ""Supply Chain Operations Specialist"", ""defining_skills"": [""logistics"", ""supply chain"", ""operations""], ""defining_responsibility_signals"": [""air"", ""import/export""], ""confidence"": ""high"", ""rep_rank"": 1, ""attempt"": 1, ""raw_output"": ""{\""community_id\"": 327, \""dominant_experience_level\"": \""mid\"", \""entry_accessibility\"": \""moderate_entry_barrier\"", \""community_label\"": \""Supply Chain Operations Specialist\"", \""defining_skills\"": [\""logistics\"", \""supply chain\"", \""operations\""], \""defining_responsibility_signals\"": [\""air\"", \""import/export\""] , \""confidence\"": \""high\""}""}, {""community_id"": 327, ""dominant_experience_level"": ""mid"", ""entry_accessibility"": ""moderate_entry_barrier"", ""community_label"": ""Supply Chain Operations"", ""defining_skills"": [""logistics"", ""supply chain"", ""operations""], ""defining_responsibility_signals"": [""manager"", ""coordinator""], ""confidence"": ""high"", ""rep_rank"": 2, ""attempt"": 1, ""raw_output"": ""{\""community_id\"": 327, \""dominant_experience_level\"": \""mid\"", \""entry_accessibility\"": \""moderate_entry_barrier\"", \""community_label\"": \""Supply Chain Operations\"", \""defining_skills\"": [\""logistics\"", \""supply chain\"", \""operations\""], \""defining_responsibility_signals\"": [\""manager\"", \""coordinator\""] , \""confidence\"": \""high\""}""}, {""community_id"": 327, ""dominant_experience_level"": ""mid"", ""entry_accessibility"": ""moderate_entry_barrier"", ""community_label"": ""Supply Chain Operations"", ""defining_skills"": [""logistics"", ""supply chain"", ""operations""], ""defining_responsibility_signals"": [""manager"", ""coordinator""], ""confidence"": ""high"", ""rep_rank"": 3, ""attempt"": 1, ""raw_output"": ""{\""community_id\"": 327, \""dominant_experience_level\"": \""mid\"", \""entry_accessibility\"": \""moderate_entry_barrier\"", \""community_label\"": \""Supply Chain Operations\"", \""defining_skills\"": [\""logistics\"", \""supply chain\"", \""operations\""], \""defining_responsibility_signals\"": [\""manager\"", \""coordinator\""] , \""confidence\"": \""high\""}""}]",14
328,36,senior,moderate_entry_barrier,HR Business Partner,"['people management', 'strategic planning', 'employee relations']","['leadership', ""bachelor's degree""]",high,1.0,1.0,0.667,0.889,3,"human, resources, partner, business, manager, senior, director, employee, relations, lead, people, vice","[{""community_id"": 328, ""dominant_experience_level"": ""senior"", ""entry_accessibility"": ""moderate_entry_barrier"", ""community_label"": ""Senior HR Business Partner"", ""defining_skills"": [""people management"", ""strategic planning"", ""employee relations""], ""defining_responsibility_signals"": [""leadership"", ""bachelor's degree""], ""confidence"": ""high"", ""rep_rank"": 1, ""attempt"": 1, ""raw_output"": ""{\""community_id\"": 328, \""dominant_experience_level\"": \""senior\"", \""entry_accessibility\"": \""moderate_entry_barrier\"", \""community_label\"": \""Senior HR Business Partner\"", \""defining_skills\"": [\""people management\"", \""strategic planning\"", \""employee relations\""], \""defining_responsibility_signals\"": [\""leadership\"", \""bachelor's degree\""] , \""confidence\"": \""high\""}""}, {""community_id"": 328, ""dominant_experience_level"": ""senior"", ""entry_accessibility"": ""moderate_entry_barrier"", ""community_label"": ""HR Business Partner"", ""defining_skills"": [""strategic_thinking"", ""coaching"", ""collaboration""], ""defining_responsibility_signals"": [""culture_cultivation"", ""problem_solving""], ""confidence"": ""high"", ""rep_rank"": 2, ""attempt"": 1, ""raw_output"": ""{\""community_id\"": 328, \""dominant_experience_level\"": \""senior\"", \""entry_accessibility\"": \""moderate_entry_barrier\"", \""community_label\"": \""HR Business Partner\"", \""defining_skills\"": [\""strategic_thinking\"", \""coaching\"", \""collaboration\""], \""defining_responsibility_signals\"": [\""culture_cultivation\"", \""problem_solving\""] , \""confidence\"": \""high\""}""}, {""community_id"": 328, ""dominant_experience_level"": ""senior"", ""entry_accessibility"": ""moderate_entry_barrier"", ""community_label"": ""HR Business Partner"", ""defining_skills"": [""business acumen"", ""people management"", ""strategic planning""], ""defining_responsibility_signals"": [""leadership"", ""people development""], ""confidence"": ""high"", ""rep_rank"": 3, ""attempt"": 1, ""raw_output"": ""{\""community_id\"": 328, \""dominant_experience_level\"": \""senior\"", \""entry_accessibility\"": \""moderate_entry_barrier\"", \""community_label\"": \""HR Business Partner\"", \""defining_skills\"": [\""business acumen\"", \""people management\"", \""strategic planning\""], \""defining_responsibility_signals\"": [\""leadership\"", \""people development\""] , \""confidence\"": \""high\""}""}]",14
329,36,mid,moderate_entry_barrier,Legal Assistant,"['paralegal', 'administrative', 'secretary']","['personal injury', 'litigation support']",high,1.0,1.0,0.667,0.889,3,"legal, assistant, paralegal, administrative, secretary, law, personal, injury, senior, litigation, clerk, claims","[{""community_id"": 329, ""dominant_experience_level"": ""mid"", ""entry_accessibility"": ""moderate_entry_barrier"", ""community_label"": ""Legal Assistant"", ""defining_skills"": [""paralegal"", ""administrative"", ""secretary""], ""defining_responsibility_signals"": [""personal injury"", ""litigation support""], ""confidence"": ""high"", ""rep_rank"": 1, ""attempt"": 1, ""raw_output"": ""{\""community_id\"": 329, \""dominant_experience_level\"": \""mid\"", \""entry_accessibility\"": \""moderate_entry_barrier\"", \""community_label\"": \""Legal Assistant\"", \""defining_skills\"": [\""paralegal\"", \""administrative\"", \""secretary\""], \""defining_responsibility_signals\"": [\""personal injury\"", \""litigation support\""] , \""confidence\"": \""high\""}""}, {""community_id"": 329, ""dominant_experience_level"": ""mid"", ""entry_accessibility"": ""moderate_entry_barrier"", ""community_label"": ""Legal Assistant"", ""defining_skills"": [""transactional documents"", ""commercial leases"", ""administrative support""], ""defining_responsibility_signals"": [""supports legal team"", ""drafts documents""], ""confidence"": ""high"", ""rep_rank"": 2, ""attempt"": 1, ""raw_output"": ""{\""community_id\"": 329, \""dominant_experience_level\"": \""mid\"", \""entry_accessibility\"": \""moderate_entry_barrier\"", \""community_label\"": \""Legal Assistant\"", \""defining_skills\"": [\""transactional documents\"", \""commercial leases\"", \""administrative support\""], \""defining_responsibility_signals\"": [\""supports legal team\"", \""drafts documents\""] , \""confidence\"": \""high\""}""}, {""community_id"": 329, ""dominant_experience_level"": ""mid"", ""entry_accessibility"": ""moderate_entry_barrier"", ""community_label"": ""Legal Support"", ""defining_skills"": [""Legal Knowledge"", ""Administrative Tasks"", ""Claims Processing""], ""defining_responsibility_signals"": [""Support Litigation"", ""Assist Paralegals/Lawyers""], ""confidence"": ""high"", ""rep_rank"": 3, ""attempt"": 1, ""raw_output"": ""{\""community_id\"": 329, \""dominant_experience_level\"": \""mid\"", \""entry_accessibility\"": \""moderate_entry_barrier\"", \""community_label\"": \""Legal Support\"", \""defining_skills\"": [\""Legal Knowledge\"", \""Administrative Tasks\"", \""Claims Processing\""], \""defining_responsibility_signals\"": [\""Support Litigation\"", \""Assist Paralegals/Lawyers\""] , \""confidence\"": \""high\""}""}]",14
330,36,mid,moderate_entry_barrier,Cybersecurity & Software Engineering,"['project management', 'cybersecurity', 'software engineering']","['requires leadership', ""requires bachelor's degree""]",high,1.0,1.0,0.333,0.778,3,"engineer, software, project, analyst, manager, systems, management, security, engineering, principal, warfare, master","[{""community_id"": 330, ""dominant_experience_level"": ""mid"", ""entry_accessibility"": ""moderate_entry_barrier"", ""community_label"": ""Cybersecurity & Software Engineering"", ""defining_skills"": [""project management"", ""software engineering"", ""cybersecurity""], ""defining_responsibility_signals"": [""requires leadership"", ""requires bachelor's degree""], ""confidence"": ""high"", ""rep_rank"": 1, ""attempt"": 1, ""raw_output"": ""{\""community_id\"": 330, \""dominant_experience_level\"": \""mid\"", \""entry_accessibility\"": \""moderate_entry_barrier\"", \""community_label\"": \""Cybersecurity & Software Engineering\"", \""defining_skills\"": [\""project management\"", \""software engineering\"", \""cybersecurity\""], \""defining_responsibility_signals\"": [\""requires leadership\"", \""requires bachelor's degree\""] , \""confidence\"": \""high\""}""}, {""community_id"": 330, ""dominant_experience_level"": ""mid"", ""entry_accessibility"": ""moderate_entry_barrier"", ""community_label"": ""Cybersecurity & Project Management"", ""defining_skills"": [""project management"", ""cybersecurity"", ""security clearance""], ""defining_responsibility_signals"": [""requires_bachelor"", ""requires_security_clearance""], ""confidence"": ""high"", ""rep_rank"": 2, ""attempt"": 1, ""raw_output"": ""{\""community_id\"": 330, \""dominant_experience_level\"": \""mid\"", \""entry_accessibility\"": \""moderate_entry_barrier\"", \""community_label\"": \""Cybersecurity & Project Management\"", \""defining_skills\"": [\""project management\"", \""cybersecurity\"", \""security clearance\""], \""defining_responsibility_signals\"": [\""requires_bachelor\"", \""requires_security_clearance\""] , \""confidence\"": \""high\""}""}, {""community_id"": 330, ""dominant_experience_level"": ""mid"", ""entry_accessibility"": ""moderate_entry_barrier"", ""community_label"": ""Software Engineering & Management"", ""defining_skills"": [""software"", ""project"", ""systems""], ""defining_responsibility_signals"": [""leadership"", ""certification""], ""confidence"": ""high"", ""rep_rank"": 3, ""attempt"": 1, ""raw_output"": ""{\""community_id\"": 330, \""dominant_experience_level\"": \""mid\"", \""entry_accessibility\"": \""moderate_entry_barrier\"", \""community_label\"": \""Software Engineering & Management\"", \""defining_skills\"": [\""software\"", \""project\"", \""systems\""], \""defining_responsibility_signals\"": [\""leadership\"", \""certification\""] , \""confidence\"": \""high\""}""}]",14
331,36,junior,moderate_entry_barrier,Healthcare Tech Specialist,"['coding', 'patient care', 'registration']","['visitation', 'screening']",high,1.0,1.0,0.333,0.778,3,"specialist, tech, coding, patient, prn, registration, coordinator, center, manager, visitation, screener, senior","[{""community_id"": 331, ""dominant_experience_level"": ""junior"", ""entry_accessibility"": ""moderate_entry_barrier"", ""community_label"": ""Healthcare Tech Specialist"", ""defining_skills"": [""coding"", ""patient registration"", ""coordination""], ""defining_responsibility_signals"": [""visitation"", ""screening""], ""confidence"": ""high"", ""rep_rank"": 1, ""attempt"": 1, ""raw_output"": ""{\""community_id\"": 331, \""dominant_experience_level\"": \""junior\"", \""entry_accessibility\"": \""moderate_entry_barrier\"", \""community_label\"": \""Healthcare Tech Specialist\"", \""defining_skills\"": [\""coding\"", \""patient registration\"", \""coordination\""], \""defining_responsibility_signals\"": [\""visitation\"", \""screening\""] , \""confidence\"": \""high\""}""}, {""community_id"": 331, ""dominant_experience_level"": ""junior"", ""entry_accessibility"": ""moderate_entry_barrier"", ""community_label"": ""Patient Care Coordinator"", ""defining_skills"": [""coding"", ""patient care"", ""registration""], ""defining_responsibility_signals"": [""visitation"", ""screening""], ""confidence"": ""high"", ""rep_rank"": 2, ""attempt"": 1, ""raw_output"": ""{\""community_id\"": 331, \""dominant_experience_level\"": \""junior\"", \""entry_accessibility\"": \""moderate_entry_barrier\"", \""community_label\"": \""Patient Care Coordinator\"", \""defining_skills\"": [\""coding\"", \""patient care\"", \""registration\""], \""defining_responsibility_signals\"": [\""visitation\"", \""screening\""] , \""confidence\"": \""high\""}""}, {""community_id"": 331, ""dominant_experience_level"": ""junior"", ""entry_accessibility"": ""moderate_entry_barrier"", ""community_label"": ""Clinical Supply Specialist"", ""defining_skills"": [""coding"", ""patient care"", ""registration""], ""defining_responsibility_signals"": [""discovery"", ""coordination""], ""confidence"": ""high"", ""rep_rank"": 3, ""attempt"": 1, ""raw_output"": ""{\""community_id\"": 331, \""dominant_experience_level\"": \""junior\"", \""entry_accessibility\"": \""moderate_entry_barrier\"", \""community_label\"": \""Clinical Supply Specialist\"", \""defining_skills\"": [\""coding\"", \""patient care\"", \""registration\""], \""defining_responsibility_signals\"": [\""discovery\"", \""coordination\""] , \""confidence\"": \""high\""}""}]",14
332,36,junior,moderate_entry_barrier,Merchandiser/Sales,"['order management', 'customer service', 'retail merchandising']","['fulfill merchandising needs', 'customer communication']",high,1.0,1.0,0.667,0.889,3,"merchandiser, nabisco, order, writer, retail, representative, service, stocker, sales, west, new, york","[{""community_id"": 332, ""dominant_experience_level"": ""junior"", ""entry_accessibility"": ""moderate_entry_barrier"", ""community_label"": ""Retail Merchandiser/Stocker"", ""defining_skills"": [""merchandising"", ""stocking"", ""customer communication""], ""defining_responsibility_signals"": [""store shelves maintenance"", ""relationship building""], ""confidence"": ""high"", ""rep_rank"": 1, ""attempt"": 1, ""raw_output"": ""{\""community_id\"": 332, \""dominant_experience_level\"": \""junior\"", \""entry_accessibility\"": \""moderate_entry_barrier\"", \""community_label\"": \""Retail Merchandiser/Stocker\"", \""defining_skills\"": [\""merchandising\"", \""stocking\"", \""customer communication\""], \""defining_responsibility_signals\"": [\""store shelves maintenance\"", \""relationship building\""] , \""confidence\"": \""high\""}""}, {""community_id"": 332, ""dominant_experience_level"": ""junior"", ""entry_accessibility"": ""moderate_entry_barrier"", ""community_label"": ""Merchandiser/Sales"", ""defining_skills"": [""order management"", ""customer service"", ""retail merchandising""], ""defining_responsibility_signals"": [""fulfill merchandising needs"", ""customer communication""], ""confidence"": ""high"", ""rep_rank"": 2, ""attempt"": 1, ""raw_output"": ""{\""community_id\"": 332, \""dominant_experience_level\"": \""junior\"", \""entry_accessibility\"": \""moderate_entry_barrier\"", \""community_label\"": \""Merchandiser/Sales\"", \""defining_skills\"": [\""order management\"", \""customer service\"", \""retail merchandising\""], \""defining_responsibility_signals\"": [\""fulfill merchandising needs\"", \""customer communication\""] , \""confidence\"": \""high\""}""}, {""community_id"": 332, ""dominant_experience_level"": ""junior"", ""entry_accessibility"": ""moderate_entry_barrier"", ""community_label"": ""Merchandiser/Sales"", ""defining_skills"": [""order management"", ""customer service"", ""retail merchandising""], ""defining_responsibility_signals"": [""fulfill merchandising needs"", ""customer communication""], ""confidence"": ""high"", ""rep_rank"": 3, ""attempt"": 1, ""raw_output"": ""{\""community_id\"": 332, \""dominant_experience_level\"": \""junior\"", \""entry_accessibility\"": \""moderate_entry_barrier\"", \""community_label\"": \""Merchandiser/Sales\"", \""defining_skills\"": [\""order management\"", \""customer service\"", \""retail merchandising\""], \""defining_responsibility_signals\"": [\""fulfill merchandising needs\"", \""customer communication\""] , \""confidence\"": \""high\""}""}]",14
333,36,mid,moderate_entry_barrier,Water & Waste Management,"['water treatment', 'wastewater management', 'environmental compliance']","['operational management', 'team leadership']",high,1.0,1.0,1.0,1.0,3,"manager, electric, vehicle, operator, wastewater, environmental, specialist, laborer, water, market, director, battery","[{""community_id"": 333, ""dominant_experience_level"": ""mid"", ""entry_accessibility"": ""moderate_entry_barrier"", ""community_label"": ""Water & Waste Management"", ""defining_skills"": [""water treatment"", ""wastewater management"", ""environmental compliance""], ""defining_responsibility_signals"": [""operational management"", ""team leadership""], ""confidence"": ""high"", ""rep_rank"": 1, ""attempt"": 1, ""raw_output"": ""{\""community_id\"": 333, \""dominant_experience_level\"": \""mid\"", \""entry_accessibility\"": \""moderate_entry_barrier\"", \""community_label\"": \""Water & Waste Management\"", \""defining_skills\"": [\""water treatment\"", \""wastewater management\"", \""environmental compliance\""], \""defining_responsibility_signals\"": [\""operational management\"", \""team leadership\""] , \""confidence\"": \""high\""}""}, {""community_id"": 333, ""dominant_experience_level"": ""mid"", ""entry_accessibility"": ""moderate_entry_barrier"", ""community_label"": ""Water & Waste Management"", ""defining_skills"": [""water treatment"", ""waste management"", ""energy management""], ""defining_responsibility_signals"": [""operational"", ""leadership""], ""confidence"": ""high"", ""rep_rank"": 2, ""attempt"": 1, ""raw_output"": ""{\""community_id\"": 333, \""dominant_experience_level\"": \""mid\"", \""entry_accessibility\"": \""moderate_entry_barrier\"", \""community_label\"": \""Water & Waste Management\"", \""defining_skills\"": [\""water treatment\"", \""waste management\"", \""energy management\""], \""defining_responsibility_signals\"": [\""operational\"", \""leadership\""] , \""confidence\"": \""high\""}""}, {""community_id"": 333, ""dominant_experience_level"": ""mid"", ""entry_accessibility"": ""moderate_entry_barrier"", ""community_label"": ""Water & Waste Management"", ""defining_skills"": [""water treatment"", ""wastewater management"", ""environmental compliance""], ""defining_responsibility_signals"": [""operational management"", ""team leadership""], ""confidence"": ""high"", ""rep_rank"": 3, ""attempt"": 1, ""raw_output"": ""{\""community_id\"": 333, \""dominant_experience_level\"": \""mid\"", \""entry_accessibility\"": \""moderate_entry_barrier\"", \""community_label\"": \""Water & Waste Management\"", \""defining_skills\"": [\""water treatment\"", \""wastewater management\"", \""environmental compliance\""], \""defining_responsibility_signals\"": [\""operational management\"", \""team leadership\""] , \""confidence\"": \""high\""}""}]",14
334,35,mid,moderate_entry_barrier,Nursing,"['medical', 'care', 'nursing']","['leadership', 'certification']",high,1.0,1.0,0.667,0.889,3,"nurse, registered, care, assistant, nursing, oncology, manager, med, surg, hospice, per, medical","[{""community_id"": 334, ""dominant_experience_level"": ""mid"", ""entry_accessibility"": ""moderate_entry_barrier"", ""community_label"": ""Nursing"", ""defining_skills"": [""medical"", ""care"", ""nursing""], ""defining_responsibility_signals"": [""care_coordination"", ""patient_care""], ""confidence"": ""high"", ""rep_rank"": 1, ""attempt"": 1, ""raw_output"": ""{\""community_id\"": 334, \""dominant_experience_level\"": \""mid\"", \""entry_accessibility\"": \""moderate_entry_barrier\"", \""community_label\"": \""Nursing\"", \""defining_skills\"": [\""medical\"", \""care\"", \""nursing\""], \""defining_responsibility_signals\"": [\""care_coordination\"", \""patient_care\""] , \""confidence\"": \""high\""}""}, {""community_id"": 334, ""dominant_experience_level"": ""mid"", ""entry_accessibility"": ""moderate_entry_barrier"", ""community_label"": ""Nursing Support"", ""defining_skills"": [""care"", ""medical"", ""nursing""], ""defining_responsibility_signals"": [""leadership"", ""certification""], ""confidence"": ""high"", ""rep_rank"": 2, ""attempt"": 1, ""raw_output"": ""{\""community_id\"": 334, \""dominant_experience_level\"": \""mid\"", \""entry_accessibility\"": \""moderate_entry_barrier\"", \""community_label\"": \""Nursing Support\"", \""defining_skills\"": [\""care\"", \""medical\"", \""nursing\""], \""defining_responsibility_signals\"": [\""leadership\"", \""certification\""] , \""confidence\"": \""high\""}""}, {""community_id"": 334, ""dominant_experience_level"": ""mid"", ""entry_accessibility"": ""moderate_entry_barrier"", ""community_label"": ""Nursing"", ""defining_skills"": [""medical"", ""nursing"", ""care""], ""defining_responsibility_signals"": [""leadership"", ""certification""], ""confidence"": ""high"", ""rep_rank"": 3, ""attempt"": 1, ""raw_output"": ""{\""community_id\"": 334, \""dominant_experience_level\"": \""mid\"", \""entry_accessibility\"": \""moderate_entry_barrier\"", \""community_label\"": \""Nursing\"", \""defining_skills\"": [\""medical\"", \""nursing\"", \""care\""], \""defining_responsibility_signals\"": [\""leadership\"", \""certification\""] , \""confidence\"": \""high\""}""}]",14
335,35,senior,moderate_entry_barrier,Senior Accounting & Finance,"['account management', 'accounting', 'tax']","['strategic', 'leadership']",high,1.0,1.0,0.333,0.778,3,"senior, account, accountant, executive, accounting, manager, audit, director, tax, sec, strategic, staff","[{""community_id"": 335, ""dominant_experience_level"": ""senior"", ""entry_accessibility"": ""moderate_entry_barrier"", ""community_label"": ""Senior Accounting & Finance"", ""defining_skills"": [""accounting"", ""tax"", ""audit""], ""defining_responsibility_signals"": [""strategic"", ""leadership""], ""confidence"": ""high"", ""rep_rank"": 1, ""attempt"": 1, ""raw_output"": ""{\""community_id\"": 335, \""dominant_experience_level\"": \""senior\"", \""entry_accessibility\"": \""moderate_entry_barrier\"", \""community_label\"": \""Senior Accounting & Finance\"", \""defining_skills\"": [\""accounting\"", \""tax\"", \""audit\""], \""defining_responsibility_signals\"": [\""strategic\"", \""leadership\""] , \""confidence\"": \""high\""}""}, {""community_id"": 335, ""dominant_experience_level"": ""senior"", ""entry_accessibility"": ""moderate_entry_barrier"", ""community_label"": ""Senior Account Management"", ""defining_skills"": [""account management"", ""strategic planning"", ""audit experience""], ""defining_responsibility_signals"": [""primary point of contact"", ""face of the organization""], ""confidence"": ""high"", ""rep_rank"": 2, ""attempt"": 1, ""raw_output"": ""{\""community_id\"": 335, \""dominant_experience_level\"": \""senior\"", \""entry_accessibility\"": \""moderate_entry_barrier\"", \""community_label\"": \""Senior Account Management\"", \""defining_skills\"": [\""account management\"", \""strategic planning\"", \""audit experience\""], \""defining_responsibility_signals\"": [\""primary point of contact\"", \""face of the organization\""] , \""confidence\"": \""high\""}""}, {""community_id"": 335, ""dominant_experience_level"": ""senior"", ""entry_accessibility"": ""moderate_entry_barrier"", ""community_label"": ""Senior Account Executive"", ""defining_skills"": [""account management"", ""sales"", ""client management""], ""defining_responsibility_signals"": [""revenue growth"", ""client retention""], ""confidence"": ""high"", ""rep_rank"": 3, ""attempt"": 1, ""raw_output"": ""{\""community_id\"": 335, \""dominant_experience_level\"": \""senior\"", \""entry_accessibility\"": \""moderate_entry_barrier\"", \""community_label\"": \""Senior Account Executive\"", \""defining_skills\"": [\""account management\"", \""sales\"", \""client management\""], \""defining_responsibility_signals\"": [\""revenue growth\"", \""client retention\""] , \""confidence\"": \""high\""}""}]",14
336,35,mid,moderate_entry_barrier,Accounts Receivable Specialist,"['finance', 'accounting', 'accounts receivable']","['leadership', 'experience']",high,1.0,1.0,0.333,0.778,3,"controller, accounting, accounts, manager, receivable, account, clerk, finance, specialist, director, accountant, financial","[{""community_id"": 336, ""dominant_experience_level"": ""mid"", ""entry_accessibility"": ""moderate_entry_barrier"", ""community_label"": ""Accounts Receivable Specialist"", ""defining_skills"": [""accounts receivable"", ""finance"", ""accounting""], ""defining_responsibility_signals"": [""experience"", ""leadership""], ""confidence"": ""high"", ""rep_rank"": 1, ""attempt"": 1, ""raw_output"": ""{\""community_id\"": 336, \""dominant_experience_level\"": \""mid\"", \""entry_accessibility\"": \""moderate_entry_barrier\"", \""community_label\"": \""Accounts Receivable Specialist\"", \""defining_skills\"": [\""accounts receivable\"", \""finance\"", \""accounting\""], \""defining_responsibility_signals\"": [\""experience\"", \""leadership\""] , \""confidence\"": \""high\""}""}, {""community_id"": 336, ""dominant_experience_level"": ""mid"", ""entry_accessibility"": ""moderate_entry_barrier"", ""community_label"": ""Accounting & Finance"", ""defining_skills"": [""accounting"", ""finance"", ""managerial""], ""defining_responsibility_signals"": [""leadership"", ""certification""], ""confidence"": ""high"", ""rep_rank"": 2, ""attempt"": 1, ""raw_output"": ""{\""community_id\"": 336, \""dominant_experience_level\"": \""mid\"", \""entry_accessibility\"": \""moderate_entry_barrier\"", \""community_label\"": \""Accounting & Finance\"", \""defining_skills\"": [\""accounting\"", \""finance\"", \""managerial\""], \""defining_responsibility_signals\"": [\""leadership\"", \""certification\""] , \""confidence\"": \""high\""}""}, {""community_id"": 336, ""dominant_experience_level"": ""mid"", ""entry_accessibility"": ""moderate_entry_barrier"", ""community_label"": ""Real Estate Accounting"", ""defining_skills"": [""controller"", ""accounting"", ""finance""], ""defining_responsibility_signals"": [""manages"", ""acquisition development financing operations and sales""], ""confidence"": ""high"", ""rep_rank"": 3, ""attempt"": 1, ""raw_output"": ""{\""community_id\"": 336, \""dominant_experience_level\"": \""mid\"", \""entry_accessibility\"": \""moderate_entry_barrier\"", \""community_label\"": \""Real Estate Accounting\"", \""defining_skills\"": [\""controller\"", \""accounting\"", \""finance\""], \""defining_responsibility_signals\"": [\""manages\"", \""acquisition development financing operations and sales\""] , \""confidence\"": \""high\""}""}]",14
337,35,mid,moderate_entry_barrier,Travel Medical Surgical Nurse,"['medical', 'surgical', 'registered']","['contract', 'travel']",high,1.0,1.0,1.0,1.0,3,"nurse, travel, med, surg, 736, ltc, 962, registered, medical, surgical, contract, 993","[{""community_id"": 337, ""dominant_experience_level"": ""mid"", ""entry_accessibility"": ""moderate_entry_barrier"", ""community_label"": ""Travel Medical Surgical Nurse"", ""defining_skills"": [""medical"", ""surgical"", ""registered""], ""defining_responsibility_signals"": [""travel"", ""contract""], ""confidence"": ""high"", ""rep_rank"": 1, ""attempt"": 1, ""raw_output"": ""{\""community_id\"": 337, \""dominant_experience_level\"": \""mid\"", \""entry_accessibility\"": \""moderate_entry_barrier\"", \""community_label\"": \""Travel Medical Surgical Nurse\"", \""defining_skills\"": [\""medical\"", \""surgical\"", \""registered\""], \""defining_responsibility_signals\"": [\""travel\"", \""contract\""] , \""confidence\"": \""high\""}""}, {""community_id"": 337, ""dominant_experience_level"": ""mid"", ""entry_accessibility"": ""moderate_entry_barrier"", ""community_label"": ""Travel Medical Surgical Nurse"", ""defining_skills"": [""medical"", ""surgical"", ""registered""], ""defining_responsibility_signals"": [""travel"", ""contract""], ""confidence"": ""high"", ""rep_rank"": 2, ""attempt"": 1, ""raw_output"": ""{\""community_id\"": 337, \""dominant_experience_level\"": \""mid\"", \""entry_accessibility\"": \""moderate_entry_barrier\"", \""community_label\"": \""Travel Medical Surgical Nurse\"", \""defining_skills\"": [\""medical\"", \""surgical\"", \""registered\""], \""defining_responsibility_signals\"": [\""travel\"", \""contract\""] , \""confidence\"": \""high\""}""}, {""community_id"": 337, ""dominant_experience_level"": ""mid"", ""entry_accessibility"": ""moderate_entry_barrier"", ""community_label"": ""Travel Medical Surgical Nurse"", ""defining_skills"": [""medical"", ""surgical"", ""registered""], ""defining_responsibility_signals"": [""contract"", ""ltc""], ""confidence"": ""high"", ""rep_rank"": 3, ""attempt"": 1, ""raw_output"": ""{\""community_id\"": 337, \""dominant_experience_level\"": \""mid\"", \""entry_accessibility\"": \""moderate_entry_barrier\"", \""community_label\"": \""Travel Medical Surgical Nurse\"", \""defining_skills\"": [\""medical\"", \""surgical\"", \""registered\""], \""defining_responsibility_signals\"": [\""contract\"", \""ltc\""] , \""confidence\"": \""high\""}""}]",14
338,35,mid,moderate_entry_barrier,Traveling PCU Nurse,"['travel', 'telemetry', 'registered nurse']","['medical', 'surgical']",high,1.0,1.0,0.667,0.889,3,"nurse, travel, registered, pcu, telemetry, medical, surgical, 791, 980, med, surg, care","[{""community_id"": 338, ""dominant_experience_level"": ""mid"", ""entry_accessibility"": ""moderate_entry_barrier"", ""community_label"": ""Traveling Telemetry Nurse"", ""defining_skills"": [""telemetry"", ""travel"", ""registered nurse""], ""defining_responsibility_signals"": [""medical"", ""surgical""], ""confidence"": ""high"", ""rep_rank"": 1, ""attempt"": 1, ""raw_output"": ""{\""community_id\"": 338, \""dominant_experience_level\"": \""mid\"", \""entry_accessibility\"": \""moderate_entry_barrier\"", \""community_label\"": \""Traveling Telemetry Nurse\"", \""defining_skills\"": [\""telemetry\"", \""travel\"", \""registered nurse\""], \""defining_responsibility_signals\"": [\""medical\"", \""surgical\""] , \""confidence\"": \""high\""}""}, {""community_id"": 338, ""dominant_experience_level"": ""mid"", ""entry_accessibility"": ""moderate_entry_barrier"", ""community_label"": ""Traveling PCU Nurse"", ""defining_skills"": [""ACLS"", ""BLS"", ""NICU""], ""defining_responsibility_signals"": [""medical_surgical_care"", ""telemetry_monitoring""], ""confidence"": ""high"", ""rep_rank"": 2, ""attempt"": 1, ""raw_output"": ""{\""community_id\"": 338, \""dominant_experience_level\"": \""mid\"", \""entry_accessibility\"": \""moderate_entry_barrier\"", \""community_label\"": \""Traveling PCU Nurse\"", \""defining_skills\"": [\""ACLS\"", \""BLS\"", \""NICU\""], \""defining_responsibility_signals\"": [\""medical_surgical_care\"", \""telemetry_monitoring\""] , \""confidence\"": \""high\""}""}, {""community_id"": 338, ""dominant_experience_level"": ""mid"", ""entry_accessibility"": ""moderate_entry_barrier"", ""community_label"": ""Traveling PCU Nurse"", ""defining_skills"": [""nurse"", ""travel"", ""registered""], ""defining_responsibility_signals"": [""pcu"", ""telemetry""], ""confidence"": ""high"", ""rep_rank"": 3, ""attempt"": 1, ""raw_output"": ""{\""community_id\"": 338, \""dominant_experience_level\"": \""mid\"", \""entry_accessibility\"": \""moderate_entry_barrier\"", \""community_label\"": \""Traveling PCU Nurse\"", \""defining_skills\"": [\""nurse\"", \""travel\"", \""registered\""], \""defining_responsibility_signals\"": [\""pcu\"", \""telemetry\""] , \""confidence\"": \""high\""}""}]",14
339,35,junior,moderate_entry_barrier,Customer Service Representative,"['customer service', 'sales', 'teamwork']","['handle customer inquiries', 'work in a fast-paced environment']",high,1.0,1.0,0.667,0.889,3,"customer, service, representative, team, member, sales, store, career, fair, april, 2pm, fine","[{""community_id"": 339, ""dominant_experience_level"": ""junior"", ""entry_accessibility"": ""moderate_entry_barrier"", ""community_label"": ""Customer Service"", ""defining_skills"": [""Customer Service"", ""Sales"", ""Teamwork""], ""defining_responsibility_signals"": [""Handling Customer Inquiries"", ""Sales Support""], ""confidence"": ""high"", ""rep_rank"": 1, ""attempt"": 1, ""raw_output"": ""{\""community_id\"": 339, \""dominant_experience_level\"": \""junior\"", \""entry_accessibility\"": \""moderate_entry_barrier\"", \""community_label\"": \""Customer Service\"", \""defining_skills\"": [\""Customer Service\"", \""Sales\"", \""Teamwork\""], \""defining_responsibility_signals\"": [\""Handling Customer Inquiries\"", \""Sales Support\""] , \""confidence\"": \""high\""}""}, {""community_id"": 339, ""dominant_experience_level"": ""junior"", ""entry_accessibility"": ""moderate_entry_barrier"", ""community_label"": ""Customer Service Representative"", ""defining_skills"": [""customer service"", ""sales"", ""teamwork""], ""defining_responsibility_signals"": [""handle customer inquiries"", ""work in a fast-paced environment""], ""confidence"": ""high"", ""rep_rank"": 2, ""attempt"": 1, ""raw_output"": ""{\""community_id\"": 339, \""dominant_experience_level\"": \""junior\"", \""entry_accessibility\"": \""moderate_entry_barrier\"", \""community_label\"": \""Customer Service Representative\"", \""defining_skills\"": [\""customer service\"", \""sales\"", \""teamwork\""], \""defining_responsibility_signals\"": [\""handle customer inquiries\"", \""work in a fast-paced environment\""] , \""confidence\"": \""high\""}""}, {""community_id"": 339, ""dominant_experience_level"": ""junior"", ""entry_accessibility"": ""moderate_entry_barrier"", ""community_label"": ""Customer Service Representative"", ""defining_skills"": [""customer service"", ""sales"", ""teamwork""], ""defining_responsibility_signals"": [""handle customer inquiries"", ""work in a fast-paced environment""], ""confidence"": ""high"", ""rep_rank"": 3, ""attempt"": 1, ""raw_output"": ""{\""community_id\"": 339, \""dominant_experience_level\"": \""junior\"", \""entry_accessibility\"": \""moderate_entry_barrier\"", \""community_label\"": \""Customer Service Representative\"", \""defining_skills\"": [\""customer service\"", \""sales\"", \""teamwork\""], \""defining_responsibility_signals\"": [\""handle customer inquiries\"", \""work in a fast-paced environment\""] , \""confidence\"": \""high\""}""}]",14
340,35,junior,moderate_entry_barrier,Banking Teller,"['customer service', 'banking operations', 'transaction processing']","['customer interaction', 'cash handling']",high,1.0,1.0,1.0,1.0,3,"teller, banking, banker, service, bank, operations, technician, advisor, specialist, processor, personal, coordinator","[{""community_id"": 340, ""dominant_experience_level"": ""junior"", ""entry_accessibility"": ""moderate_entry_barrier"", ""community_label"": ""Banking Teller"", ""defining_skills"": [""customer service"", ""banking operations"", ""transaction processing""], ""defining_responsibility_signals"": [""customer interaction"", ""cash handling""], ""confidence"": ""high"", ""rep_rank"": 1, ""attempt"": 1, ""raw_output"": ""{\""community_id\"": 340, \""dominant_experience_level\"": \""junior\"", \""entry_accessibility\"": \""moderate_entry_barrier\"", \""community_label\"": \""Banking Teller\"", \""defining_skills\"": [\""customer service\"", \""banking operations\"", \""transaction processing\""], \""defining_responsibility_signals\"": [\""customer interaction\"", \""cash handling\""] , \""confidence\"": \""high\""}""}, {""community_id"": 340, ""dominant_experience_level"": ""junior"", ""entry_accessibility"": ""moderate_entry_barrier"", ""community_label"": ""Banking Teller"", ""defining_skills"": [""customer service"", ""banking operations"", ""transaction processing""], ""defining_responsibility_signals"": [""customer interaction"", ""cash handling""], ""confidence"": ""high"", ""rep_rank"": 2, ""attempt"": 1, ""raw_output"": ""{\""community_id\"": 340, \""dominant_experience_level\"": \""junior\"", \""entry_accessibility\"": \""moderate_entry_barrier\"", \""community_label\"": \""Banking Teller\"", \""defining_skills\"": [\""customer service\"", \""banking operations\"", \""transaction processing\""], \""defining_responsibility_signals\"": [\""customer interaction\"", \""cash handling\""] , \""confidence\"": \""high\""}""}, {""community_id"": 340, ""dominant_experience_level"": ""junior"", ""entry_accessibility"": ""moderate_entry_barrier"", ""community_label"": ""Banking Teller"", ""defining_skills"": [""customer service"", ""banking operations"", ""transaction processing""], ""defining_responsibility_signals"": [""customer interaction"", ""cash handling""], ""confidence"": ""high"", ""rep_rank"": 3, ""attempt"": 1, ""raw_output"": ""{\""community_id\"": 340, \""dominant_experience_level\"": \""junior\"", \""entry_accessibility\"": \""moderate_entry_barrier\"", \""community_label\"": \""Banking Teller\"", \""defining_skills\"": [\""customer service\"", \""banking operations\"", \""transaction processing\""], \""defining_responsibility_signals\"": [\""customer interaction\"", \""cash handling\""] , \""confidence\"": \""high\""}""}]",14
341,35,mid,moderate_entry_barrier,SAP SD Consultant,"['ABAP', 'S/4HANA', 'SAP']","['project planning', 'technical leadership']",high,1.0,1.0,0.333,0.778,3,"sap, consultant, developer, project, abap, lead, technical, senior, manager, sac, hana, planning","[{""community_id"": 341, ""dominant_experience_level"": ""mid"", ""entry_accessibility"": ""moderate_entry_barrier"", ""community_label"": ""SAP SD Consultant"", ""defining_skills"": [""SAP SD"", ""ABAP"", ""S/4HANA""], ""defining_responsibility_signals"": [""project planning"", ""technical leadership""], ""confidence"": ""high"", ""rep_rank"": 1, ""attempt"": 1, ""raw_output"": ""{\""community_id\"": 341, \""dominant_experience_level\"": \""mid\"", \""entry_accessibility\"": \""moderate_entry_barrier\"", \""community_label\"": \""SAP SD Consultant\"", \""defining_skills\"": [\""SAP SD\"", \""ABAP\"", \""S/4HANA\""], \""defining_responsibility_signals\"": [\""project planning\"", \""technical leadership\""] , \""confidence\"": \""high\""}""}, {""community_id"": 341, ""dominant_experience_level"": ""mid"", ""entry_accessibility"": ""moderate_entry_barrier"", ""community_label"": ""SAP Technical"", ""defining_skills"": [""SAP"", ""ABAP"", ""HANA""], ""defining_responsibility_signals"": [""leadership"", ""project planning""], ""confidence"": ""high"", ""rep_rank"": 2, ""attempt"": 1, ""raw_output"": ""{\""community_id\"": 341, \""dominant_experience_level\"": \""mid\"", \""entry_accessibility\"": \""moderate_entry_barrier\"", \""community_label\"": \""SAP Technical\"", \""defining_skills\"": [\""SAP\"", \""ABAP\"", \""HANA\""], \""defining_responsibility_signals\"": [\""leadership\"", \""project planning\""] , \""confidence\"": \""high\""}""}, {""community_id"": 341, ""dominant_experience_level"": ""mid"", ""entry_accessibility"": ""moderate_entry_barrier"", ""community_label"": ""SAP Solution Architect"", ""defining_skills"": [""SAP"", ""ABAP"", ""S/4HANA""], ""defining_responsibility_signals"": [""greenfield"", ""BTB""], ""confidence"": ""high"", ""rep_rank"": 3, ""attempt"": 1, ""raw_output"": ""{\""community_id\"": 341, \""dominant_experience_level\"": \""mid\"", \""entry_accessibility\"": \""moderate_entry_barrier\"", \""community_label\"": \""SAP Solution Architect\"", \""defining_skills\"": [\""SAP\"", \""ABAP\"", \""S/4HANA\""], \""defining_responsibility_signals\"": [\""greenfield\"", \""BTB\""] , \""confidence\"": \""high\""}""}]",14
342,35,junior,moderate_entry_barrier,Janitorial Services,"['housekeeping', 'janitorial', 'maintenance']","['shift', 'supervisor']",high,1.0,1.0,1.0,1.0,3,"housekeeping, janitor, environmental, services, assistant, maintenance, technician, housekeeper, prn, aide, shift, supervisor","[{""community_id"": 342, ""dominant_experience_level"": ""junior"", ""entry_accessibility"": ""moderate_entry_barrier"", ""community_label"": ""Janitorial Services"", ""defining_skills"": [""housekeeping"", ""janitorial"", ""maintenance""], ""defining_responsibility_signals"": [""shift"", ""supervisor""], ""confidence"": ""high"", ""rep_rank"": 1, ""attempt"": 1, ""raw_output"": ""{\""community_id\"": 342, \""dominant_experience_level\"": \""junior\"", \""entry_accessibility\"": \""moderate_entry_barrier\"", \""community_label\"": \""Janitorial Services\"", \""defining_skills\"": [\""housekeeping\"", \""janitorial\"", \""maintenance\""], \""defining_responsibility_signals\"": [\""shift\"", \""supervisor\""] , \""confidence\"": \""high\""}""}, {""community_id"": 342, ""dominant_experience_level"": ""junior"", ""entry_accessibility"": ""moderate_entry_barrier"", ""community_label"": ""Janitorial Services"", ""defining_skills"": [""housekeeping"", ""janitorial"", ""maintenance""], ""defining_responsibility_signals"": [""shift"", ""supervisor""], ""confidence"": ""high"", ""rep_rank"": 2, ""attempt"": 1, ""raw_output"": ""{\""community_id\"": 342, \""dominant_experience_level\"": \""junior\"", \""entry_accessibility\"": \""moderate_entry_barrier\"", \""community_label\"": \""Janitorial Services\"", \""defining_skills\"": [\""housekeeping\"", \""janitorial\"", \""maintenance\""], \""defining_responsibility_signals\"": [\""shift\"", \""supervisor\""] , \""confidence\"": \""high\""}""}, {""community_id"": 342, ""dominant_experience_level"": ""junior"", ""entry_accessibility"": ""moderate_entry_barrier"", ""community_label"": ""Janitorial Services"", ""defining_skills"": [""housekeeping"", ""janitorial"", ""maintenance""], ""defining_responsibility_signals"": [""shift"", ""supervisor""], ""confidence"": ""high"", ""rep_rank"": 3, ""attempt"": 1, ""raw_output"": ""{\""community_id\"": 342, \""dominant_experience_level\"": \""junior\"", \""entry_accessibility\"": \""moderate_entry_barrier\"", \""community_label\"": \""Janitorial Services\"", \""defining_skills\"": [\""housekeeping\"", \""janitorial\"", \""maintenance\""], \""defining_responsibility_signals\"": [\""shift\"", \""supervisor\""] , \""confidence\"": \""high\""}""}]",14
343,35,mid,moderate_entry_barrier,Surgical Technologist,"['Certification', 'Operating Room Experience', 'Healthcare Services']","['operating room', 'services']",high,1.0,1.0,1.0,1.0,3,"surgical, technologist, certified, tech, technician, operating, room, services, center, cst, sign, bonus","[{""community_id"": 343, ""dominant_experience_level"": ""mid"", ""entry_accessibility"": ""moderate_entry_barrier"", ""community_label"": ""Surgical Technologist"", ""defining_skills"": [""surgical"", ""certified"", ""technician""], ""defining_responsibility_signals"": [""operating room"", ""services""], ""confidence"": ""high"", ""rep_rank"": 1, ""attempt"": 1, ""raw_output"": ""{\""community_id\"": 343, \""dominant_experience_level\"": \""mid\"", \""entry_accessibility\"": \""moderate_entry_barrier\"", \""community_label\"": \""Surgical Technologist\"", \""defining_skills\"": [\""surgical\"", \""certified\"", \""technician\""], \""defining_responsibility_signals\"": [\""operating room\"", \""services\""] , \""confidence\"": \""high\""}""}, {""community_id"": 343, ""dominant_experience_level"": ""mid"", ""entry_accessibility"": ""moderate_entry_barrier"", ""community_label"": ""Surgical Technologist"", ""defining_skills"": [""Certification"", ""Operating Room Experience"", ""Healthcare Services""], ""defining_responsibility_signals"": [""Assist in surgical procedures"", ""Prepare operating room""], ""confidence"": ""high"", ""rep_rank"": 2, ""attempt"": 1, ""raw_output"": ""{\""community_id\"": 343, \""dominant_experience_level\"": \""mid\"", \""entry_accessibility\"": \""moderate_entry_barrier\"", \""community_label\"": \""Surgical Technologist\"", \""defining_skills\"": [\""Certification\"", \""Operating Room Experience\"", \""Healthcare Services\""], \""defining_responsibility_signals\"": [\""Assist in surgical procedures\"", \""Prepare operating room\""] , \""confidence\"": \""high\""}""}, {""community_id"": 343, ""dominant_experience_level"": ""mid"", ""entry_accessibility"": ""moderate_entry_barrier"", ""community_label"": ""Surgical Technologist"", ""defining_skills"": [""Certification"", ""Operating Room Experience"", ""Healthcare Services""], ""defining_responsibility_signals"": [""Average 18 years of experience"", ""Certification required""], ""confidence"": ""high"", ""rep_rank"": 3, ""attempt"": 1, ""raw_output"": ""{\""community_id\"": 343, \""dominant_experience_level\"": \""mid\"", \""entry_accessibility\"": \""moderate_entry_barrier\"", \""community_label\"": \""Surgical Technologist\"", \""defining_skills\"": [\""Certification\"", \""Operating Room Experience\"", \""Healthcare Services\""], \""defining_responsibility_signals\"": [\""Average 18 years of experience\"", \""Certification required\""] , \""confidence\"": \""high\""}""}]",14
344,35,mid,moderate_entry_barrier,Procurement & Contracts,"['sourcing', 'procurement', 'contracts']","['negotiate contracts', 'manage proposals']",high,1.0,1.0,0.333,0.778,3,"procurement, specialist, manager, contracts, senior, sourcing, analyst, government, category, global, legal, head","[{""community_id"": 344, ""dominant_experience_level"": ""mid"", ""entry_accessibility"": ""moderate_entry_barrier"", ""community_label"": ""Procurement & Contracts"", ""defining_skills"": [""contracts management"", ""procurement"", ""sourcing""], ""defining_responsibility_signals"": [""negotiate contracts"", ""manage proposals""], ""confidence"": ""high"", ""rep_rank"": 1, ""attempt"": 1, ""raw_output"": ""{\""community_id\"": 344, \""dominant_experience_level\"": \""mid\"", \""entry_accessibility\"": \""moderate_entry_barrier\"", \""community_label\"": \""Procurement & Contracts\"", \""defining_skills\"": [\""contracts management\"", \""procurement\"", \""sourcing\""], \""defining_responsibility_signals\"": [\""negotiate contracts\"", \""manage proposals\""] , \""confidence\"": \""high\""}""}, {""community_id"": 344, ""dominant_experience_level"": ""mid"", ""entry_accessibility"": ""moderate_entry_barrier"", ""community_label"": ""Government Procurement"", ""defining_skills"": [""procurement"", ""sourcing"", ""contracts""], ""defining_responsibility_signals"": [""leadership"", ""cross-functional teamwork""], ""confidence"": ""high"", ""rep_rank"": 2, ""attempt"": 1, ""raw_output"": ""{\""community_id\"": 344, \""dominant_experience_level\"": \""mid\"", \""entry_accessibility\"": \""moderate_entry_barrier\"", \""community_label\"": \""Government Procurement\"", \""defining_skills\"": [\""procurement\"", \""sourcing\"", \""contracts\""], \""defining_responsibility_signals\"": [\""leadership\"", \""cross-functional teamwork\""] , \""confidence\"": \""high\""}""}, {""community_id"": 344, ""dominant_experience_level"": ""mid"", ""entry_accessibility"": ""moderate_entry_barrier"", ""community_label"": ""Procurement & Sourcing"", ""defining_skills"": [""contracts"", ""sourcing"", ""category management""], ""defining_responsibility_signals"": [""managerial"", ""global""], ""confidence"": ""high"", ""rep_rank"": 3, ""attempt"": 1, ""raw_output"": ""{\""community_id\"": 344, \""dominant_experience_level\"": \""mid\"", \""entry_accessibility\"": \""moderate_entry_barrier\"", \""community_label\"": \""Procurement & Sourcing\"", \""defining_skills\"": [\""contracts\"", \""sourcing\"", \""category management\""], \""defining_responsibility_signals\"": [\""managerial\"", \""global\""] , \""confidence\"": \""high\""}""}]",14
345,35,senior,moderate_entry_barrier,Healthcare Content Management,"['Business Development', 'Sales', 'Clinical Operations']","['Leadership', 'Custom Content Management']",high,1.0,1.0,0.333,0.778,3,"director, business, development, manager, sales, medical, clinical, commercial, revenue, operations, healthcare, cdmo","[{""community_id"": 345, ""dominant_experience_level"": ""senior"", ""entry_accessibility"": ""moderate_entry_barrier"", ""community_label"": ""Healthcare Content Management"", ""defining_skills"": [""Business Development"", ""Sales"", ""Clinical Operations""], ""defining_responsibility_signals"": [""Leadership"", ""Custom Content Management""], ""confidence"": ""high"", ""rep_rank"": 1, ""attempt"": 1, ""raw_output"": ""{\""community_id\"": 345, \""dominant_experience_level\"": \""senior\"", \""entry_accessibility\"": \""moderate_entry_barrier\"", \""community_label\"": \""Healthcare Content Management\"", \""defining_skills\"": [\""Business Development\"", \""Sales\"", \""Clinical Operations\""], \""defining_responsibility_signals\"": [\""Leadership\"", \""Custom Content Management\""] , \""confidence\"": \""high\""}""}, {""community_id"": 345, ""dominant_experience_level"": ""senior"", ""entry_accessibility"": ""moderate_entry_barrier"", ""community_label"": ""Clinical Trial Business Development"", ""defining_skills"": [""business development"", ""clinical trial sales"", ""healthcare industry knowledge""], ""defining_responsibility_signals"": [""leadership"", ""revenue generation""], ""confidence"": ""high"", ""rep_rank"": 2, ""attempt"": 1, ""raw_output"": ""{\""community_id\"": 345, \""dominant_experience_level\"": \""senior\"", \""entry_accessibility\"": \""moderate_entry_barrier\"", \""community_label\"": \""Clinical Trial Business Development\"", \""defining_skills\"": [\""business development\"", \""clinical trial sales\"", \""healthcare industry knowledge\""], \""defining_responsibility_signals\"": [\""leadership\"", \""revenue generation\""] , \""confidence\"": \""high\""}""}, {""community_id"": 345, ""dominant_experience_level"": ""senior"", ""entry_accessibility"": ""moderate_entry_barrier"", ""community_label"": ""Healthcare Marketing"", ""defining_skills"": [""Pipeline Portfolio Management"", ""Leadership"", ""Marketing Strategy""], ""defining_responsibility_signals"": [""Global Marketing"", ""Early Commercialization""], ""confidence"": ""high"", ""rep_rank"": 3, ""attempt"": 1, ""raw_output"": ""{\""community_id\"": 345, \""dominant_experience_level\"": \""senior\"", \""entry_accessibility\"": \""moderate_entry_barrier\"", \""community_label\"": \""Healthcare Marketing\"", \""defining_skills\"": [\""Pipeline Portfolio Management\"", \""Leadership\"", \""Marketing Strategy\""], \""defining_responsibility_signals\"": [\""Global Marketing\"", \""Early Commercialization\""] , \""confidence\"": \""high\""}""}]",14
346,35,mid,moderate_entry_barrier,Event Staffing,"['event management', 'crowd management', 'staffing']","['event coordination', 'consulting']",high,1.0,1.0,1.0,1.0,3,"event, manager, events, coordinator, staff, specialist, operations, project, sales, program, technology, planner","[{""community_id"": 346, ""dominant_experience_level"": ""mid"", ""entry_accessibility"": ""moderate_entry_barrier"", ""community_label"": ""Event Staffing"", ""defining_skills"": [""event management"", ""crowd management"", ""staffing""], ""defining_responsibility_signals"": [""event coordination"", ""consulting""], ""confidence"": ""high"", ""rep_rank"": 1, ""attempt"": 1, ""raw_output"": ""{\""community_id\"": 346, \""dominant_experience_level\"": \""mid\"", \""entry_accessibility\"": \""moderate_entry_barrier\"", \""community_label\"": \""Event Staffing\"", \""defining_skills\"": [\""event management\"", \""crowd management\"", \""staffing\""], \""defining_responsibility_signals\"": [\""event coordination\"", \""consulting\""] , \""confidence\"": \""high\""}""}, {""community_id"": 346, ""dominant_experience_level"": ""mid"", ""entry_accessibility"": ""moderate_entry_barrier"", ""community_label"": ""Event Staffing"", ""defining_skills"": [""event management"", ""crowd management"", ""staffing""], ""defining_responsibility_signals"": [""event coordination"", ""trade show management""], ""confidence"": ""high"", ""rep_rank"": 2, ""attempt"": 1, ""raw_output"": ""{\""community_id\"": 346, \""dominant_experience_level\"": \""mid\"", \""entry_accessibility\"": \""moderate_entry_barrier\"", \""community_label\"": \""Event Staffing\"", \""defining_skills\"": [\""event management\"", \""crowd management\"", \""staffing\""], \""defining_responsibility_signals\"": [\""event coordination\"", \""trade show management\""] , \""confidence\"": \""high\""}""}, {""community_id"": 346, ""dominant_experience_level"": ""mid"", ""entry_accessibility"": ""moderate_entry_barrier"", ""community_label"": ""Event Staffing"", ""defining_skills"": [""event management"", ""crowd management"", ""staffing""], ""defining_responsibility_signals"": [""event coordination"", ""venue management""], ""confidence"": ""high"", ""rep_rank"": 3, ""attempt"": 1, ""raw_output"": ""{\""community_id\"": 346, \""dominant_experience_level\"": \""mid\"", \""entry_accessibility\"": \""moderate_entry_barrier\"", \""community_label\"": \""Event Staffing\"", \""defining_skills\"": [\""event management\"", \""crowd management\"", \""staffing\""], \""defining_responsibility_signals\"": [\""event coordination\"", \""venue management\""] , \""confidence\"": \""high\""}""}]",14
347,35,junior,moderate_entry_barrier,Special Education Teacher,"['Teaching', 'Special Education', 'Elementary Education']","['Team Participation', 'team_participation']",high,1.0,1.0,1.0,1.0,3,"teacher, special, education, school, year, 2024, 2025, sped, mod, mild, elementary, self","[{""community_id"": 347, ""dominant_experience_level"": ""junior"", ""entry_accessibility"": ""moderate_entry_barrier"", ""community_label"": ""Special Education Teacher"", ""defining_skills"": [""teaching"", ""special_education"", ""elementary_school""], ""defining_responsibility_signals"": [""team_participation"", ""planning_implementation""], ""confidence"": ""high"", ""rep_rank"": 1, ""attempt"": 1, ""raw_output"": ""{\""community_id\"": 347, \""dominant_experience_level\"": \""junior\"", \""entry_accessibility\"": \""moderate_entry_barrier\"", \""community_label\"": \""Special Education Teacher\"", \""defining_skills\"": [\""teaching\"", \""special_education\"", \""elementary_school\""], \""defining_responsibility_signals\"": [\""team_participation\"", \""planning_implementation\""] , \""confidence\"": \""high\""}""}, {""community_id"": 347, ""dominant_experience_level"": ""junior"", ""entry_accessibility"": ""moderate_entry_barrier"", ""community_label"": ""Special Education Teacher"", ""defining_skills"": [""Teaching"", ""Special Education"", ""Elementary Education""], ""defining_responsibility_signals"": [""Team Participation"", ""Planning and Implementation""], ""confidence"": ""high"", ""rep_rank"": 2, ""attempt"": 1, ""raw_output"": ""{\""community_id\"": 347, \""dominant_experience_level\"": \""junior\"", \""entry_accessibility\"": \""moderate_entry_barrier\"", \""community_label\"": \""Special Education Teacher\"", \""defining_skills\"": [\""Teaching\"", \""Special Education\"", \""Elementary Education\""], \""defining_responsibility_signals\"": [\""Team Participation\"", \""Planning and Implementation\""] , \""confidence\"": \""high\""}""}, {""community_id"": 347, ""dominant_experience_level"": ""junior"", ""entry_accessibility"": ""moderate_entry_barrier"", ""community_label"": ""Special Education Teacher"", ""defining_skills"": [""Teaching"", ""Special Education"", ""Elementary Education""], ""defining_responsibility_signals"": [""Providing Quality Services"", ""Team Participation""], ""confidence"": ""high"", ""rep_rank"": 3, ""attempt"": 1, ""raw_output"": ""{\""community_id\"": 347, \""dominant_experience_level\"": \""junior\"", \""entry_accessibility\"": \""moderate_entry_barrier\"", \""community_label\"": \""Special Education Teacher\"", \""defining_skills\"": [\""Teaching\"", \""Special Education\"", \""Elementary Education\""], \""defining_responsibility_signals\"": [\""Providing Quality Services\"", \""Team Participation\""] , \""confidence\"": \""high\""}""}]",14
348,35,junior,moderate_entry_barrier,Middle School Tutors,"['tutoring', 'computer science', 'english']","['provide high-dosage tutoring', 'work with students']",high,1.0,1.0,0.667,0.889,3,"tutor, school, middle, computer, science, english, miami, french, skokie, chemistry, series, nclex","[{""community_id"": 348, ""dominant_experience_level"": ""junior"", ""entry_accessibility"": ""moderate_entry_barrier"", ""community_label"": ""Middle School Tutors"", ""defining_skills"": [""tutoring"", ""english"", ""computer science""], ""defining_responsibility_signals"": [""provide high-dosage tutoring"", ""work with students""], ""confidence"": ""high"", ""rep_rank"": 1, ""attempt"": 1, ""raw_output"": ""{\""community_id\"": 348, \""dominant_experience_level\"": \""junior\"", \""entry_accessibility\"": \""moderate_entry_barrier\"", \""community_label\"": \""Middle School Tutors\"", \""defining_skills\"": [\""tutoring\"", \""english\"", \""computer science\""], \""defining_responsibility_signals\"": [\""provide high-dosage tutoring\"", \""work with students\""] , \""confidence\"": \""high\""}""}, {""community_id"": 348, ""dominant_experience_level"": ""junior"", ""entry_accessibility"": ""moderate_entry_barrier"", ""community_label"": ""Middle School Tutors"", ""defining_skills"": [""tutoring"", ""middle school education"", ""computer science""], ""defining_responsibility_signals"": [""teaching"", ""student support""], ""confidence"": ""high"", ""rep_rank"": 2, ""attempt"": 1, ""raw_output"": ""{\""community_id\"": 348, \""dominant_experience_level\"": \""junior\"", \""entry_accessibility\"": \""moderate_entry_barrier\"", \""community_label\"": \""Middle School Tutors\"", \""defining_skills\"": [\""tutoring\"", \""middle school education\"", \""computer science\""], \""defining_responsibility_signals\"": [\""teaching\"", \""student support\""] , \""confidence\"": \""high\""}""}, {""community_id"": 348, ""dominant_experience_level"": ""junior"", ""entry_accessibility"": ""moderate_entry_barrier"", ""community_label"": ""School Tutors"", ""defining_skills"": [""tutoring"", ""ORTON-GILLINGHAM method"", ""remote work""], ""defining_responsibility_signals"": [""provide consistent personalized learning"", ""high-dosage tutoring""], ""confidence"": ""high"", ""rep_rank"": 3, ""attempt"": 1, ""raw_output"": ""{\""community_id\"": 348, \""dominant_experience_level\"": \""junior\"", \""entry_accessibility\"": \""moderate_entry_barrier\"", \""community_label\"": \""School Tutors\"", \""defining_skills\"": [\""tutoring\"", \""ORTON-GILLINGHAM method\"", \""remote work\""], \""defining_responsibility_signals\"": [\""provide consistent personalized learning\"", \""high-dosage tutoring\""] , \""confidence\"": \""high\""}""}]",14
349,34,senior,moderate_entry_barrier,Senior Accounting Management,"['accounting', 'reporting', 'revenue']","['leadership', 'technical']",high,1.0,1.0,0.667,0.889,3,"accounting, manager, vice, president, senior, director, corporate, controller, reporting, assistant, revenue, technical","[{""community_id"": 349, ""dominant_experience_level"": ""senior"", ""entry_accessibility"": ""moderate_entry_barrier"", ""community_label"": ""Senior Accounting Management"", ""defining_skills"": [""accounting"", ""reporting"", ""revenue""], ""defining_responsibility_signals"": [""leadership"", ""technical""], ""confidence"": ""high"", ""rep_rank"": 1, ""attempt"": 1, ""raw_output"": ""{\""community_id\"": 349, \""dominant_experience_level\"": \""senior\"", \""entry_accessibility\"": \""moderate_entry_barrier\"", \""community_label\"": \""Senior Accounting Management\"", \""defining_skills\"": [\""accounting\"", \""reporting\"", \""revenue\""], \""defining_responsibility_signals\"": [\""leadership\"", \""technical\""] , \""confidence\"": \""high\""}""}, {""community_id"": 349, ""dominant_experience_level"": ""senior"", ""entry_accessibility"": ""moderate_entry_barrier"", ""community_label"": ""Senior Accounting Management"", ""defining_skills"": [""accounting"", ""reporting"", ""revenue""], ""defining_responsibility_signals"": [""leadership"", ""technical""], ""confidence"": ""high"", ""rep_rank"": 2, ""attempt"": 1, ""raw_output"": ""{\""community_id\"": 349, \""dominant_experience_level\"": \""senior\"", \""entry_accessibility\"": \""moderate_entry_barrier\"", \""community_label\"": \""Senior Accounting Management\"", \""defining_skills\"": [\""accounting\"", \""reporting\"", \""revenue\""], \""defining_responsibility_signals\"": [\""leadership\"", \""technical\""] , \""confidence\"": \""high\""}""}, {""community_id"": 349, ""dominant_experience_level"": ""senior"", ""entry_accessibility"": ""moderate_entry_barrier"", ""community_label"": ""Finance Management"", ""defining_skills"": [""accounting"", ""reporting"", ""revenue""], ""defining_responsibility_signals"": [""leadership"", ""business_transformation""], ""confidence"": ""high"", ""rep_rank"": 3, ""attempt"": 1, ""raw_output"": ""{\""community_id\"": 349, \""dominant_experience_level\"": \""senior\"", \""entry_accessibility\"": \""moderate_entry_barrier\"", \""community_label\"": \""Finance Management\"", \""defining_skills\"": [\""accounting\"", \""reporting\"", \""revenue\""], \""defining_responsibility_signals\"": [\""leadership\"", \""business_transformation\""] , \""confidence\"": \""high\""}""}]",14
350,34,mid,moderate_entry_barrier,Travel ICU/PCU Nurse,"['icu', 'pcu', 'nurse']","['care', 'intensive']",high,1.0,1.0,0.667,0.889,3,"nurse, pcu, travel, care, icu, 411, 600, 296, 486, intensive, registered, pacu","[{""community_id"": 350, ""dominant_experience_level"": ""mid"", ""entry_accessibility"": ""moderate_entry_barrier"", ""community_label"": ""Travel ICU/PCU Nurse"", ""defining_skills"": [""icu"", ""pcu"", ""nurse""], ""defining_responsibility_signals"": [""care"", ""intensive""], ""confidence"": ""high"", ""rep_rank"": 1, ""attempt"": 1, ""raw_output"": ""{\""community_id\"": 350, \""dominant_experience_level\"": \""mid\"", \""entry_accessibility\"": \""moderate_entry_barrier\"", \""community_label\"": \""Travel ICU/PCU Nurse\"", \""defining_skills\"": [\""icu\"", \""pcu\"", \""nurse\""], \""defining_responsibility_signals\"": [\""care\"", \""intensive\""] , \""confidence\"": \""high\""}""}, {""community_id"": 350, ""dominant_experience_level"": ""mid"", ""entry_accessibility"": ""moderate_entry_barrier"", ""community_label"": ""Critical Care Travel Nurses"", ""defining_skills"": [""Critical Care"", ""ICU"", ""PACU""], ""defining_responsibility_signals"": [""Certification Required"", ""Leadership Terms Present""], ""confidence"": ""high"", ""rep_rank"": 2, ""attempt"": 1, ""raw_output"": ""{\""community_id\"": 350, \""dominant_experience_level\"": \""mid\"", \""entry_accessibility\"": \""moderate_entry_barrier\"", \""community_label\"": \""Critical Care Travel Nurses\"", \""defining_skills\"": [\""Critical Care\"", \""ICU\"", \""PACU\""], \""defining_responsibility_signals\"": [\""Certification Required\"", \""Leadership Terms Present\""] , \""confidence\"": \""high\""}""}, {""community_id"": 350, ""dominant_experience_level"": ""mid"", ""entry_accessibility"": ""moderate_entry_barrier"", ""community_label"": ""Travel ICU/PCU Nurse"", ""defining_skills"": [""icu"", ""pcu"", ""nurse""], ""defining_responsibility_signals"": [""care"", ""intensive""], ""confidence"": ""high"", ""rep_rank"": 3, ""attempt"": 1, ""raw_output"": ""{\""community_id\"": 350, \""dominant_experience_level\"": \""mid\"", \""entry_accessibility\"": \""moderate_entry_barrier\"", \""community_label\"": \""Travel ICU/PCU Nurse\"", \""defining_skills\"": [\""icu\"", \""pcu\"", \""nurse\""], \""defining_responsibility_signals\"": [\""care\"", \""intensive\""] , \""confidence\"": \""high\""}""}]",15
351,34,mid,moderate_entry_barrier,Emergency Room Registered Nurse,"['nursing', 'patient_care', 'home_health']","['frontline_care', 'patient_management']",high,1.0,1.0,0.333,0.778,3,"nurse, registered, care, health, home, room, week, labor, delivery, house, supervisor, nights","[{""community_id"": 351, ""dominant_experience_level"": ""mid"", ""entry_accessibility"": ""moderate_entry_barrier"", ""community_label"": ""Emergency Room Registered Nurse"", ""defining_skills"": [""nursing"", ""patient_care"", ""empathy""], ""defining_responsibility_signals"": [""frontline_care"", ""patient_management""], ""confidence"": ""high"", ""rep_rank"": 1, ""attempt"": 1, ""raw_output"": ""{\""community_id\"": 351, \""dominant_experience_level\"": \""mid\"", \""entry_accessibility\"": \""moderate_entry_barrier\"", \""community_label\"": \""Emergency Room Registered Nurse\"", \""defining_skills\"": [\""nursing\"", \""patient_care\"", \""empathy\""], \""defining_responsibility_signals\"": [\""frontline_care\"", \""patient_management\""] , \""confidence\"": \""high\""}""}, {""community_id"": 351, ""dominant_experience_level"": ""mid"", ""entry_accessibility"": ""moderate_entry_barrier"", ""community_label"": ""Healthcare Support"", ""defining_skills"": [""nursing"", ""patient_care"", ""home_health""], ""defining_responsibility_signals"": [""care_giving"", ""patient_supervision""], ""confidence"": ""high"", ""rep_rank"": 2, ""attempt"": 1, ""raw_output"": ""{\""community_id\"": 351, \""dominant_experience_level\"": \""mid\"", \""entry_accessibility\"": \""moderate_entry_barrier\"", \""community_label\"": \""Healthcare Support\"", \""defining_skills\"": [\""nursing\"", \""patient_care\"", \""home_health\""], \""defining_responsibility_signals\"": [\""care_giving\"", \""patient_supervision\""] , \""confidence\"": \""high\""}""}, {""community_id"": 351, ""dominant_experience_level"": ""mid"", ""entry_accessibility"": ""moderate_entry_barrier"", ""community_label"": ""Nursing"", ""defining_skills"": [""nursing"", ""patient_care"", ""home_health""], ""defining_responsibility_signals"": [""float"", ""prn""], ""confidence"": ""high"", ""rep_rank"": 3, ""attempt"": 1, ""raw_output"": ""{\""community_id\"": 351, \""dominant_experience_level\"": \""mid\"", \""entry_accessibility\"": \""moderate_entry_barrier\"", \""community_label\"": \""Nursing\"", \""defining_skills\"": [\""nursing\"", \""patient_care\"", \""home_health\""], \""defining_responsibility_signals\"": [\""float\"", \""prn\""] , \""confidence\"": \""high\""}""}]",15
352,34,senior,moderate_entry_barrier,Supply Chain Management,"['procurement', 'supply planning', 'operational excellence']","['leadership', 'team expansion']",high,1.0,1.0,0.667,0.889,3,"manager, senior, supply, chain, merchant, merchandising, specialist, analyst, visual, engineer, director, product","[{""community_id"": 352, ""dominant_experience_level"": ""senior"", ""entry_accessibility"": ""moderate_entry_barrier"", ""community_label"": ""Supply Chain Management"", ""defining_skills"": [""procurement"", ""supply planning"", ""operational excellence""], ""defining_responsibility_signals"": [""leadership"", ""team expansion""], ""confidence"": ""high"", ""rep_rank"": 1, ""attempt"": 1, ""raw_output"": ""{\""community_id\"": 352, \""dominant_experience_level\"": \""senior\"", \""entry_accessibility\"": \""moderate_entry_barrier\"", \""community_label\"": \""Supply Chain Management\"", \""defining_skills\"": [\""procurement\"", \""supply planning\"", \""operational excellence\""], \""defining_responsibility_signals\"": [\""leadership\"", \""team expansion\""] , \""confidence\"": \""high\""}""}, {""community_id"": 352, ""dominant_experience_level"": ""senior"", ""entry_accessibility"": ""moderate_entry_barrier"", ""community_label"": ""Supply Chain Management"", ""defining_skills"": [""procurement"", ""supply planning"", ""operational excellence""], ""defining_responsibility_signals"": [""leadership"", ""team expansion""], ""confidence"": ""high"", ""rep_rank"": 2, ""attempt"": 1, ""raw_output"": ""{\""community_id\"": 352, \""dominant_experience_level\"": \""senior\"", \""entry_accessibility\"": \""moderate_entry_barrier\"", \""community_label\"": \""Supply Chain Management\"", \""defining_skills\"": [\""procurement\"", \""supply planning\"", \""operational excellence\""], \""defining_responsibility_signals\"": [\""leadership\"", \""team expansion\""] , \""confidence\"": \""high\""}""}, {""community_id"": 352, ""dominant_experience_level"": ""senior"", ""entry_accessibility"": ""moderate_entry_barrier"", ""community_label"": ""Senior Supply Chain & Merchandising"", ""defining_skills"": [""merchandising"", ""catalog management"", ""online marketing""], ""defining_responsibility_signals"": [""develop"", ""manage and optimize""], ""confidence"": ""high"", ""rep_rank"": 3, ""attempt"": 1, ""raw_output"": ""{\""community_id\"": 352, \""dominant_experience_level\"": \""senior\"", \""entry_accessibility\"": \""moderate_entry_barrier\"", \""community_label\"": \""Senior Supply Chain & Merchandising\"", \""defining_skills\"": [\""merchandising\"", \""catalog management\"", \""online marketing\""], \""defining_responsibility_signals\"": [\""develop\"", \""manage and optimize\""] , \""confidence\"": \""high\""}""}]",15
353,34,junior,moderate_entry_barrier,Travel Medical Tech,"['travel', 'tech', 'medical']","['permanent', 'staff']",high,1.0,1.0,0.333,0.778,3,"travel, nurse, tech, make, week, med, surg, 746, 956, tele, permanent, staff","[{""community_id"": 353, ""dominant_experience_level"": ""junior"", ""entry_accessibility"": ""moderate_entry_barrier"", ""community_label"": ""Travel Medical Tech"", ""defining_skills"": [""travel"", ""tech"", ""medical""], ""defining_responsibility_signals"": [""permanent"", ""staff""], ""confidence"": ""high"", ""rep_rank"": 1, ""attempt"": 1, ""raw_output"": ""{\""community_id\"": 353, \""dominant_experience_level\"": \""junior\"", \""entry_accessibility\"": \""moderate_entry_barrier\"", \""community_label\"": \""Travel Medical Tech\"", \""defining_skills\"": [\""travel\"", \""tech\"", \""medical\""], \""defining_responsibility_signals\"": [\""permanent\"", \""staff\""] , \""confidence\"": \""high\""}""}, {""community_id"": 353, ""dominant_experience_level"": ""junior"", ""entry_accessibility"": ""moderate_entry_barrier"", ""community_label"": ""Traveling CT Tech"", ""defining_skills"": [""CT Tech"", ""Travel"", ""Permanent Staff""], ""defining_responsibility_signals"": [""13-week assignment"", ""2290/week - 2480/week pay""], ""confidence"": ""high"", ""rep_rank"": 2, ""attempt"": 1, ""raw_output"": ""{\""community_id\"": 353, \""dominant_experience_level\"": \""junior\"", \""entry_accessibility\"": \""moderate_entry_barrier\"", \""community_label\"": \""Traveling CT Tech\"", \""defining_skills\"": [\""CT Tech\"", \""Travel\"", \""Permanent Staff\""], \""defining_responsibility_signals\"": [\""13-week assignment\"", \""2290/week - 2480/week pay\""] , \""confidence\"": \""high\""}""}, {""community_id"": 353, ""dominant_experience_level"": ""junior"", ""entry_accessibility"": ""moderate_entry_barrier"", ""community_label"": ""Traveling Medical Tech"", ""defining_skills"": [""travel"", ""tech"", ""medical""], ""defining_responsibility_signals"": [""permanent"", ""staff""], ""confidence"": ""high"", ""rep_rank"": 3, ""attempt"": 1, ""raw_output"": ""{\""community_id\"": 353, \""dominant_experience_level\"": \""junior\"", \""entry_accessibility\"": \""moderate_entry_barrier\"", \""community_label\"": \""Traveling Medical Tech\"", \""defining_skills\"": [\""travel\"", \""tech\"", \""medical\""], \""defining_responsibility_signals\"": [\""permanent\"", \""staff\""] , \""confidence\"": \""high\""}""}]",15
354,34,mid,moderate_entry_barrier,Cybersecurity Program Management,"['project management', 'program management', 'cost analysis']","['leadership', 'master scheduling']",high,1.0,1.0,0.333,0.778,3,"program, manager, analyst, control, project, management, scheduler, cost, cyber, security, consultant, identity","[{""community_id"": 354, ""dominant_experience_level"": ""mid"", ""entry_accessibility"": ""moderate_entry_barrier"", ""community_label"": ""Cybersecurity Program Management"", ""defining_skills"": [""project management"", ""cost analysis"", ""cybersecurity""], ""defining_responsibility_signals"": [""master scheduling"", ""identity management""], ""confidence"": ""high"", ""rep_rank"": 1, ""attempt"": 1, ""raw_output"": ""{\""community_id\"": 354, \""dominant_experience_level\"": \""mid\"", \""entry_accessibility\"": \""moderate_entry_barrier\"", \""community_label\"": \""Cybersecurity Program Management\"", \""defining_skills\"": [\""project management\"", \""cost analysis\"", \""cybersecurity\""], \""defining_responsibility_signals\"": [\""master scheduling\"", \""identity management\""] , \""confidence\"": \""high\""}""}, {""community_id"": 354, ""dominant_experience_level"": ""mid"", ""entry_accessibility"": ""moderate_entry_barrier"", ""community_label"": ""Program & Project Management"", ""defining_skills"": [""program management"", ""project management"", ""cost management""], ""defining_responsibility_signals"": [""leadership"", ""consulting""], ""confidence"": ""high"", ""rep_rank"": 2, ""attempt"": 1, ""raw_output"": ""{\""community_id\"": 354, \""dominant_experience_level\"": \""mid\"", \""entry_accessibility\"": \""moderate_entry_barrier\"", \""community_label\"": \""Program & Project Management\"", \""defining_skills\"": [\""program management\"", \""project management\"", \""cost management\""], \""defining_responsibility_signals\"": [\""leadership\"", \""consulting\""] , \""confidence\"": \""high\""}""}, {""community_id"": 354, ""dominant_experience_level"": ""mid"", ""entry_accessibility"": ""moderate_entry_barrier"", ""community_label"": ""Identity & Access Management Program Manager"", ""defining_skills"": [""program management"", ""cross-functional coordination"", ""privileged access management""], ""defining_responsibility_signals"": [""leadership"", ""bachelor's degree""], ""confidence"": ""high"", ""rep_rank"": 3, ""attempt"": 1, ""raw_output"": ""{\""community_id\"": 354, \""dominant_experience_level\"": \""mid\"", \""entry_accessibility\"": \""moderate_entry_barrier\"", \""community_label\"": \""Identity & Access Management Program Manager\"", \""defining_skills\"": [\""program management\"", \""cross-functional coordination\"", \""privileged access management\""], \""defining_responsibility_signals\"": [\""leadership\"", \""bachelor's degree\""] , \""confidence\"": \""high\""}""}]",15
355,34,mid,moderate_entry_barrier,Quality Control Specialist,"['Quality Assurance', 'Lab Testing', 'microbiology']","['ensure quality compliance', 'assist with release activities']",high,1.0,1.0,0.667,0.889,3,"quality, technician, assurance, specialist, control, manager, engineer, chemist, lab, director, laboratory, packaging","[{""community_id"": 355, ""dominant_experience_level"": ""mid"", ""entry_accessibility"": ""moderate_entry_barrier"", ""community_label"": ""Quality Assurance"", ""defining_skills"": [""microbiology"", ""quality control"", ""document review""], ""defining_responsibility_signals"": [""ensure quality compliance"", ""assist with release activities""], ""confidence"": ""high"", ""rep_rank"": 1, ""attempt"": 1, ""raw_output"": ""{\""community_id\"": 355, \""dominant_experience_level\"": \""mid\"", \""entry_accessibility\"": \""moderate_entry_barrier\"", \""community_label\"": \""Quality Assurance\"", \""defining_skills\"": [\""microbiology\"", \""quality control\"", \""document review\""], \""defining_responsibility_signals\"": [\""ensure quality compliance\"", \""assist with release activities\""] , \""confidence\"": \""high\""}""}, {""community_id"": 355, ""dominant_experience_level"": ""mid"", ""entry_accessibility"": ""moderate_entry_barrier"", ""community_label"": ""Quality Control Specialist"", ""defining_skills"": [""Quality Assurance"", ""Lab Testing"", ""Pharmaceutical Industry""], ""defining_responsibility_signals"": [""Perform Routine Quality Control Assays"", ""Work On-Site""], ""confidence"": ""high"", ""rep_rank"": 2, ""attempt"": 1, ""raw_output"": ""{\""community_id\"": 355, \""dominant_experience_level\"": \""mid\"", \""entry_accessibility\"": \""moderate_entry_barrier\"", \""community_label\"": \""Quality Control Specialist\"", \""defining_skills\"": [\""Quality Assurance\"", \""Lab Testing\"", \""Pharmaceutical Industry\""], \""defining_responsibility_signals\"": [\""Perform Routine Quality Control Assays\"", \""Work On-Site\""] , \""confidence\"": \""high\""}""}, {""community_id"": 355, ""dominant_experience_level"": ""mid"", ""entry_accessibility"": ""moderate_entry_barrier"", ""community_label"": ""Quality Control Specialist"", ""defining_skills"": [""Quality Assurance"", ""Lab Testing"", ""Chemistry""], ""defining_responsibility_signals"": [""Team Leadership"", ""Raw Material Testing""], ""confidence"": ""high"", ""rep_rank"": 3, ""attempt"": 1, ""raw_output"": ""{\""community_id\"": 355, \""dominant_experience_level\"": \""mid\"", \""entry_accessibility\"": \""moderate_entry_barrier\"", \""community_label\"": \""Quality Control Specialist\"", \""defining_skills\"": [\""Quality Assurance\"", \""Lab Testing\"", \""Chemistry\""], \""defining_responsibility_signals\"": [\""Team Leadership\"", \""Raw Material Testing\""] , \""confidence\"": \""high\""}""}]",15
356,34,mid,moderate_entry_barrier,Product Owner,"['Salesforce', 'product management', 'digital experience']","['drive innovative experiences', 'provide direction']",high,1.0,1.0,0.667,0.889,3,"product, owner, manager, data, experience, global, digital, technical, science, program, scrum, master","[{""community_id"": 356, ""dominant_experience_level"": ""mid"", ""entry_accessibility"": ""moderate_entry_barrier"", ""community_label"": ""Digital Product Owner"", ""defining_skills"": [""product management"", ""digital experience"", ""technical leadership""], ""defining_responsibility_signals"": [""drive innovative experiences"", ""provide direction""], ""confidence"": ""high"", ""rep_rank"": 1, ""attempt"": 1, ""raw_output"": ""{\""community_id\"": 356, \""dominant_experience_level\"": \""mid\"", \""entry_accessibility\"": \""moderate_entry_barrier\"", \""community_label\"": \""Digital Product Owner\"", \""defining_skills\"": [\""product management\"", \""digital experience\"", \""technical leadership\""], \""defining_responsibility_signals\"": [\""drive innovative experiences\"", \""provide direction\""] , \""confidence\"": \""high\""}""}, {""community_id"": 356, ""dominant_experience_level"": ""mid"", ""entry_accessibility"": ""moderate_entry_barrier"", ""community_label"": ""Product Owner"", ""defining_skills"": [""Scrum"", ""Salesforce"", ""HealthCloud""], ""defining_responsibility_signals"": [""Delivery"", ""Customer Facing""], ""confidence"": ""high"", ""rep_rank"": 2, ""attempt"": 1, ""raw_output"": ""{\""community_id\"": 356, \""dominant_experience_level\"": \""mid\"", \""entry_accessibility\"": \""moderate_entry_barrier\"", \""community_label\"": \""Product Owner\"", \""defining_skills\"": [\""Scrum\"", \""Salesforce\"", \""HealthCloud\""], \""defining_responsibility_signals\"": [\""Delivery\"", \""Customer Facing\""] , \""confidence\"": \""high\""}""}, {""community_id"": 356, ""dominant_experience_level"": ""mid"", ""entry_accessibility"": ""moderate_entry_barrier"", ""community_label"": ""Product Owner"", ""defining_skills"": [""Salesforce"", ""Scrum Master"", ""Technical""], ""defining_responsibility_signals"": [""Global"", ""Digital""], ""confidence"": ""high"", ""rep_rank"": 3, ""attempt"": 1, ""raw_output"": ""{\""community_id\"": 356, \""dominant_experience_level\"": \""mid\"", \""entry_accessibility\"": \""moderate_entry_barrier\"", \""community_label\"": \""Product Owner\"", \""defining_skills\"": [\""Salesforce\"", \""Scrum Master\"", \""Technical\""], \""defining_responsibility_signals\"": [\""Global\"", \""Digital\""] , \""confidence\"": \""high\""}""}]",15
357,34,junior,moderate_entry_barrier,Medical Receptionist,"['customer_service', 'reception', 'telephone_skills']","['greet_visitors', 'answer_calls']",high,1.0,1.0,1.0,1.0,3,"receptionist, medical, front, desk, temporary, 42167, 42166, customer, service, rep, 42034, office","[{""community_id"": 357, ""dominant_experience_level"": ""junior"", ""entry_accessibility"": ""moderate_entry_barrier"", ""community_label"": ""Medical Receptionist"", ""defining_skills"": [""customer_service"", ""reception"", ""telephone_skills""], ""defining_responsibility_signals"": [""greet_visitors"", ""answer_calls""], ""confidence"": ""high"", ""rep_rank"": 1, ""attempt"": 1, ""raw_output"": ""{\""community_id\"": 357, \""dominant_experience_level\"": \""junior\"", \""entry_accessibility\"": \""moderate_entry_barrier\"", \""community_label\"": \""Medical Receptionist\"", \""defining_skills\"": [\""customer_service\"", \""reception\"", \""telephone_skills\""], \""defining_responsibility_signals\"": [\""greet_visitors\"", \""answer_calls\""] , \""confidence\"": \""high\""}""}, {""community_id"": 357, ""dominant_experience_level"": ""junior"", ""entry_accessibility"": ""moderate_entry_barrier"", ""community_label"": ""Medical Receptionist"", ""defining_skills"": [""customer_service"", ""reception"", ""telephone_skills""], ""defining_responsibility_signals"": [""greet_visitors"", ""answer_calls""], ""confidence"": ""high"", ""rep_rank"": 2, ""attempt"": 1, ""raw_output"": ""{\""community_id\"": 357, \""dominant_experience_level\"": \""junior\"", \""entry_accessibility\"": \""moderate_entry_barrier\"", \""community_label\"": \""Medical Receptionist\"", \""defining_skills\"": [\""customer_service\"", \""reception\"", \""telephone_skills\""], \""defining_responsibility_signals\"": [\""greet_visitors\"", \""answer_calls\""] , \""confidence\"": \""high\""}""}, {""community_id"": 357, ""dominant_experience_level"": ""junior"", ""entry_accessibility"": ""moderate_entry_barrier"", ""community_label"": ""Medical Receptionist"", ""defining_skills"": [""customer_service"", ""reception"", ""telephone_skills""], ""defining_responsibility_signals"": [""greet_visitors"", ""answer_calls""], ""confidence"": ""high"", ""rep_rank"": 3, ""attempt"": 1, ""raw_output"": ""{\""community_id\"": 357, \""dominant_experience_level\"": \""junior\"", \""entry_accessibility\"": \""moderate_entry_barrier\"", \""community_label\"": \""Medical Receptionist\"", \""defining_skills\"": [\""customer_service\"", \""reception\"", \""telephone_skills\""], \""defining_responsibility_signals\"": [\""greet_visitors\"", \""answer_calls\""] , \""confidence\"": \""high\""}""}]",15
358,34,mid,moderate_entry_barrier,Microsoft Dynamics 365 Consultant,"['D365', 'Microsoft Dynamics', 'CRM']","['Design', 'Implement']",high,1.0,1.0,0.667,0.889,3,"consultant, dynamics, developer, d365, 365, microsoft, crm, senior, power, platform, architect, solution","[{""community_id"": 358, ""dominant_experience_level"": ""mid"", ""entry_accessibility"": ""moderate_entry_barrier"", ""community_label"": ""Microsoft Dynamics 365 Consultant"", ""defining_skills"": [""D365"", ""CRM"", ""Microsoft Dynamics""], ""defining_responsibility_signals"": [""Design"", ""Implement""], ""confidence"": ""high"", ""rep_rank"": 1, ""attempt"": 1, ""raw_output"": ""{\""community_id\"": 358, \""dominant_experience_level\"": \""mid\"", \""entry_accessibility\"": \""moderate_entry_barrier\"", \""community_label\"": \""Microsoft Dynamics 365 Consultant\"", \""defining_skills\"": [\""D365\"", \""CRM\"", \""Microsoft Dynamics\""], \""defining_responsibility_signals\"": [\""Design\"", \""Implement\""] , \""confidence\"": \""high\""}""}, {""community_id"": 358, ""dominant_experience_level"": ""mid"", ""entry_accessibility"": ""moderate_entry_barrier"", ""community_label"": ""Microsoft Dynamics 365 Consultant"", ""defining_skills"": [""D365"", ""Microsoft Dynamics"", ""CRM""], ""defining_responsibility_signals"": [""consulting"", ""solution architecture""], ""confidence"": ""high"", ""rep_rank"": 2, ""attempt"": 1, ""raw_output"": ""{\""community_id\"": 358, \""dominant_experience_level\"": \""mid\"", \""entry_accessibility\"": \""moderate_entry_barrier\"", \""community_label\"": \""Microsoft Dynamics 365 Consultant\"", \""defining_skills\"": [\""D365\"", \""Microsoft Dynamics\"", \""CRM\""], \""defining_responsibility_signals\"": [\""consulting\"", \""solution architecture\""] , \""confidence\"": \""high\""}""}, {""community_id"": 358, ""dominant_experience_level"": ""mid"", ""entry_accessibility"": ""moderate_entry_barrier"", ""community_label"": ""D365/Power Platform Developer"", ""defining_skills"": [""D365"", ""Power Platform"", ""Microsoft Dynamics""], ""defining_responsibility_signals"": [""Developing"", ""Solving complex problems""], ""confidence"": ""high"", ""rep_rank"": 3, ""attempt"": 1, ""raw_output"": ""{\""community_id\"": 358, \""dominant_experience_level\"": \""mid\"", \""entry_accessibility\"": \""moderate_entry_barrier\"", \""community_label\"": \""D365/Power Platform Developer\"", \""defining_skills\"": [\""D365\"", \""Power Platform\"", \""Microsoft Dynamics\""], \""defining_responsibility_signals\"": [\""Developing\"", \""Solving complex problems\""] , \""confidence\"": \""high\""}""}]",15
359,34,junior,moderate_entry_barrier,Housekeeping & Guest Services,"['cleaning', 'guest interaction', 'room preparation']","['maintain cleanliness', 'guest room servicing']",high,1.0,1.0,1.0,1.0,3,"housekeeper, room, attendant, housekeeping, cleaner, janitor, 15hr, weekend, lead, prep, cook, guest","[{""community_id"": 359, ""dominant_experience_level"": ""junior"", ""entry_accessibility"": ""moderate_entry_barrier"", ""community_label"": ""Housekeeping & Guest Services"", ""defining_skills"": [""cleaning"", ""guest interaction"", ""room preparation""], ""defining_responsibility_signals"": [""maintain cleanliness"", ""guest room servicing""], ""confidence"": ""high"", ""rep_rank"": 1, ""attempt"": 1, ""raw_output"": ""{\""community_id\"": 359, \""dominant_experience_level\"": \""junior\"", \""entry_accessibility\"": \""moderate_entry_barrier\"", \""community_label\"": \""Housekeeping & Guest Services\"", \""defining_skills\"": [\""cleaning\"", \""guest interaction\"", \""room preparation\""], \""defining_responsibility_signals\"": [\""maintain cleanliness\"", \""guest room servicing\""] , \""confidence\"": \""high\""}""}, {""community_id"": 359, ""dominant_experience_level"": ""junior"", ""entry_accessibility"": ""moderate_entry_barrier"", ""community_label"": ""Housekeeping & Guest Services"", ""defining_skills"": [""cleaning"", ""guest interaction"", ""room preparation""], ""defining_responsibility_signals"": [""maintain cleanliness"", ""guest room servicing""], ""confidence"": ""high"", ""rep_rank"": 2, ""attempt"": 1, ""raw_output"": ""{\""community_id\"": 359, \""dominant_experience_level\"": \""junior\"", \""entry_accessibility\"": \""moderate_entry_barrier\"", \""community_label\"": \""Housekeeping & Guest Services\"", \""defining_skills\"": [\""cleaning\"", \""guest interaction\"", \""room preparation\""], \""defining_responsibility_signals\"": [\""maintain cleanliness\"", \""guest room servicing\""] , \""confidence\"": \""high\""}""}, {""community_id"": 359, ""dominant_experience_level"": ""junior"", ""entry_accessibility"": ""moderate_entry_barrier"", ""community_label"": ""Housekeeping & Guest Services"", ""defining_skills"": [""cleaning"", ""guest interaction"", ""room preparation""], ""defining_responsibility_signals"": [""room cleaning"", ""guest room preparation""], ""confidence"": ""high"", ""rep_rank"": 3, ""attempt"": 1, ""raw_output"": ""{\""community_id\"": 359, \""dominant_experience_level\"": \""junior\"", \""entry_accessibility\"": \""moderate_entry_barrier\"", \""community_label\"": \""Housekeeping & Guest Services\"", \""defining_skills\"": [\""cleaning\"", \""guest interaction\"", \""room preparation\""], \""defining_responsibility_signals\"": [\""room cleaning\"", \""guest room preparation\""] , \""confidence\"": \""high\""}""}]",15
360,34,mid,moderate_entry_barrier,Software Engineer,"['software development', 'problem solving', 'defect resolution']","['teamwork', 'improvement identification']",high,1.0,1.0,0.667,0.889,3,"software, engineer, staff, developer, iii, test, principal, development, application, product, system, systems","[{""community_id"": 360, ""dominant_experience_level"": ""mid"", ""entry_accessibility"": ""moderate_entry_barrier"", ""community_label"": ""Software Engineer III"", ""defining_skills"": [""software development"", ""problem solving"", ""defect resolution""], ""defining_responsibility_signals"": [""teamwork"", ""improvement identification""], ""confidence"": ""high"", ""rep_rank"": 1, ""attempt"": 1, ""raw_output"": ""{\""community_id\"": 360, \""dominant_experience_level\"": \""mid\"", \""entry_accessibility\"": \""moderate_entry_barrier\"", \""community_label\"": \""Software Engineer III\"", \""defining_skills\"": [\""software development\"", \""problem solving\"", \""defect resolution\""], \""defining_responsibility_signals\"": [\""teamwork\"", \""improvement identification\""] , \""confidence\"": \""high\""}""}, {""community_id"": 360, ""dominant_experience_level"": ""mid"", ""entry_accessibility"": ""moderate_entry_barrier"", ""community_label"": ""Software Engineer"", ""defining_skills"": [""software development"", ""back-end"", ""complex systems""], ""defining_responsibility_signals"": [""develop"", ""maintain""], ""confidence"": ""high"", ""rep_rank"": 2, ""attempt"": 1, ""raw_output"": ""{\""community_id\"": 360, \""dominant_experience_level\"": \""mid\"", \""entry_accessibility\"": \""moderate_entry_barrier\"", \""community_label\"": \""Software Engineer\"", \""defining_skills\"": [\""software development\"", \""back-end\"", \""complex systems\""], \""defining_responsibility_signals\"": [\""develop\"", \""maintain\""] , \""confidence\"": \""high\""}""}, {""community_id"": 360, ""dominant_experience_level"": ""mid"", ""entry_accessibility"": ""moderate_entry_barrier"", ""community_label"": ""Software Engineer"", ""defining_skills"": [""software"", ""engineer"", ""developer""], ""defining_responsibility_signals"": [""principal"", ""systems""], ""confidence"": ""high"", ""rep_rank"": 3, ""attempt"": 1, ""raw_output"": ""{\""community_id\"": 360, \""dominant_experience_level\"": \""mid\"", \""entry_accessibility\"": \""moderate_entry_barrier\"", \""community_label\"": \""Software Engineer\"", \""defining_skills\"": [\""software\"", \""engineer\"", \""developer\""], \""defining_responsibility_signals\"": [\""principal\"", \""systems\""] , \""confidence\"": \""high\""}""}]",15
361,34,junior,moderate_entry_barrier,Housekeeping Staff,"['cleaning', 'room_service', 'guest_interaction']","['maintain_cleanliness', 'guest_room_service']",high,1.0,1.0,0.667,0.889,3,"housekeeper, room, attendant, 15hr, kitchen, steward, dishwasher, housekeepers, start, pay, per, hour","[{""community_id"": 361, ""dominant_experience_level"": ""junior"", ""entry_accessibility"": ""moderate_entry_barrier"", ""community_label"": ""Hotel Housekeeping"", ""defining_skills"": [""cleaning"", ""room_service"", ""guest_interaction""], ""defining_responsibility_signals"": [""maintain_cleanliness"", ""stock_room_supplies""], ""confidence"": ""high"", ""rep_rank"": 1, ""attempt"": 1, ""raw_output"": ""{\""community_id\"": 361, \""dominant_experience_level\"": \""junior\"", \""entry_accessibility\"": \""moderate_entry_barrier\"", \""community_label\"": \""Hotel Housekeeping\"", \""defining_skills\"": [\""cleaning\"", \""room_service\"", \""guest_interaction\""], \""defining_responsibility_signals\"": [\""maintain_cleanliness\"", \""stock_room_supplies\""] , \""confidence\"": \""high\""}""}, {""community_id"": 361, ""dominant_experience_level"": ""junior"", ""entry_accessibility"": ""moderate_entry_barrier"", ""community_label"": ""Housekeeping Staff"", ""defining_skills"": [""cleaning"", ""room_service"", ""guest_interaction""], ""defining_responsibility_signals"": [""maintain_cleanliness"", ""guest_room_service""], ""confidence"": ""high"", ""rep_rank"": 2, ""attempt"": 1, ""raw_output"": ""{\""community_id\"": 361, \""dominant_experience_level\"": \""junior\"", \""entry_accessibility\"": \""moderate_entry_barrier\"", \""community_label\"": \""Housekeeping Staff\"", \""defining_skills\"": [\""cleaning\"", \""room_service\"", \""guest_interaction\""], \""defining_responsibility_signals\"": [\""maintain_cleanliness\"", \""guest_room_service\""] , \""confidence\"": \""high\""}""}, {""community_id"": 361, ""dominant_experience_level"": ""junior"", ""entry_accessibility"": ""moderate_entry_barrier"", ""community_label"": ""Housekeeping Staff"", ""defining_skills"": [""cleaning"", ""room_service"", ""guest_interaction""], ""defining_responsibility_signals"": [""maintain_cleanliness"", ""guest_room_service""], ""confidence"": ""high"", ""rep_rank"": 3, ""attempt"": 1, ""raw_output"": ""{\""community_id\"": 361, \""dominant_experience_level\"": \""junior\"", \""entry_accessibility\"": \""moderate_entry_barrier\"", \""community_label\"": \""Housekeeping Staff\"", \""defining_skills\"": [\""cleaning\"", \""room_service\"", \""guest_interaction\""], \""defining_responsibility_signals\"": [\""maintain_cleanliness\"", \""guest_room_service\""] , \""confidence\"": \""high\""}""}]",15
362,34,mid,moderate_entry_barrier,Systems Engineer,"['systems engineering', 'security clearance', 'software integration']","['deliver simple solutions to complex problems', 'protect our country from threats']",high,0.667,1.0,0.667,0.778,3,"engineer, systems, senior, system, security, clearance, design, model, based, software, integration, mbse","[{""community_id"": 362, ""dominant_experience_level"": ""senior"", ""entry_accessibility"": ""moderate_entry_barrier"", ""community_label"": ""Senior Systems Security Engineers"", ""defining_skills"": [""systems engineering"", ""security clearance"", ""software integration""], ""defining_responsibility_signals"": [""deliver simple solutions to complex problems"", ""protect our country from threats""], ""confidence"": ""high"", ""rep_rank"": 1, ""attempt"": 1, ""raw_output"": ""{\""community_id\"": 362, \""dominant_experience_level\"": \""senior\"", \""entry_accessibility\"": \""moderate_entry_barrier\"", \""community_label\"": \""Senior Systems Security Engineers\"", \""defining_skills\"": [\""systems engineering\"", \""security clearance\"", \""software integration\""], \""defining_responsibility_signals\"": [\""deliver simple solutions to complex problems\"", \""protect our country from threats\""] , \""confidence\"": \""high\""}""}, {""community_id"": 362, ""dominant_experience_level"": ""mid"", ""entry_accessibility"": ""moderate_entry_barrier"", ""community_label"": ""Systems Engineer"", ""defining_skills"": [""systems"", ""security"", ""design""], ""defining_responsibility_signals"": [""integration"", ""model""], ""confidence"": ""high"", ""rep_rank"": 2, ""attempt"": 1, ""raw_output"": ""{\""community_id\"": 362, \""dominant_experience_level\"": \""mid\"", \""entry_accessibility\"": \""moderate_entry_barrier\"", \""community_label\"": \""Systems Engineer\"", \""defining_skills\"": [\""systems\"", \""security\"", \""design\""], \""defining_responsibility_signals\"": [\""integration\"", \""model\""] , \""confidence\"": \""high\""}""}, {""community_id"": 362, ""dominant_experience_level"": ""mid"", ""entry_accessibility"": ""moderate_entry_barrier"", ""community_label"": ""Systems Engineer"", ""defining_skills"": [""systems engineering"", ""security clearance"", ""software integration""], ""defining_responsibility_signals"": [""design"", ""model based""], ""confidence"": ""high"", ""rep_rank"": 3, ""attempt"": 1, ""raw_output"": ""{\""community_id\"": 362, \""dominant_experience_level\"": \""mid\"", \""entry_accessibility\"": \""moderate_entry_barrier\"", \""community_label\"": \""Systems Engineer\"", \""defining_skills\"": [\""systems engineering\"", \""security clearance\"", \""software integration\""], \""defining_responsibility_signals\"": [\""design\"", \""model based\""] , \""confidence\"": \""high\""}""}]",15
363,34,mid,moderate_entry_barrier,Controls Engineer,"['control systems', 'automation processes', 'software']","['design', 'implement']",high,1.0,1.0,0.333,0.778,3,"engineer, controls, control, automation, specialist, systems, system, senior, software, robotic, mmci, plc","[{""community_id"": 363, ""dominant_experience_level"": ""mid"", ""entry_accessibility"": ""moderate_entry_barrier"", ""community_label"": ""Controls Engineer"", ""defining_skills"": [""control systems"", ""automation processes"", ""software""], ""defining_responsibility_signals"": [""design"", ""implement""], ""confidence"": ""high"", ""rep_rank"": 1, ""attempt"": 1, ""raw_output"": ""{\""community_id\"": 363, \""dominant_experience_level\"": \""mid\"", \""entry_accessibility\"": \""moderate_entry_barrier\"", \""community_label\"": \""Controls Engineer\"", \""defining_skills\"": [\""control systems\"", \""automation processes\"", \""software\""], \""defining_responsibility_signals\"": [\""design\"", \""implement\""] , \""confidence\"": \""high\""}""}, {""community_id"": 363, ""dominant_experience_level"": ""mid"", ""entry_accessibility"": ""moderate_entry_barrier"", ""community_label"": ""Industrial Automation Controls Engineer"", ""defining_skills"": [""Autodesk AutoCAD"", ""PLC"", ""Software Development""], ""defining_responsibility_signals"": [""Design Control Systems"", ""Develop Tailored Software Solutions""], ""confidence"": ""high"", ""rep_rank"": 2, ""attempt"": 1, ""raw_output"": ""{\""community_id\"": 363, \""dominant_experience_level\"": \""mid\"", \""entry_accessibility\"": \""moderate_entry_barrier\"", \""community_label\"": \""Industrial Automation Controls Engineer\"", \""defining_skills\"": [\""Autodesk AutoCAD\"", \""PLC\"", \""Software Development\""], \""defining_responsibility_signals\"": [\""Design Control Systems\"", \""Develop Tailored Software Solutions\""] , \""confidence\"": \""high\""}""}, {""community_id"": 363, ""dominant_experience_level"": ""mid"", ""entry_accessibility"": ""moderate_entry_barrier"", ""community_label"": ""Control Systems Engineer"", ""defining_skills"": [""control systems"", ""automation"", ""software engineering""], ""defining_responsibility_signals"": [""leadership"", ""certification""], ""confidence"": ""high"", ""rep_rank"": 3, ""attempt"": 1, ""raw_output"": ""{\""community_id\"": 363, \""dominant_experience_level\"": \""mid\"", \""entry_accessibility\"": \""moderate_entry_barrier\"", \""community_label\"": \""Control Systems Engineer\"", \""defining_skills\"": [\""control systems\"", \""automation\"", \""software engineering\""], \""defining_responsibility_signals\"": [\""leadership\"", \""certification\""] , \""confidence\"": \""high\""}""}]",15
364,34,junior,moderate_entry_barrier,Retail Sales Specialist,"['Sales', 'Retail', 'Bilingual (Spanish)']","['Commission', 'Incentives']",high,1.0,1.0,1.0,1.0,3,"sales, retail, specialist, per, hour, plus, commission, incentives, wireless, pro, bilingual, spanish","[{""community_id"": 364, ""dominant_experience_level"": ""junior"", ""entry_accessibility"": ""moderate_entry_barrier"", ""community_label"": ""Retail Sales Specialist"", ""defining_skills"": [""Sales"", ""Retail"", ""Bilingual (Spanish)""], ""defining_responsibility_signals"": [""Commission"", ""Incentives""], ""confidence"": ""high"", ""rep_rank"": 1, ""attempt"": 1, ""raw_output"": ""{\""community_id\"": 364, \""dominant_experience_level\"": \""junior\"", \""entry_accessibility\"": \""moderate_entry_barrier\"", \""community_label\"": \""Retail Sales Specialist\"", \""defining_skills\"": [\""Sales\"", \""Retail\"", \""Bilingual (Spanish)\""], \""defining_responsibility_signals\"": [\""Commission\"", \""Incentives\""] , \""confidence\"": \""high\""}""}, {""community_id"": 364, ""dominant_experience_level"": ""junior"", ""entry_accessibility"": ""moderate_entry_barrier"", ""community_label"": ""Retail Sales Specialist"", ""defining_skills"": [""Sales"", ""Retail"", ""Bilingual (Spanish)""], ""defining_responsibility_signals"": [""Commission"", ""Incentives""], ""confidence"": ""high"", ""rep_rank"": 2, ""attempt"": 1, ""raw_output"": ""{\""community_id\"": 364, \""dominant_experience_level\"": \""junior\"", \""entry_accessibility\"": \""moderate_entry_barrier\"", \""community_label\"": \""Retail Sales Specialist\"", \""defining_skills\"": [\""Sales\"", \""Retail\"", \""Bilingual (Spanish)\""], \""defining_responsibility_signals\"": [\""Commission\"", \""Incentives\""] , \""confidence\"": \""high\""}""}, {""community_id"": 364, ""dominant_experience_level"": ""junior"", ""entry_accessibility"": ""moderate_entry_barrier"", ""community_label"": ""Retail Sales Specialist"", ""defining_skills"": [""Sales"", ""Retail"", ""Bilingual (Spanish)""], ""defining_responsibility_signals"": [""Commission"", ""Incentives""], ""confidence"": ""high"", ""rep_rank"": 3, ""attempt"": 1, ""raw_output"": ""{\""community_id\"": 364, \""dominant_experience_level\"": \""junior\"", \""entry_accessibility\"": \""moderate_entry_barrier\"", \""community_label\"": \""Retail Sales Specialist\"", \""defining_skills\"": [\""Sales\"", \""Retail\"", \""Bilingual (Spanish)\""], \""defining_responsibility_signals\"": [\""Commission\"", \""Incentives\""] , \""confidence\"": \""high\""}""}]",15
365,34,mid,moderate_entry_barrier,Healthcare Management,"['clinical', 'account', 'quality']","['manager', 'supervisor']",high,1.0,1.0,0.333,0.778,3,"manager, clinical, specialist, senior, shift, account, engineer, supervisor, 2nd, quality, sales, principal","[{""community_id"": 365, ""dominant_experience_level"": ""mid"", ""entry_accessibility"": ""moderate_entry_barrier"", ""community_label"": ""Healthcare Management"", ""defining_skills"": [""clinical"", ""account"", ""quality""], ""defining_responsibility_signals"": [""manager"", ""supervisor""], ""confidence"": ""high"", ""rep_rank"": 1, ""attempt"": 1, ""raw_output"": ""{\""community_id\"": 365, \""dominant_experience_level\"": \""mid\"", \""entry_accessibility\"": \""moderate_entry_barrier\"", \""community_label\"": \""Healthcare Management\"", \""defining_skills\"": [\""clinical\"", \""account\"", \""quality\""], \""defining_responsibility_signals\"": [\""manager\"", \""supervisor\""] , \""confidence\"": \""high\""}""}, {""community_id"": 365, ""dominant_experience_level"": ""mid"", ""entry_accessibility"": ""moderate_entry_barrier"", ""community_label"": ""Sales & Management"", ""defining_skills"": [""sales"", ""management"", ""leadership""], ""defining_responsibility_signals"": [""direct sales"", ""team management""], ""confidence"": ""high"", ""rep_rank"": 2, ""attempt"": 1, ""raw_output"": ""{\""community_id\"": 365, \""dominant_experience_level\"": \""mid\"", \""entry_accessibility\"": \""moderate_entry_barrier\"", \""community_label\"": \""Sales & Management\"", \""defining_skills\"": [\""sales\"", \""management\"", \""leadership\""], \""defining_responsibility_signals\"": [\""direct sales\"", \""team management\""] , \""confidence\"": \""high\""}""}, {""community_id"": 365, ""dominant_experience_level"": ""mid"", ""entry_accessibility"": ""moderate_entry_barrier"", ""community_label"": ""Clinical Research"", ""defining_skills"": [""clinical research"", ""healthcare"", ""pharma""], ""defining_responsibility_signals"": [""leadership"", ""certification""], ""confidence"": ""high"", ""rep_rank"": 3, ""attempt"": 1, ""raw_output"": ""{\""community_id\"": 365, \""dominant_experience_level\"": \""mid\"", \""entry_accessibility\"": \""moderate_entry_barrier\"", \""community_label\"": \""Clinical Research\"", \""defining_skills\"": [\""clinical research\"", \""healthcare\"", \""pharma\""], \""defining_responsibility_signals\"": [\""leadership\"", \""certification\""] , \""confidence\"": \""high\""}""}]",15
366,33,senior,moderate_entry_barrier,Senior Financial Analysts,"['financial analysis', 'planning', 'finance']","['leadership', 'certification']",high,1.0,1.0,0.667,0.889,3,"financial, analyst, manager, senior, controller, chief, officer, planning, analysis, finance, private, equity","[{""community_id"": 366, ""dominant_experience_level"": ""senior"", ""entry_accessibility"": ""moderate_entry_barrier"", ""community_label"": ""Senior Financial Analysts"", ""defining_skills"": [""financial analysis"", ""finance planning"", ""private equity""], ""defining_responsibility_signals"": [""leadership"", ""certification""], ""confidence"": ""high"", ""rep_rank"": 1, ""attempt"": 1, ""raw_output"": ""{\""community_id\"": 366, \""dominant_experience_level\"": \""senior\"", \""entry_accessibility\"": \""moderate_entry_barrier\"", \""community_label\"": \""Senior Financial Analysts\"", \""defining_skills\"": [\""financial analysis\"", \""finance planning\"", \""private equity\""], \""defining_responsibility_signals\"": [\""leadership\"", \""certification\""] , \""confidence\"": \""high\""}""}, {""community_id"": 366, ""dominant_experience_level"": ""senior"", ""entry_accessibility"": ""moderate_entry_barrier"", ""community_label"": ""Senior Financial Analysts in SaaS"", ""defining_skills"": [""financial analysis"", ""planning"", ""finance""], ""defining_responsibility_signals"": [""support business units"", ""empower utilities and customers""], ""confidence"": ""high"", ""rep_rank"": 2, ""attempt"": 1, ""raw_output"": ""{\""community_id\"": 366, \""dominant_experience_level\"": \""senior\"", \""entry_accessibility\"": \""moderate_entry_barrier\"", \""community_label\"": \""Senior Financial Analysts in SaaS\"", \""defining_skills\"": [\""financial analysis\"", \""planning\"", \""finance\""], \""defining_responsibility_signals\"": [\""support business units\"", \""empower utilities and customers\""] , \""confidence\"": \""high\""}""}, {""community_id"": 366, ""dominant_experience_level"": ""senior"", ""entry_accessibility"": ""moderate_entry_barrier"", ""community_label"": ""Senior Financial Analysts"", ""defining_skills"": [""financial analysis"", ""planning"", ""finance""], ""defining_responsibility_signals"": [""leadership"", ""strategic planning""], ""confidence"": ""high"", ""rep_rank"": 3, ""attempt"": 1, ""raw_output"": ""{\""community_id\"": 366, \""dominant_experience_level\"": \""senior\"", \""entry_accessibility\"": \""moderate_entry_barrier\"", \""community_label\"": \""Senior Financial Analysts\"", \""defining_skills\"": [\""financial analysis\"", \""planning\"", \""finance\""], \""defining_responsibility_signals\"": [\""leadership\"", \""strategic planning\""] , \""confidence\"": \""high\""}""}]",15
367,33,mid,moderate_entry_barrier,Sales Management,"['sales', 'business development', 'account management']","['team management', 'channel partner management']",high,1.0,1.0,1.0,1.0,3,"sales, manager, business, lead, senior, development, account, executive, execution, consultant, developer, card","[{""community_id"": 367, ""dominant_experience_level"": ""mid"", ""entry_accessibility"": ""moderate_entry_barrier"", ""community_label"": ""Sales Management"", ""defining_skills"": [""sales"", ""business development"", ""account management""], ""defining_responsibility_signals"": [""team management"", ""channel partner management""], ""confidence"": ""high"", ""rep_rank"": 1, ""attempt"": 1, ""raw_output"": ""{\""community_id\"": 367, \""dominant_experience_level\"": \""mid\"", \""entry_accessibility\"": \""moderate_entry_barrier\"", \""community_label\"": \""Sales Management\"", \""defining_skills\"": [\""sales\"", \""business development\"", \""account management\""], \""defining_responsibility_signals\"": [\""team management\"", \""channel partner management\""] , \""confidence\"": \""high\""}""}, {""community_id"": 367, ""dominant_experience_level"": ""mid"", ""entry_accessibility"": ""moderate_entry_barrier"", ""community_label"": ""Sales Management"", ""defining_skills"": [""sales"", ""business development"", ""account management""], ""defining_responsibility_signals"": [""team management"", ""channel partner management""], ""confidence"": ""high"", ""rep_rank"": 2, ""attempt"": 1, ""raw_output"": ""{\""community_id\"": 367, \""dominant_experience_level\"": \""mid\"", \""entry_accessibility\"": \""moderate_entry_barrier\"", \""community_label\"": \""Sales Management\"", \""defining_skills\"": [\""sales\"", \""business development\"", \""account management\""], \""defining_responsibility_signals\"": [\""team management\"", \""channel partner management\""] , \""confidence\"": \""high\""}""}, {""community_id"": 367, ""dominant_experience_level"": ""mid"", ""entry_accessibility"": ""moderate_entry_barrier"", ""community_label"": ""Sales Management"", ""defining_skills"": [""sales"", ""business development"", ""account management""], ""defining_responsibility_signals"": [""team management"", ""channel partner management""], ""confidence"": ""high"", ""rep_rank"": 3, ""attempt"": 1, ""raw_output"": ""{\""community_id\"": 367, \""dominant_experience_level\"": \""mid\"", \""entry_accessibility\"": \""moderate_entry_barrier\"", \""community_label\"": \""Sales Management\"", \""defining_skills\"": [\""sales\"", \""business development\"", \""account management\""], \""defining_responsibility_signals\"": [\""team management\"", \""channel partner management\""] , \""confidence\"": \""high\""}""}]",15
368,33,mid,moderate_entry_barrier,Civil & Structural Engineering,"['CAD', 'Structural Engineering', 'structural design']","['project management', 'leadership']",high,1.0,1.0,0.667,0.889,3,"engineer, manager, construction, project, senior, structural, specialist, cad, designer, principal, civil, safety","[{""community_id"": 368, ""dominant_experience_level"": ""mid"", ""entry_accessibility"": ""moderate_entry_barrier"", ""community_label"": ""Civil Engineering"", ""defining_skills"": [""CAD"", ""structural design"", ""civil engineering""], ""defining_responsibility_signals"": [""project management"", ""safety management""], ""confidence"": ""high"", ""rep_rank"": 1, ""attempt"": 1, ""raw_output"": ""{\""community_id\"": 368, \""dominant_experience_level\"": \""mid\"", \""entry_accessibility\"": \""moderate_entry_barrier\"", \""community_label\"": \""Civil Engineering\"", \""defining_skills\"": [\""CAD\"", \""structural design\"", \""civil engineering\""], \""defining_responsibility_signals\"": [\""project management\"", \""safety management\""] , \""confidence\"": \""high\""}""}, {""community_id"": 368, ""dominant_experience_level"": ""mid"", ""entry_accessibility"": ""moderate_entry_barrier"", ""community_label"": ""Civil & Structural Engineering"", ""defining_skills"": [""CAD"", ""Structural Engineering"", ""Civil Engineering""], ""defining_responsibility_signals"": [""leadership"", ""project management""], ""confidence"": ""high"", ""rep_rank"": 2, ""attempt"": 1, ""raw_output"": ""{\""community_id\"": 368, \""dominant_experience_level\"": \""mid\"", \""entry_accessibility\"": \""moderate_entry_barrier\"", \""community_label\"": \""Civil & Structural Engineering\"", \""defining_skills\"": [\""CAD\"", \""Structural Engineering\"", \""Civil Engineering\""], \""defining_responsibility_signals\"": [\""leadership\"", \""project management\""] , \""confidence\"": \""high\""}""}, {""community_id"": 368, ""dominant_experience_level"": ""mid"", ""entry_accessibility"": ""moderate_entry_barrier"", ""community_label"": ""Civil & Structural Engineering"", ""defining_skills"": [""CAD"", ""Structural Engineering"", ""Project Management""], ""defining_responsibility_signals"": [""leadership"", ""certification""], ""confidence"": ""high"", ""rep_rank"": 3, ""attempt"": 1, ""raw_output"": ""{\""community_id\"": 368, \""dominant_experience_level\"": \""mid\"", \""entry_accessibility\"": \""moderate_entry_barrier\"", \""community_label\"": \""Civil & Structural Engineering\"", \""defining_skills\"": [\""CAD\"", \""Structural Engineering\"", \""Project Management\""], \""defining_responsibility_signals\"": [\""leadership\"", \""certification\""] , \""confidence\"": \""high\""}""}]",15
369,33,senior,moderate_entry_barrier,IT Sourcing Management,"['strategic sourcing', 'strategic_sourcing', 'technology_partnerships']","['leadership', 'acquisition_support']",high,1.0,1.0,0.333,0.778,3,"manager, sourcing, senior, marketing, strategic, specialist, director, category, technology, business, development, regional","[{""community_id"": 369, ""dominant_experience_level"": ""senior"", ""entry_accessibility"": ""moderate_entry_barrier"", ""community_label"": ""IT Sourcing Management"", ""defining_skills"": [""strategic_sourcing"", ""technology_partnerships"", ""hybrid_work""], ""defining_responsibility_signals"": [""leadership"", ""acquisition_support""], ""confidence"": ""high"", ""rep_rank"": 1, ""attempt"": 1, ""raw_output"": ""{\""community_id\"": 369, \""dominant_experience_level\"": \""senior\"", \""entry_accessibility\"": \""moderate_entry_barrier\"", \""community_label\"": \""IT Sourcing Management\"", \""defining_skills\"": [\""strategic_sourcing\"", \""technology_partnerships\"", \""hybrid_work\""], \""defining_responsibility_signals\"": [\""leadership\"", \""acquisition_support\""] , \""confidence\"": \""high\""}""}, {""community_id"": 369, ""dominant_experience_level"": ""senior"", ""entry_accessibility"": ""moderate_entry_barrier"", ""community_label"": ""Senior Strategic Sourcing"", ""defining_skills"": [""strategic sourcing"", ""managerial"", ""technology category management""], ""defining_responsibility_signals"": [""leadership"", ""forward-thinking""], ""confidence"": ""high"", ""rep_rank"": 2, ""attempt"": 1, ""raw_output"": ""{\""community_id\"": 369, \""dominant_experience_level\"": \""senior\"", \""entry_accessibility\"": \""moderate_entry_barrier\"", \""community_label\"": \""Senior Strategic Sourcing\"", \""defining_skills\"": [\""strategic sourcing\"", \""managerial\"", \""technology category management\""], \""defining_responsibility_signals\"": [\""leadership\"", \""forward-thinking\""] , \""confidence\"": \""high\""}""}, {""community_id"": 369, ""dominant_experience_level"": ""senior"", ""entry_accessibility"": ""moderate_entry_barrier"", ""community_label"": ""Strategic Sourcing & Marketing"", ""defining_skills"": [""market research"", ""hr"", ""strategic sourcing""], ""defining_responsibility_signals"": [""leadership"", ""strategic planning""], ""confidence"": ""high"", ""rep_rank"": 3, ""attempt"": 1, ""raw_output"": ""{\""community_id\"": 369, \""dominant_experience_level\"": \""senior\"", \""entry_accessibility\"": \""moderate_entry_barrier\"", \""community_label\"": \""Strategic Sourcing & Marketing\"", \""defining_skills\"": [\""market research\"", \""hr\"", \""strategic sourcing\""], \""defining_responsibility_signals\"": [\""leadership\"", \""strategic planning\""] , \""confidence\"": \""high\""}""}]",15
370,33,mid,moderate_entry_barrier,Construction Project Superintendents,"['construction management', 'project coordination', 'plumbing knowledge']","['leadership', 'project delivery']",high,1.0,1.0,0.333,0.778,3,"superintendent, project, assistant, construction, multifamily, general, manager, lead, plumbing, traveling, commercial, senior","[{""community_id"": 370, ""dominant_experience_level"": ""mid"", ""entry_accessibility"": ""moderate_entry_barrier"", ""community_label"": ""Construction Project Superintendents"", ""defining_skills"": [""construction management"", ""project coordination"", ""plumbing knowledge""], ""defining_responsibility_signals"": [""project delivery"", ""field coordination""], ""confidence"": ""high"", ""rep_rank"": 1, ""attempt"": 1, ""raw_output"": ""{\""community_id\"": 370, \""dominant_experience_level\"": \""mid\"", \""entry_accessibility\"": \""moderate_entry_barrier\"", \""community_label\"": \""Construction Project Superintendents\"", \""defining_skills\"": [\""construction management\"", \""project coordination\"", \""plumbing knowledge\""], \""defining_responsibility_signals\"": [\""project delivery\"", \""field coordination\""] , \""confidence\"": \""high\""}""}, {""community_id"": 370, ""dominant_experience_level"": ""mid"", ""entry_accessibility"": ""moderate_entry_barrier"", ""community_label"": ""Construction Project Management"", ""defining_skills"": [""project management"", ""construction management"", ""multifamily development""], ""defining_responsibility_signals"": [""leadership"", ""experience in commercial or multifamily projects""], ""confidence"": ""high"", ""rep_rank"": 2, ""attempt"": 1, ""raw_output"": ""{\""community_id\"": 370, \""dominant_experience_level\"": \""mid\"", \""entry_accessibility\"": \""moderate_entry_barrier\"", \""community_label\"": \""Construction Project Management\"", \""defining_skills\"": [\""project management\"", \""construction management\"", \""multifamily development\""], \""defining_responsibility_signals\"": [\""leadership\"", \""experience in commercial or multifamily projects\""] , \""confidence\"": \""high\""}""}, {""community_id"": 370, ""dominant_experience_level"": ""mid"", ""entry_accessibility"": ""moderate_entry_barrier"", ""community_label"": ""Construction Management"", ""defining_skills"": [""plumbing"", ""electrical"", ""construction""], ""defining_responsibility_signals"": [""leadership"", ""project_management""], ""confidence"": ""high"", ""rep_rank"": 3, ""attempt"": 1, ""raw_output"": ""{\""community_id\"": 370, \""dominant_experience_level\"": \""mid\"", \""entry_accessibility\"": \""moderate_entry_barrier\"", \""community_label\"": \""Construction Management\"", \""defining_skills\"": [\""plumbing\"", \""electrical\"", \""construction\""], \""defining_responsibility_signals\"": [\""leadership\"", \""project_management\""] , \""confidence\"": \""high\""}""}]",15
371,33,mid,moderate_entry_barrier,Retail Sales Management,"['sales', 'retail', 'consultant']","['leadership', 'event management']",high,1.0,1.0,0.667,0.889,3,"sales, xfinity, retail, consultant, manager, account, business, executive, senior, representative, enterprise, event","[{""community_id"": 371, ""dominant_experience_level"": ""mid"", ""entry_accessibility"": ""moderate_entry_barrier"", ""community_label"": ""Retail Sales Management"", ""defining_skills"": [""sales"", ""retail"", ""consultant""], ""defining_responsibility_signals"": [""leadership"", ""event management""], ""confidence"": ""high"", ""rep_rank"": 1, ""attempt"": 1, ""raw_output"": ""{\""community_id\"": 371, \""dominant_experience_level\"": \""mid\"", \""entry_accessibility\"": \""moderate_entry_barrier\"", \""community_label\"": \""Retail Sales Management\"", \""defining_skills\"": [\""sales\"", \""retail\"", \""consultant\""], \""defining_responsibility_signals\"": [\""leadership\"", \""event management\""] , \""confidence\"": \""high\""}""}, {""community_id"": 371, ""dominant_experience_level"": ""mid"", ""entry_accessibility"": ""moderate_entry_barrier"", ""community_label"": ""Sales & Business Development"", ""defining_skills"": [""Sales"", ""Business Development"", ""Consulting""], ""defining_responsibility_signals"": [""Leadership"", ""Event Management""], ""confidence"": ""high"", ""rep_rank"": 2, ""attempt"": 1, ""raw_output"": ""{\""community_id\"": 371, \""dominant_experience_level\"": \""mid\"", \""entry_accessibility\"": \""moderate_entry_barrier\"", \""community_label\"": \""Sales & Business Development\"", \""defining_skills\"": [\""Sales\"", \""Business Development\"", \""Consulting\""], \""defining_responsibility_signals\"": [\""Leadership\"", \""Event Management\""] , \""confidence\"": \""high\""}""}, {""community_id"": 371, ""dominant_experience_level"": ""mid"", ""entry_accessibility"": ""moderate_entry_barrier"", ""community_label"": ""Retail Sales Management"", ""defining_skills"": [""sales"", ""retail"", ""consultant""], ""defining_responsibility_signals"": [""leadership"", ""event management""], ""confidence"": ""high"", ""rep_rank"": 3, ""attempt"": 1, ""raw_output"": ""{\""community_id\"": 371, \""dominant_experience_level\"": \""mid\"", \""entry_accessibility\"": \""moderate_entry_barrier\"", \""community_label\"": \""Retail Sales Management\"", \""defining_skills\"": [\""sales\"", \""retail\"", \""consultant\""], \""defining_responsibility_signals\"": [\""leadership\"", \""event management\""] , \""confidence\"": \""high\""}""}]",15
372,33,mid,moderate_entry_barrier,Oracle EPM Functional Specialist,"['Oracle', 'Netsuite', 'EPM']","['functional', 'technical']",high,1.0,1.0,1.0,1.0,3,"oracle, senior, specialist, functional, manager, consultant, netsuite, analyst, technical, epm, business, sales","[{""community_id"": 372, ""dominant_experience_level"": ""mid"", ""entry_accessibility"": ""moderate_entry_barrier"", ""community_label"": ""Oracle EPM Functional Specialist"", ""defining_skills"": [""Oracle"", ""Netsuite"", ""EPM""], ""defining_responsibility_signals"": [""functional"", ""technical""], ""confidence"": ""high"", ""rep_rank"": 1, ""attempt"": 1, ""raw_output"": ""{\""community_id\"": 372, \""dominant_experience_level\"": \""mid\"", \""entry_accessibility\"": \""moderate_entry_barrier\"", \""community_label\"": \""Oracle EPM Functional Specialist\"", \""defining_skills\"": [\""Oracle\"", \""Netsuite\"", \""EPM\""], \""defining_responsibility_signals\"": [\""functional\"", \""technical\""] , \""confidence\"": \""high\""}""}, {""community_id"": 372, ""dominant_experience_level"": ""mid"", ""entry_accessibility"": ""moderate_entry_barrier"", ""community_label"": ""Oracle EPM Functional Specialist"", ""defining_skills"": [""Oracle"", ""Netsuite"", ""EPM""], ""defining_responsibility_signals"": [""functional"", ""technical""], ""confidence"": ""high"", ""rep_rank"": 2, ""attempt"": 1, ""raw_output"": ""{\""community_id\"": 372, \""dominant_experience_level\"": \""mid\"", \""entry_accessibility\"": \""moderate_entry_barrier\"", \""community_label\"": \""Oracle EPM Functional Specialist\"", \""defining_skills\"": [\""Oracle\"", \""Netsuite\"", \""EPM\""], \""defining_responsibility_signals\"": [\""functional\"", \""technical\""] , \""confidence\"": \""high\""}""}, {""community_id"": 372, ""dominant_experience_level"": ""mid"", ""entry_accessibility"": ""moderate_entry_barrier"", ""community_label"": ""Oracle EPM Functional Specialist"", ""defining_skills"": [""Oracle"", ""Netsuite"", ""EPM""], ""defining_responsibility_signals"": [""functional"", ""technical""], ""confidence"": ""high"", ""rep_rank"": 3, ""attempt"": 1, ""raw_output"": ""{\""community_id\"": 372, \""dominant_experience_level\"": \""mid\"", \""entry_accessibility\"": \""moderate_entry_barrier\"", \""community_label\"": \""Oracle EPM Functional Specialist\"", \""defining_skills\"": [\""Oracle\"", \""Netsuite\"", \""EPM\""], \""defining_responsibility_signals\"": [\""functional\"", \""technical\""] , \""confidence\"": \""high\""}""}]",15
373,33,junior,moderate_entry_barrier,Front Office - Guest Services,"['customer_service', 'multi_tasking', 'attention_to_detail']","['personalize_guest_interactions', 'cooperative_teamwork']",high,1.0,1.0,1.0,1.0,3,"guest, agent, front, desk, services, manager, service, experience, representative, hospitality, night, audit","[{""community_id"": 373, ""dominant_experience_level"": ""junior"", ""entry_accessibility"": ""moderate_entry_barrier"", ""community_label"": ""Front Office - Guest Services"", ""defining_skills"": [""customer_service"", ""multi_tasking"", ""attention_to_detail""], ""defining_responsibility_signals"": [""personalize_guest_interactions"", ""cooperative_teamwork""], ""confidence"": ""high"", ""rep_rank"": 1, ""attempt"": 1, ""raw_output"": ""{\""community_id\"": 373, \""dominant_experience_level\"": \""junior\"", \""entry_accessibility\"": \""moderate_entry_barrier\"", \""community_label\"": \""Front Office - Guest Services\"", \""defining_skills\"": [\""customer_service\"", \""multi_tasking\"", \""attention_to_detail\""], \""defining_responsibility_signals\"": [\""personalize_guest_interactions\"", \""cooperative_teamwork\""] , \""confidence\"": \""high\""}""}, {""community_id"": 373, ""dominant_experience_level"": ""junior"", ""entry_accessibility"": ""moderate_entry_barrier"", ""community_label"": ""Front Office - Guest Services"", ""defining_skills"": [""customer_service"", ""multi_tasking"", ""attention_to_detail""], ""defining_responsibility_signals"": [""personalize_guest_interactions"", ""cooperative_teamwork""], ""confidence"": ""high"", ""rep_rank"": 2, ""attempt"": 1, ""raw_output"": ""{\""community_id\"": 373, \""dominant_experience_level\"": \""junior\"", \""entry_accessibility\"": \""moderate_entry_barrier\"", \""community_label\"": \""Front Office - Guest Services\"", \""defining_skills\"": [\""customer_service\"", \""multi_tasking\"", \""attention_to_detail\""], \""defining_responsibility_signals\"": [\""personalize_guest_interactions\"", \""cooperative_teamwork\""] , \""confidence\"": \""high\""}""}, {""community_id"": 373, ""dominant_experience_level"": ""junior"", ""entry_accessibility"": ""moderate_entry_barrier"", ""community_label"": ""Front Office - Guest Services"", ""defining_skills"": [""customer_service"", ""multi_tasking"", ""attention_to_detail""], ""defining_responsibility_signals"": [""personalize_guest_interactions"", ""cooperative_teamwork""], ""confidence"": ""high"", ""rep_rank"": 3, ""attempt"": 1, ""raw_output"": ""{\""community_id\"": 373, \""dominant_experience_level\"": \""junior\"", \""entry_accessibility\"": \""moderate_entry_barrier\"", \""community_label\"": \""Front Office - Guest Services\"", \""defining_skills\"": [\""customer_service\"", \""multi_tasking\"", \""attention_to_detail\""], \""defining_responsibility_signals\"": [\""personalize_guest_interactions\"", \""cooperative_teamwork\""] , \""confidence\"": \""high\""}""}]",15
374,33,mid,moderate_entry_barrier,Contracts Management,"['contract negotiation', 'contracts', 'management']","['customer_facing', 'proposals_activities']",high,1.0,1.0,0.667,0.889,3,"manager, contracts, contract, administrator, management, corporate, advisor, officer, manufacturing, senior, counsel, director","[{""community_id"": 374, ""dominant_experience_level"": ""mid"", ""entry_accessibility"": ""moderate_entry_barrier"", ""community_label"": ""Contracts Management"", ""defining_skills"": [""contracts"", ""management"", ""administration""], ""defining_responsibility_signals"": [""customer_facing"", ""proposals_activities""], ""confidence"": ""high"", ""rep_rank"": 1, ""attempt"": 1, ""raw_output"": ""{\""community_id\"": 374, \""dominant_experience_level\"": \""mid\"", \""entry_accessibility\"": \""moderate_entry_barrier\"", \""community_label\"": \""Contracts Management\"", \""defining_skills\"": [\""contracts\"", \""management\"", \""administration\""], \""defining_responsibility_signals\"": [\""customer_facing\"", \""proposals_activities\""] , \""confidence\"": \""high\""}""}, {""community_id"": 374, ""dominant_experience_level"": ""mid"", ""entry_accessibility"": ""moderate_entry_barrier"", ""community_label"": ""Contracts Management"", ""defining_skills"": [""contract negotiation"", ""commercial contracts"", ""administrative management""], ""defining_responsibility_signals"": [""contract support"", ""client relationship management""], ""confidence"": ""high"", ""rep_rank"": 2, ""attempt"": 1, ""raw_output"": ""{\""community_id\"": 374, \""dominant_experience_level\"": \""mid\"", \""entry_accessibility\"": \""moderate_entry_barrier\"", \""community_label\"": \""Contracts Management\"", \""defining_skills\"": [\""contract negotiation\"", \""commercial contracts\"", \""administrative management\""], \""defining_responsibility_signals\"": [\""contract support\"", \""client relationship management\""] , \""confidence\"": \""high\""}""}, {""community_id"": 374, ""dominant_experience_level"": ""mid"", ""entry_accessibility"": ""moderate_entry_barrier"", ""community_label"": ""Contract Management"", ""defining_skills"": [""contract management"", ""contract administration"", ""contract negotiation""], ""defining_responsibility_signals"": [""lead contracting process"", ""develop standard agreements""], ""confidence"": ""high"", ""rep_rank"": 3, ""attempt"": 1, ""raw_output"": ""{\""community_id\"": 374, \""dominant_experience_level\"": \""mid\"", \""entry_accessibility\"": \""moderate_entry_barrier\"", \""community_label\"": \""Contract Management\"", \""defining_skills\"": [\""contract management\"", \""contract administration\"", \""contract negotiation\""], \""defining_responsibility_signals\"": [\""lead contracting process\"", \""develop standard agreements\""] , \""confidence\"": \""high\""}""}]",15
375,33,mid,moderate_entry_barrier,Technical Documentation,"['documentation', 'content creation', 'instructional design']","['produce high-quality documentation', 'contribute to overall product quality']",high,1.0,1.0,0.667,0.889,3,"specialist, technical, writer, documentation, content, document, senior, support, management, office, training, construction","[{""community_id"": 375, ""dominant_experience_level"": ""mid"", ""entry_accessibility"": ""moderate_entry_barrier"", ""community_label"": ""Technical Documentation Specialist"", ""defining_skills"": [""documentation"", ""content creation"", ""instructional design""], ""defining_responsibility_signals"": [""produce high-quality documentation"", ""contribute to overall product quality""], ""confidence"": ""high"", ""rep_rank"": 1, ""attempt"": 1, ""raw_output"": ""{\""community_id\"": 375, \""dominant_experience_level\"": \""mid\"", \""entry_accessibility\"": \""moderate_entry_barrier\"", \""community_label\"": \""Technical Documentation Specialist\"", \""defining_skills\"": [\""documentation\"", \""content creation\"", \""instructional design\""], \""defining_responsibility_signals\"": [\""produce high-quality documentation\"", \""contribute to overall product quality\""] , \""confidence\"": \""high\""}""}, {""community_id"": 375, ""dominant_experience_level"": ""mid"", ""entry_accessibility"": ""moderate_entry_barrier"", ""community_label"": ""Technical Documentation"", ""defining_skills"": [""software documentation"", ""Jira"", ""Azure DevOps""], ""defining_responsibility_signals"": [""create documentation"", ""use markdown""], ""confidence"": ""high"", ""rep_rank"": 2, ""attempt"": 1, ""raw_output"": ""{\""community_id\"": 375, \""dominant_experience_level\"": \""mid\"", \""entry_accessibility\"": \""moderate_entry_barrier\"", \""community_label\"": \""Technical Documentation\"", \""defining_skills\"": [\""software documentation\"", \""Jira\"", \""Azure DevOps\""], \""defining_responsibility_signals\"": [\""create documentation\"", \""use markdown\""] , \""confidence\"": \""high\""}""}, {""community_id"": 375, ""dominant_experience_level"": ""mid"", ""entry_accessibility"": ""moderate_entry_barrier"", ""community_label"": ""Technical Documentation"", ""defining_skills"": [""documentation"", ""content"", ""writing""], ""defining_responsibility_signals"": [""support"", ""training""], ""confidence"": ""high"", ""rep_rank"": 3, ""attempt"": 1, ""raw_output"": ""{\""community_id\"": 375, \""dominant_experience_level\"": \""mid\"", \""entry_accessibility\"": \""moderate_entry_barrier\"", \""community_label\"": \""Technical Documentation\"", \""defining_skills\"": [\""documentation\"", \""content\"", \""writing\""], \""defining_responsibility_signals\"": [\""support\"", \""training\""] , \""confidence\"": \""high\""}""}]",16
376,33,mid,moderate_entry_barrier,Lab Technicians,"['Lab', 'Technician', 'Scientist']","['Research', 'Histology']",high,1.0,1.0,0.333,0.778,3,"lab, technician, scientist, research, histology, microbiology, medical, technologist, infectious, disease, laboratory, histotechnologist","[{""community_id"": 376, ""dominant_experience_level"": ""mid"", ""entry_accessibility"": ""moderate_entry_barrier"", ""community_label"": ""Lab Technicians"", ""defining_skills"": [""Lab"", ""Technician"", ""Scientist""], ""defining_responsibility_signals"": [""Research"", ""Histology""], ""confidence"": ""high"", ""rep_rank"": 1, ""attempt"": 1, ""raw_output"": ""{\""community_id\"": 376, \""dominant_experience_level\"": \""mid\"", \""entry_accessibility\"": \""moderate_entry_barrier\"", \""community_label\"": \""Lab Technicians\"", \""defining_skills\"": [\""Lab\"", \""Technician\"", \""Scientist\""], \""defining_responsibility_signals\"": [\""Research\"", \""Histology\""] , \""confidence\"": \""high\""}""}, {""community_id"": 376, ""dominant_experience_level"": ""mid"", ""entry_accessibility"": ""moderate_entry_barrier"", ""community_label"": ""Microbiology Lab Technician"", ""defining_skills"": [""PCR"", ""ELISA"", ""cell-based assays""], ""defining_responsibility_signals"": [""perform in-vitro assays"", ""technical support""], ""confidence"": ""high"", ""rep_rank"": 2, ""attempt"": 1, ""raw_output"": ""{\""community_id\"": 376, \""dominant_experience_level\"": \""mid\"", \""entry_accessibility\"": \""moderate_entry_barrier\"", \""community_label\"": \""Microbiology Lab Technician\"", \""defining_skills\"": [\""PCR\"", \""ELISA\"", \""cell-based assays\""], \""defining_responsibility_signals\"": [\""perform in-vitro assays\"", \""technical support\""] , \""confidence\"": \""high\""}""}, {""community_id"": 376, ""dominant_experience_level"": ""mid"", ""entry_accessibility"": ""moderate_entry_barrier"", ""community_label"": ""Histology & Microbiology Technicians/Scientists"", ""defining_skills"": [""Histology"", ""Microbiology"", ""Medical Lab Techniques""], ""defining_responsibility_signals"": [""Tissue Specimen Preparation"", ""Diagnostic Testing""], ""confidence"": ""high"", ""rep_rank"": 3, ""attempt"": 1, ""raw_output"": ""{\""community_id\"": 376, \""dominant_experience_level\"": \""mid\"", \""entry_accessibility\"": \""moderate_entry_barrier\"", \""community_label\"": \""Histology & Microbiology Technicians/Scientists\"", \""defining_skills\"": [\""Histology\"", \""Microbiology\"", \""Medical Lab Techniques\""], \""defining_responsibility_signals\"": [\""Tissue Specimen Preparation\"", \""Diagnostic Testing\""] , \""confidence\"": \""high\""}""}]",16
377,33,mid,moderate_entry_barrier,Water/Wastewater Project Management,"['water/wastewater treatment', 'project management', 'civil engineering']","['leadership', 'community engagement']",high,1.0,1.0,0.667,0.889,3,"water, engineer, wastewater, project, manager, senior, lead, planner, environmental, resources, civil, focus","[{""community_id"": 377, ""dominant_experience_level"": ""mid"", ""entry_accessibility"": ""moderate_entry_barrier"", ""community_label"": ""Water/Wastewater Project Management"", ""defining_skills"": [""water/wastewater treatment"", ""project management"", ""civil engineering""], ""defining_responsibility_signals"": [""leadership"", ""community engagement""], ""confidence"": ""high"", ""rep_rank"": 1, ""attempt"": 1, ""raw_output"": ""{\""community_id\"": 377, \""dominant_experience_level\"": \""mid\"", \""entry_accessibility\"": \""moderate_entry_barrier\"", \""community_label\"": \""Water/Wastewater Project Management\"", \""defining_skills\"": [\""water/wastewater treatment\"", \""project management\"", \""civil engineering\""], \""defining_responsibility_signals\"": [\""leadership\"", \""community engagement\""] , \""confidence\"": \""high\""}""}, {""community_id"": 377, ""dominant_experience_level"": ""mid"", ""entry_accessibility"": ""moderate_entry_barrier"", ""community_label"": ""Water/Wastewater Project Management"", ""defining_skills"": [""water/wastewater treatment"", ""project management"", ""civil engineering""], ""defining_responsibility_signals"": [""leadership"", ""community engagement""], ""confidence"": ""high"", ""rep_rank"": 2, ""attempt"": 1, ""raw_output"": ""{\""community_id\"": 377, \""dominant_experience_level\"": \""mid\"", \""entry_accessibility\"": \""moderate_entry_barrier\"", \""community_label\"": \""Water/Wastewater Project Management\"", \""defining_skills\"": [\""water/wastewater treatment\"", \""project management\"", \""civil engineering\""], \""defining_responsibility_signals\"": [\""leadership\"", \""community engagement\""] , \""confidence\"": \""high\""}""}, {""community_id"": 377, ""dominant_experience_level"": ""mid"", ""entry_accessibility"": ""moderate_entry_barrier"", ""community_label"": ""Water & Wastewater Project Management"", ""defining_skills"": [""water treatment"", ""wastewater management"", ""project planning""], ""defining_responsibility_signals"": [""leadership"", ""community engagement""], ""confidence"": ""high"", ""rep_rank"": 3, ""attempt"": 1, ""raw_output"": ""{\""community_id\"": 377, \""dominant_experience_level\"": \""mid\"", \""entry_accessibility\"": \""moderate_entry_barrier\"", \""community_label\"": \""Water & Wastewater Project Management\"", \""defining_skills\"": [\""water treatment\"", \""wastewater management\"", \""project planning\""], \""defining_responsibility_signals\"": [\""leadership\"", \""community engagement\""] , \""confidence\"": \""high\""}""}]",16
378,33,junior,moderate_entry_barrier,Skilled Trades,"['welding', 'carpentry', 'pipe welding']","['travel', 'first shift']",high,1.0,1.0,0.667,0.889,3,"welder, carpenter, engineer, general, laborer, electrician, shift, 1st, 2nd, traveling, marine, boat","[{""community_id"": 378, ""dominant_experience_level"": ""junior"", ""entry_accessibility"": ""moderate_entry_barrier"", ""community_label"": ""Skilled Trades"", ""defining_skills"": [""welding"", ""pipe welding"", ""general labor""], ""defining_responsibility_signals"": [""first shift"", ""project-based work""], ""confidence"": ""high"", ""rep_rank"": 1, ""attempt"": 1, ""raw_output"": ""{\""community_id\"": 378, \""dominant_experience_level\"": \""junior\"", \""entry_accessibility\"": \""moderate_entry_barrier\"", \""community_label\"": \""Skilled Trades\"", \""defining_skills\"": [\""welding\"", \""pipe welding\"", \""general labor\""], \""defining_responsibility_signals\"": [\""first shift\"", \""project-based work\""] , \""confidence\"": \""high\""}""}, {""community_id"": 378, ""dominant_experience_level"": ""junior"", ""entry_accessibility"": ""moderate_entry_barrier"", ""community_label"": ""Skilled Trades"", ""defining_skills"": [""welding"", ""carpentry"", ""electrical""], ""defining_responsibility_signals"": [""shift work"", ""travel""], ""confidence"": ""high"", ""rep_rank"": 2, ""attempt"": 1, ""raw_output"": ""{\""community_id\"": 378, \""dominant_experience_level\"": \""junior\"", \""entry_accessibility\"": \""moderate_entry_barrier\"", \""community_label\"": \""Skilled Trades\"", \""defining_skills\"": [\""welding\"", \""carpentry\"", \""electrical\""], \""defining_responsibility_signals\"": [\""shift work\"", \""travel\""] , \""confidence\"": \""high\""}""}, {""community_id"": 378, ""dominant_experience_level"": ""junior"", ""entry_accessibility"": ""moderate_entry_barrier"", ""community_label"": ""Construction & Maintenance"", ""defining_skills"": [""welding"", ""carpentry"", ""electricity""], ""defining_responsibility_signals"": [""shift_work"", ""travel""], ""confidence"": ""high"", ""rep_rank"": 3, ""attempt"": 1, ""raw_output"": ""{\""community_id\"": 378, \""dominant_experience_level\"": \""junior\"", \""entry_accessibility\"": \""moderate_entry_barrier\"", \""community_label\"": \""Construction & Maintenance\"", \""defining_skills\"": [\""welding\"", \""carpentry\"", \""electricity\""], \""defining_responsibility_signals\"": [\""shift_work\"", \""travel\""] , \""confidence\"": \""high\""}""}]",16
379,33,junior,moderate_entry_barrier,Internship,"['Marketing', 'Operations', 'Environmental']","['learn', 'engage']",high,1.0,1.0,0.333,0.778,3,"intern, summer, 2024, internship, marketing, environmental, branch, student, operations, graduate, enterprise, architect","[{""community_id"": 379, ""dominant_experience_level"": ""junior"", ""entry_accessibility"": ""moderate_entry_barrier"", ""community_label"": ""Internship"", ""defining_skills"": [""procurement"", ""internship"", ""program""], ""defining_responsibility_signals"": [""learn"", ""engage""], ""confidence"": ""high"", ""rep_rank"": 1, ""attempt"": 1, ""raw_output"": ""{\""community_id\"": 379, \""dominant_experience_level\"": \""junior\"", \""entry_accessibility\"": \""moderate_entry_barrier\"", \""community_label\"": \""Internship\"", \""defining_skills\"": [\""procurement\"", \""internship\"", \""program\""], \""defining_responsibility_signals\"": [\""learn\"", \""engage\""] , \""confidence\"": \""high\""}""}, {""community_id"": 379, ""dominant_experience_level"": ""junior"", ""entry_accessibility"": ""moderate_entry_barrier"", ""community_label"": ""Summer Internship"", ""defining_skills"": [""Marketing"", ""Operations"", ""Environmental""], ""defining_responsibility_signals"": [""Rotational Program"", ""Personal Wealth Management""], ""confidence"": ""high"", ""rep_rank"": 2, ""attempt"": 1, ""raw_output"": ""{\""community_id\"": 379, \""dominant_experience_level\"": \""junior\"", \""entry_accessibility\"": \""moderate_entry_barrier\"", \""community_label\"": \""Summer Internship\"", \""defining_skills\"": [\""Marketing\"", \""Operations\"", \""Environmental\""], \""defining_responsibility_signals\"": [\""Rotational Program\"", \""Personal Wealth Management\""] , \""confidence\"": \""high\""}""}, {""community_id"": 379, ""dominant_experience_level"": ""junior"", ""entry_accessibility"": ""moderate_entry_barrier"", ""community_label"": ""Summer Internships"", ""defining_skills"": [""Marketing"", ""Operations"", ""Environmental""], ""defining_responsibility_signals"": [""Student"", ""Graduate""], ""confidence"": ""high"", ""rep_rank"": 3, ""attempt"": 1, ""raw_output"": ""{\""community_id\"": 379, \""dominant_experience_level\"": \""junior\"", \""entry_accessibility\"": \""moderate_entry_barrier\"", \""community_label\"": \""Summer Internships\"", \""defining_skills\"": [\""Marketing\"", \""Operations\"", \""Environmental\""], \""defining_responsibility_signals\"": [\""Student\"", \""Graduate\""] , \""confidence\"": \""high\""}""}]",16
380,33,mid,moderate_entry_barrier,Quant Trading Software Engineer,"['C++', 'Python', 'Quantitative']","['Build infrastructure', 'Trading systems development']",high,1.0,1.0,0.333,0.778,3,"software, engineer, developer, quantitative, senior, quant, trader, trading, researcher, python, futures, hedge","[{""community_id"": 380, ""dominant_experience_level"": ""mid"", ""entry_accessibility"": ""moderate_entry_barrier"", ""community_label"": ""Quant Trading Software Engineer"", ""defining_skills"": [""C++"", ""Python"", ""Quantitative""], ""defining_responsibility_signals"": [""Build infrastructure"", ""Trading systems development""], ""confidence"": ""high"", ""rep_rank"": 1, ""attempt"": 1, ""raw_output"": ""{\""community_id\"": 380, \""dominant_experience_level\"": \""mid\"", \""entry_accessibility\"": \""moderate_entry_barrier\"", \""community_label\"": \""Quant Trading Software Engineer\"", \""defining_skills\"": [\""C++\"", \""Python\"", \""Quantitative\""], \""defining_responsibility_signals\"": [\""Build infrastructure\"", \""Trading systems development\""] , \""confidence\"": \""high\""}""}, {""community_id"": 380, ""dominant_experience_level"": ""mid"", ""entry_accessibility"": ""moderate_entry_barrier"", ""community_label"": ""Quantitative Trading & Fintech Software Engineers"", ""defining_skills"": [""python"", ""quantitative"", ""trading""], ""defining_responsibility_signals"": [""backend software engineering"", ""compensation""], ""confidence"": ""high"", ""rep_rank"": 2, ""attempt"": 1, ""raw_output"": ""{\""community_id\"": 380, \""dominant_experience_level\"": \""mid\"", \""entry_accessibility\"": \""moderate_entry_barrier\"", \""community_label\"": \""Quantitative Trading & Fintech Software Engineers\"", \""defining_skills\"": [\""python\"", \""quantitative\"", \""trading\""], \""defining_responsibility_signals\"": [\""backend software engineering\"", \""compensation\""] , \""confidence\"": \""high\""}""}, {""community_id"": 380, ""dominant_experience_level"": ""mid"", ""entry_accessibility"": ""moderate_entry_barrier"", ""community_label"": ""Quantitative Trading Software Engineer"", ""defining_skills"": [""Python"", ""C++"", ""Quantitative Trading""], ""defining_responsibility_signals"": [""Research Infrastructure Development"", ""Team Collaboration""], ""confidence"": ""high"", ""rep_rank"": 3, ""attempt"": 1, ""raw_output"": ""{\""community_id\"": 380, \""dominant_experience_level\"": \""mid\"", \""entry_accessibility\"": \""moderate_entry_barrier\"", \""community_label\"": \""Quantitative Trading Software Engineer\"", \""defining_skills\"": [\""Python\"", \""C++\"", \""Quantitative Trading\""], \""defining_responsibility_signals\"": [\""Research Infrastructure Development\"", \""Team Collaboration\""] , \""confidence\"": \""high\""}""}]",16
381,32,mid,moderate_entry_barrier,Audit & Accounting,"['audit', 'accounting', 'GAAP accounting']","['Project management', 'Client interaction']",high,1.0,1.0,0.667,0.889,3,"auditor, audit, accounting, accountant, analyst, 2025, manager, assurance, staff, internal, 2024, operations","[{""community_id"": 381, ""dominant_experience_level"": ""mid"", ""entry_accessibility"": ""moderate_entry_barrier"", ""community_label"": ""Audit & Accounting"", ""defining_skills"": [""GAAP accounting"", ""Corporate experience"", ""Auditing tools""], ""defining_responsibility_signals"": [""Project management"", ""Client interaction""], ""confidence"": ""high"", ""rep_rank"": 1, ""attempt"": 1, ""raw_output"": ""{\""community_id\"": 381, \""dominant_experience_level\"": \""mid\"", \""entry_accessibility\"": \""moderate_entry_barrier\"", \""community_label\"": \""Audit & Accounting\"", \""defining_skills\"": [\""GAAP accounting\"", \""Corporate experience\"", \""Auditing tools\""], \""defining_responsibility_signals\"": [\""Project management\"", \""Client interaction\""] , \""confidence\"": \""high\""}""}, {""community_id"": 381, ""dominant_experience_level"": ""mid"", ""entry_accessibility"": ""moderate_entry_barrier"", ""community_label"": ""Internal Audit"", ""defining_skills"": [""audit"", ""accounting"", ""SOX controls""], ""defining_responsibility_signals"": [""conduct financial and operational audits"", ""manage audit team""], ""confidence"": ""high"", ""rep_rank"": 2, ""attempt"": 1, ""raw_output"": ""{\""community_id\"": 381, \""dominant_experience_level\"": \""mid\"", \""entry_accessibility\"": \""moderate_entry_barrier\"", \""community_label\"": \""Internal Audit\"", \""defining_skills\"": [\""audit\"", \""accounting\"", \""SOX controls\""], \""defining_responsibility_signals\"": [\""conduct financial and operational audits\"", \""manage audit team\""] , \""confidence\"": \""high\""}""}, {""community_id"": 381, ""dominant_experience_level"": ""mid"", ""entry_accessibility"": ""moderate_entry_barrier"", ""community_label"": ""Audit & Accounting"", ""defining_skills"": [""audit"", ""accounting"", ""assurance""], ""defining_responsibility_signals"": [""manager"", ""operations""], ""confidence"": ""high"", ""rep_rank"": 3, ""attempt"": 1, ""raw_output"": ""{\""community_id\"": 381, \""dominant_experience_level\"": \""mid\"", \""entry_accessibility\"": \""moderate_entry_barrier\"", \""community_label\"": \""Audit & Accounting\"", \""defining_skills\"": [\""audit\"", \""accounting\"", \""assurance\""], \""defining_responsibility_signals\"": [\""manager\"", \""operations\""] , \""confidence\"": \""high\""}""}]",16
382,32,mid,moderate_entry_barrier,Financial Management,"['budgeting', 'financial management', 'team leadership']","['oversee team', 'manage financial processes']",high,1.0,1.0,0.333,0.778,3,"assistant, manager, executive, controller, tax, senior, financial, accountant, analyst, administrative, finance, director","[{""community_id"": 382, ""dominant_experience_level"": ""mid"", ""entry_accessibility"": ""moderate_entry_barrier"", ""community_label"": ""Financial Management"", ""defining_skills"": [""financial management"", ""team leadership"", ""accounting processes""], ""defining_responsibility_signals"": [""oversee team"", ""manage financial processes""], ""confidence"": ""high"", ""rep_rank"": 1, ""attempt"": 1, ""raw_output"": ""{\""community_id\"": 382, \""dominant_experience_level\"": \""mid\"", \""entry_accessibility\"": \""moderate_entry_barrier\"", \""community_label\"": \""Financial Management\"", \""defining_skills\"": [\""financial management\"", \""team leadership\"", \""accounting processes\""], \""defining_responsibility_signals\"": [\""oversee team\"", \""manage financial processes\""] , \""confidence\"": \""high\""}""}, {""community_id"": 382, ""dominant_experience_level"": ""mid"", ""entry_accessibility"": ""moderate_entry_barrier"", ""community_label"": ""Executive Admin & Finance"", ""defining_skills"": [""administrative"", ""finance"", ""budgeting""], ""defining_responsibility_signals"": [""day-to-day tasks"", ""expense management""], ""confidence"": ""high"", ""rep_rank"": 2, ""attempt"": 1, ""raw_output"": ""{\""community_id\"": 382, \""dominant_experience_level\"": \""mid\"", \""entry_accessibility\"": \""moderate_entry_barrier\"", \""community_label\"": \""Executive Admin & Finance\"", \""defining_skills\"": [\""administrative\"", \""finance\"", \""budgeting\""], \""defining_responsibility_signals\"": [\""day-to-day tasks\"", \""expense management\""] , \""confidence\"": \""high\""}""}, {""community_id"": 382, ""dominant_experience_level"": ""mid"", ""entry_accessibility"": ""moderate_entry_barrier"", ""community_label"": ""Financial Planning & Analysis"", ""defining_skills"": [""financial planning"", ""analysis"", ""budgeting""], ""defining_responsibility_signals"": [""leadership"", ""teamwork""], ""confidence"": ""high"", ""rep_rank"": 3, ""attempt"": 1, ""raw_output"": ""{\""community_id\"": 382, \""dominant_experience_level\"": \""mid\"", \""entry_accessibility\"": \""moderate_entry_barrier\"", \""community_label\"": \""Financial Planning & Analysis\"", \""defining_skills\"": [\""financial planning\"", \""analysis\"", \""budgeting\""], \""defining_responsibility_signals\"": [\""leadership\"", \""teamwork\""] , \""confidence\"": \""high\""}""}]",16
383,32,mid,moderate_entry_barrier,Credit & Collections Specialist,"['collections', 'account receivable', 'billing']","['maintain/reduce DSO', 'billing']",high,1.0,1.0,0.333,0.778,3,"manager, account, specialist, accounts, credit, receivable, collections, billing, representative, analyst, executive, collection","[{""community_id"": 383, ""dominant_experience_level"": ""mid"", ""entry_accessibility"": ""moderate_entry_barrier"", ""community_label"": ""Credit & Collections Specialist"", ""defining_skills"": [""credit collection"", ""account receivable"", ""collections""], ""defining_responsibility_signals"": [""maintain/reduce DSO"", ""billing""], ""confidence"": ""high"", ""rep_rank"": 1, ""attempt"": 1, ""raw_output"": ""{\""community_id\"": 383, \""dominant_experience_level\"": \""mid\"", \""entry_accessibility\"": \""moderate_entry_barrier\"", \""community_label\"": \""Credit & Collections Specialist\"", \""defining_skills\"": [\""credit collection\"", \""account receivable\"", \""collections\""], \""defining_responsibility_signals\"": [\""maintain/reduce DSO\"", \""billing\""] , \""confidence\"": \""high\""}""}, {""community_id"": 383, ""dominant_experience_level"": ""mid"", ""entry_accessibility"": ""moderate_entry_barrier"", ""community_label"": ""Credit & Accounts Receivable"", ""defining_skills"": [""collections"", ""billing"", ""credit management""], ""defining_responsibility_signals"": [""provide support to nationwide operations"", ""work as part of a team of finance professionals""], ""confidence"": ""high"", ""rep_rank"": 2, ""attempt"": 1, ""raw_output"": ""{\""community_id\"": 383, \""dominant_experience_level\"": \""mid\"", \""entry_accessibility\"": \""moderate_entry_barrier\"", \""community_label\"": \""Credit & Accounts Receivable\"", \""defining_skills\"": [\""collections\"", \""billing\"", \""credit management\""], \""defining_responsibility_signals\"": [\""provide support to nationwide operations\"", \""work as part of a team of finance professionals\""] , \""confidence\"": \""high\""}""}, {""community_id"": 383, ""dominant_experience_level"": ""mid"", ""entry_accessibility"": ""moderate_entry_barrier"", ""community_label"": ""Credit Collections Specialist"", ""defining_skills"": [""collections"", ""billing"", ""account receivable""], ""defining_responsibility_signals"": [""resolve outstanding invoices"", ""contact customers""], ""confidence"": ""high"", ""rep_rank"": 3, ""attempt"": 1, ""raw_output"": ""{\""community_id\"": 383, \""dominant_experience_level\"": \""mid\"", \""entry_accessibility\"": \""moderate_entry_barrier\"", \""community_label\"": \""Credit Collections Specialist\"", \""defining_skills\"": [\""collections\"", \""billing\"", \""account receivable\""], \""defining_responsibility_signals\"": [\""resolve outstanding invoices\"", \""contact customers\""] , \""confidence\"": \""high\""}""}]",16
384,32,junior,moderate_entry_barrier,Beauty Sales Advisor,"['Sales', 'Customer Service', 'Beauty Industry Knowledge']","['Retail Sales', 'Customer Consultation']",high,1.0,1.0,1.0,1.0,3,"inside, sales, assistant, manager, beauty, store, advisor, sally, 00730, 02427, 02517, 01310","[{""community_id"": 384, ""dominant_experience_level"": ""junior"", ""entry_accessibility"": ""moderate_entry_barrier"", ""community_label"": ""Beauty Sales Advisor"", ""defining_skills"": [""Sales"", ""Customer Service"", ""Beauty Industry Knowledge""], ""defining_responsibility_signals"": [""Retail Sales"", ""Customer Consultation""], ""confidence"": ""high"", ""rep_rank"": 1, ""attempt"": 1, ""raw_output"": ""{\""community_id\"": 384, \""dominant_experience_level\"": \""junior\"", \""entry_accessibility\"": \""moderate_entry_barrier\"", \""community_label\"": \""Beauty Sales Advisor\"", \""defining_skills\"": [\""Sales\"", \""Customer Service\"", \""Beauty Industry Knowledge\""], \""defining_responsibility_signals\"": [\""Retail Sales\"", \""Customer Consultation\""] , \""confidence\"": \""high\""}""}, {""community_id"": 384, ""dominant_experience_level"": ""junior"", ""entry_accessibility"": ""moderate_entry_barrier"", ""community_label"": ""Beauty Sales Advisor"", ""defining_skills"": [""Sales"", ""Customer Service"", ""Beauty Industry Knowledge""], ""defining_responsibility_signals"": [""Customer Interaction"", ""Product Sales""], ""confidence"": ""high"", ""rep_rank"": 2, ""attempt"": 1, ""raw_output"": ""{\""community_id\"": 384, \""dominant_experience_level\"": \""junior\"", \""entry_accessibility\"": \""moderate_entry_barrier\"", \""community_label\"": \""Beauty Sales Advisor\"", \""defining_skills\"": [\""Sales\"", \""Customer Service\"", \""Beauty Industry Knowledge\""], \""defining_responsibility_signals\"": [\""Customer Interaction\"", \""Product Sales\""] , \""confidence\"": \""high\""}""}, {""community_id"": 384, ""dominant_experience_level"": ""junior"", ""entry_accessibility"": ""moderate_entry_barrier"", ""community_label"": ""Beauty Sales Advisor"", ""defining_skills"": [""Sales"", ""Customer Service"", ""Beauty Industry Knowledge""], ""defining_responsibility_signals"": [""Retail Sales"", ""Customer Consultation""], ""confidence"": ""high"", ""rep_rank"": 3, ""attempt"": 1, ""raw_output"": ""{\""community_id\"": 384, \""dominant_experience_level\"": \""junior\"", \""entry_accessibility\"": \""moderate_entry_barrier\"", \""community_label\"": \""Beauty Sales Advisor\"", \""defining_skills\"": [\""Sales\"", \""Customer Service\"", \""Beauty Industry Knowledge\""], \""defining_responsibility_signals\"": [\""Retail Sales\"", \""Customer Consultation\""] , \""confidence\"": \""high\""}""}]",16
385,32,mid,moderate_entry_barrier,Supply Chain & Procurement,"['inventory management', 'supply chain analysis', 'supply chain support']","['production planning', 'cross-functional collaboration']",high,1.0,1.0,0.667,0.889,3,"inventory, specialist, supply, chain, support, analyst, procurement, control, buyer, production, planner, logistics","[{""community_id"": 385, ""dominant_experience_level"": ""mid"", ""entry_accessibility"": ""moderate_entry_barrier"", ""community_label"": ""Supply Chain & Procurement"", ""defining_skills"": [""inventory management"", ""supply chain support"", ""procurement control""], ""defining_responsibility_signals"": [""production planning"", ""cross-functional collaboration""], ""confidence"": ""high"", ""rep_rank"": 1, ""attempt"": 1, ""raw_output"": ""{\""community_id\"": 385, \""dominant_experience_level\"": \""mid\"", \""entry_accessibility\"": \""moderate_entry_barrier\"", \""community_label\"": \""Supply Chain & Procurement\"", \""defining_skills\"": [\""inventory management\"", \""supply chain support\"", \""procurement control\""], \""defining_responsibility_signals\"": [\""production planning\"", \""cross-functional collaboration\""] , \""confidence\"": \""high\""}""}, {""community_id"": 385, ""dominant_experience_level"": ""mid"", ""entry_accessibility"": ""moderate_entry_barrier"", ""community_label"": ""Supply Chain Analyst"", ""defining_skills"": [""inventory management"", ""supply chain analysis"", ""procurement support""], ""defining_responsibility_signals"": [""analyze complex material requirements"", ""apply SCM methodologies""], ""confidence"": ""high"", ""rep_rank"": 2, ""attempt"": 1, ""raw_output"": ""{\""community_id\"": 385, \""dominant_experience_level\"": \""mid\"", \""entry_accessibility\"": \""moderate_entry_barrier\"", \""community_label\"": \""Supply Chain Analyst\"", \""defining_skills\"": [\""inventory management\"", \""supply chain analysis\"", \""procurement support\""], \""defining_responsibility_signals\"": [\""analyze complex material requirements\"", \""apply SCM methodologies\""] , \""confidence\"": \""high\""}""}, {""community_id"": 385, ""dominant_experience_level"": ""mid"", ""entry_accessibility"": ""moderate_entry_barrier"", ""community_label"": ""Supply Chain & Procurement"", ""defining_skills"": [""inventory management"", ""supply chain analysis"", ""procurement strategy""], ""defining_responsibility_signals"": [""demand and supply analysis"", ""order planning""], ""confidence"": ""high"", ""rep_rank"": 3, ""attempt"": 1, ""raw_output"": ""{\""community_id\"": 385, \""dominant_experience_level\"": \""mid\"", \""entry_accessibility\"": \""moderate_entry_barrier\"", \""community_label\"": \""Supply Chain & Procurement\"", \""defining_skills\"": [\""inventory management\"", \""supply chain analysis\"", \""procurement strategy\""], \""defining_responsibility_signals\"": [\""demand and supply analysis\"", \""order planning\""] , \""confidence\"": \""high\""}""}]",16
386,32,mid,moderate_entry_barrier,Commercial Insurance Account Management,"['commercial insurance', 'account management', 'claims handling']","['hybrid remote', 'detail-oriented']",high,1.0,1.0,0.667,0.889,3,"account, manager, commercial, insurance, lines, senior, executive, claims, accountant, specialist, acccount, accounting","[{""community_id"": 386, ""dominant_experience_level"": ""mid"", ""entry_accessibility"": ""moderate_entry_barrier"", ""community_label"": ""Commercial Insurance Account Manager"", ""defining_skills"": [""commercial insurance"", ""account management"", ""insurance lines""], ""defining_responsibility_signals"": [""hybrid remote"", ""detail-oriented""], ""confidence"": ""high"", ""rep_rank"": 1, ""attempt"": 1, ""raw_output"": ""{\""community_id\"": 386, \""dominant_experience_level\"": \""mid\"", \""entry_accessibility\"": \""moderate_entry_barrier\"", \""community_label\"": \""Commercial Insurance Account Manager\"", \""defining_skills\"": [\""commercial insurance\"", \""account management\"", \""insurance lines\""], \""defining_responsibility_signals\"": [\""hybrid remote\"", \""detail-oriented\""] , \""confidence\"": \""high\""}""}, {""community_id"": 386, ""dominant_experience_level"": ""mid"", ""entry_accessibility"": ""moderate_entry_barrier"", ""community_label"": ""Commercial Insurance Account Management"", ""defining_skills"": [""account management"", ""commercial insurance"", ""claims handling""], ""defining_responsibility_signals"": [""manage accounts"", ""handle claims""], ""confidence"": ""high"", ""rep_rank"": 2, ""attempt"": 1, ""raw_output"": ""{\""community_id\"": 386, \""dominant_experience_level\"": \""mid\"", \""entry_accessibility\"": \""moderate_entry_barrier\"", \""community_label\"": \""Commercial Insurance Account Management\"", \""defining_skills\"": [\""account management\"", \""commercial insurance\"", \""claims handling\""], \""defining_responsibility_signals\"": [\""manage accounts\"", \""handle claims\""] , \""confidence\"": \""high\""}""}, {""community_id"": 386, ""dominant_experience_level"": ""mid"", ""entry_accessibility"": ""moderate_entry_barrier"", ""community_label"": ""Commercial Insurance Account Management"", ""defining_skills"": [""account management"", ""commercial insurance"", ""claims handling""], ""defining_responsibility_signals"": [""account management"", ""client relationship management""], ""confidence"": ""high"", ""rep_rank"": 3, ""attempt"": 1, ""raw_output"": ""{\""community_id\"": 386, \""dominant_experience_level\"": \""mid\"", \""entry_accessibility\"": \""moderate_entry_barrier\"", \""community_label\"": \""Commercial Insurance Account Management\"", \""defining_skills\"": [\""account management\"", \""commercial insurance\"", \""claims handling\""], \""defining_responsibility_signals\"": [\""account management\"", \""client relationship management\""] , \""confidence\"": \""high\""}""}]",16
387,32,senior,moderate_entry_barrier,Cloud Security,"['cloud', 'security', 'cyber']","['leadership', 'expert guidance']",high,1.0,1.0,0.667,0.889,3,"cloud, security, engineer, manager, senior, cyber, application, lead, principal, google, only, aws","[{""community_id"": 387, ""dominant_experience_level"": ""senior"", ""entry_accessibility"": ""moderate_entry_barrier"", ""community_label"": ""Cloud Security"", ""defining_skills"": [""cloud"", ""security"", ""cyber""], ""defining_responsibility_signals"": [""leadership"", ""expert guidance""], ""confidence"": ""high"", ""rep_rank"": 1, ""attempt"": 1, ""raw_output"": ""{\""community_id\"": 387, \""dominant_experience_level\"": \""senior\"", \""entry_accessibility\"": \""moderate_entry_barrier\"", \""community_label\"": \""Cloud Security\"", \""defining_skills\"": [\""cloud\"", \""security\"", \""cyber\""], \""defining_responsibility_signals\"": [\""leadership\"", \""expert guidance\""] , \""confidence\"": \""high\""}""}, {""community_id"": 387, ""dominant_experience_level"": ""senior"", ""entry_accessibility"": ""moderate_entry_barrier"", ""community_label"": ""Cloud Security"", ""defining_skills"": [""cloud"", ""security"", ""cyber""], ""defining_responsibility_signals"": [""leadership"", ""certification""], ""confidence"": ""high"", ""rep_rank"": 2, ""attempt"": 1, ""raw_output"": ""{\""community_id\"": 387, \""dominant_experience_level\"": \""senior\"", \""entry_accessibility\"": \""moderate_entry_barrier\"", \""community_label\"": \""Cloud Security\"", \""defining_skills\"": [\""cloud\"", \""security\"", \""cyber\""], \""defining_responsibility_signals\"": [\""leadership\"", \""certification\""] , \""confidence\"": \""high\""}""}, {""community_id"": 387, ""dominant_experience_level"": ""senior"", ""entry_accessibility"": ""moderate_entry_barrier"", ""community_label"": ""Senior Information Security Manager"", ""defining_skills"": [""cloud"", ""security"", ""cyber""], ""defining_responsibility_signals"": [""leadership"", ""consultation""], ""confidence"": ""high"", ""rep_rank"": 3, ""attempt"": 1, ""raw_output"": ""{\""community_id\"": 387, \""dominant_experience_level\"": \""senior\"", \""entry_accessibility\"": \""moderate_entry_barrier\"", \""community_label\"": \""Senior Information Security Manager\"", \""defining_skills\"": [\""cloud\"", \""security\"", \""cyber\""], \""defining_responsibility_signals\"": [\""leadership\"", \""consultation\""] , \""confidence\"": \""high\""}""}]",16
388,32,junior,moderate_entry_barrier,Medical Assistant,"['medical', 'certified', 'patient_care']","['health_safety', 'multidisciplinary_team']",high,1.0,1.0,1.0,1.0,3,"assistant, medical, certified, care, float, physician, medicine, family, clinic, health, patient, dublin","[{""community_id"": 388, ""dominant_experience_level"": ""junior"", ""entry_accessibility"": ""moderate_entry_barrier"", ""community_label"": ""Medical Assistant"", ""defining_skills"": [""medical"", ""certified"", ""patient_care""], ""defining_responsibility_signals"": [""health_safety"", ""multidisciplinary_team""], ""confidence"": ""high"", ""rep_rank"": 1, ""attempt"": 1, ""raw_output"": ""{\""community_id\"": 388, \""dominant_experience_level\"": \""junior\"", \""entry_accessibility\"": \""moderate_entry_barrier\"", \""community_label\"": \""Medical Assistant\"", \""defining_skills\"": [\""medical\"", \""certified\"", \""patient_care\""], \""defining_responsibility_signals\"": [\""health_safety\"", \""multidisciplinary_team\""] , \""confidence\"": \""high\""}""}, {""community_id"": 388, ""dominant_experience_level"": ""junior"", ""entry_accessibility"": ""moderate_entry_barrier"", ""community_label"": ""Medical Assistant"", ""defining_skills"": [""medical"", ""certified"", ""care""], ""defining_responsibility_signals"": [""float"", ""clinic""], ""confidence"": ""high"", ""rep_rank"": 2, ""attempt"": 1, ""raw_output"": ""{\""community_id\"": 388, \""dominant_experience_level\"": \""junior\"", \""entry_accessibility\"": \""moderate_entry_barrier\"", \""community_label\"": \""Medical Assistant\"", \""defining_skills\"": [\""medical\"", \""certified\"", \""care\""], \""defining_responsibility_signals\"": [\""float\"", \""clinic\""] , \""confidence\"": \""high\""}""}, {""community_id"": 388, ""dominant_experience_level"": ""junior"", ""entry_accessibility"": ""moderate_entry_barrier"", ""community_label"": ""Medical Assistant"", ""defining_skills"": [""clinical"", ""clerical"", ""patient_care""], ""defining_responsibility_signals"": [""back_office_tasks"", ""patient_related_tasks""], ""confidence"": ""high"", ""rep_rank"": 3, ""attempt"": 1, ""raw_output"": ""{\""community_id\"": 388, \""dominant_experience_level\"": \""junior\"", \""entry_accessibility\"": \""moderate_entry_barrier\"", \""community_label\"": \""Medical Assistant\"", \""defining_skills\"": [\""clinical\"", \""clerical\"", \""patient_care\""], \""defining_responsibility_signals\"": [\""back_office_tasks\"", \""patient_related_tasks\""] , \""confidence\"": \""high\""}""}]",16
389,32,mid,moderate_entry_barrier,Recruitment & Sales,"['recruiting', 'sales', 'consulting']","['full desk recruiter', 'remote opportunity']",high,1.0,1.0,0.667,0.889,3,"recruiter, sales, executive, recruiting, consultant, senior, technical, sourcer, coordinator, entry, recruitment, search","[{""community_id"": 389, ""dominant_experience_level"": ""mid"", ""entry_accessibility"": ""moderate_entry_barrier"", ""community_label"": ""Recruitment & Sales"", ""defining_skills"": [""recruiting"", ""sales"", ""consulting""], ""defining_responsibility_signals"": [""full desk recruiter"", ""remote opportunity""], ""confidence"": ""high"", ""rep_rank"": 1, ""attempt"": 1, ""raw_output"": ""{\""community_id\"": 389, \""dominant_experience_level\"": \""mid\"", \""entry_accessibility\"": \""moderate_entry_barrier\"", \""community_label\"": \""Recruitment & Sales\"", \""defining_skills\"": [\""recruiting\"", \""sales\"", \""consulting\""], \""defining_responsibility_signals\"": [\""full desk recruiter\"", \""remote opportunity\""] , \""confidence\"": \""high\""}""}, {""community_id"": 389, ""dominant_experience_level"": ""mid"", ""entry_accessibility"": ""moderate_entry_barrier"", ""community_label"": ""Technical Recruitment"", ""defining_skills"": [""sourcing"", ""recruitment"", ""coordination""], ""defining_responsibility_signals"": [""hybrid_work"", ""onsite_presence""], ""confidence"": ""high"", ""rep_rank"": 2, ""attempt"": 1, ""raw_output"": ""{\""community_id\"": 389, \""dominant_experience_level\"": \""mid\"", \""entry_accessibility\"": \""moderate_entry_barrier\"", \""community_label\"": \""Technical Recruitment\"", \""defining_skills\"": [\""sourcing\"", \""recruitment\"", \""coordination\""], \""defining_responsibility_signals\"": [\""hybrid_work\"", \""onsite_presence\""] , \""confidence\"": \""high\""}""}, {""community_id"": 389, ""dominant_experience_level"": ""mid"", ""entry_accessibility"": ""moderate_entry_barrier"", ""community_label"": ""Recruitment & Sales"", ""defining_skills"": [""recruiting"", ""sales"", ""executive""], ""defining_responsibility_signals"": [""leadership"", ""certification""], ""confidence"": ""high"", ""rep_rank"": 3, ""attempt"": 1, ""raw_output"": ""{\""community_id\"": 389, \""dominant_experience_level\"": \""mid\"", \""entry_accessibility\"": \""moderate_entry_barrier\"", \""community_label\"": \""Recruitment & Sales\"", \""defining_skills\"": [\""recruiting\"", \""sales\"", \""executive\""], \""defining_responsibility_signals\"": [\""leadership\"", \""certification\""] , \""confidence\"": \""high\""}""}]",16
390,32,mid,moderate_entry_barrier,Network Engineer,"['Linux', 'Cisco', 'network management']","['manage LAN/WAN network', 'enterprise wireless']",high,1.0,1.0,0.333,0.778,3,"administrator, network, engineer, system, linux, systems, database, senior, cisco, 6197, netsuite, admin","[{""community_id"": 390, ""dominant_experience_level"": ""mid"", ""entry_accessibility"": ""moderate_entry_barrier"", ""community_label"": ""Network Engineer"", ""defining_skills"": [""network management"", ""cisco"", ""palo alto firewall administration""], ""defining_responsibility_signals"": [""manage LAN/WAN network"", ""enterprise wireless""], ""confidence"": ""high"", ""rep_rank"": 1, ""attempt"": 1, ""raw_output"": ""{\""community_id\"": 390, \""dominant_experience_level\"": \""mid\"", \""entry_accessibility\"": \""moderate_entry_barrier\"", \""community_label\"": \""Network Engineer\"", \""defining_skills\"": [\""network management\"", \""cisco\"", \""palo alto firewall administration\""], \""defining_responsibility_signals\"": [\""manage LAN/WAN network\"", \""enterprise wireless\""] , \""confidence\"": \""high\""}""}, {""community_id"": 390, ""dominant_experience_level"": ""mid"", ""entry_accessibility"": ""moderate_entry_barrier"", ""community_label"": ""System & Database Admin"", ""defining_skills"": [""Linux"", ""Cisco"", ""Netsuite""], ""defining_responsibility_signals"": [""Data Migration"", ""Data Cleanup & Reporting""], ""confidence"": ""high"", ""rep_rank"": 2, ""attempt"": 1, ""raw_output"": ""{\""community_id\"": 390, \""dominant_experience_level\"": \""mid\"", \""entry_accessibility\"": \""moderate_entry_barrier\"", \""community_label\"": \""System & Database Admin\"", \""defining_skills\"": [\""Linux\"", \""Cisco\"", \""Netsuite\""], \""defining_responsibility_signals\"": [\""Data Migration\"", \""Data Cleanup & Reporting\""] , \""confidence\"": \""high\""}""}, {""community_id"": 390, ""dominant_experience_level"": ""mid"", ""entry_accessibility"": ""moderate_entry_barrier"", ""community_label"": ""Linux Systems Administrator"", ""defining_skills"": [""Linux"", ""System Administration"", ""Cisco""], ""defining_responsibility_signals"": [""System Administration"", ""Customer Support""], ""confidence"": ""high"", ""rep_rank"": 3, ""attempt"": 1, ""raw_output"": ""{\""community_id\"": 390, \""dominant_experience_level\"": \""mid\"", \""entry_accessibility\"": \""moderate_entry_barrier\"", \""community_label\"": \""Linux Systems Administrator\"", \""defining_skills\"": [\""Linux\"", \""System Administration\"", \""Cisco\""], \""defining_responsibility_signals\"": [\""System Administration\"", \""Customer Support\""] , \""confidence\"": \""high\""}""}]",16
391,32,junior,moderate_entry_barrier,Travel Occupational Therapist Assistant,"['therapy', 'evaluation', 'documentation']","['provides_skilled_services', 'develops_plan_of_care']",high,1.0,1.0,0.667,0.889,3,"occupational, therapist, assistant, therapy, ota, north, travel, home, outpatient, clear, lake, local","[{""community_id"": 391, ""dominant_experience_level"": ""junior"", ""entry_accessibility"": ""moderate_entry_barrier"", ""community_label"": ""Occupational Therapist Assistant"", ""defining_skills"": [""therapy"", ""evaluation"", ""documentation""], ""defining_responsibility_signals"": [""provides_skilled_services"", ""develops_plan_of_care""], ""confidence"": ""high"", ""rep_rank"": 1, ""attempt"": 1, ""raw_output"": ""{\""community_id\"": 391, \""dominant_experience_level\"": \""junior\"", \""entry_accessibility\"": \""moderate_entry_barrier\"", \""community_label\"": \""Occupational Therapist Assistant\"", \""defining_skills\"": [\""therapy\"", \""evaluation\"", \""documentation\""], \""defining_responsibility_signals\"": [\""provides_skilled_services\"", \""develops_plan_of_care\""] , \""confidence\"": \""high\""}""}, {""community_id"": 391, ""dominant_experience_level"": ""junior"", ""entry_accessibility"": ""moderate_entry_barrier"", ""community_label"": ""Travel Occupational Therapist Assistant"", ""defining_skills"": [""OTA"", ""travel"", ""local contract""], ""defining_responsibility_signals"": [""up to $1700/wk"", ""qualified candidates""], ""confidence"": ""high"", ""rep_rank"": 2, ""attempt"": 1, ""raw_output"": ""{\""community_id\"": 391, \""dominant_experience_level\"": \""junior\"", \""entry_accessibility\"": \""moderate_entry_barrier\"", \""community_label\"": \""Travel Occupational Therapist Assistant\"", \""defining_skills\"": [\""OTA\"", \""travel\"", \""local contract\""], \""defining_responsibility_signals\"": [\""up to $1700/wk\"", \""qualified candidates\""] , \""confidence\"": \""high\""}""}, {""community_id"": 391, ""dominant_experience_level"": ""junior"", ""entry_accessibility"": ""moderate_entry_barrier"", ""community_label"": ""Travel Occupational Therapist Assistant"", ""defining_skills"": [""OTA certification"", ""Travel experience"", ""Home health care""], ""defining_responsibility_signals"": [""Provide therapy services"", ""Work in outpatient settings""], ""confidence"": ""high"", ""rep_rank"": 3, ""attempt"": 1, ""raw_output"": ""{\""community_id\"": 391, \""dominant_experience_level\"": \""junior\"", \""entry_accessibility\"": \""moderate_entry_barrier\"", \""community_label\"": \""Travel Occupational Therapist Assistant\"", \""defining_skills\"": [\""OTA certification\"", \""Travel experience\"", \""Home health care\""], \""defining_responsibility_signals\"": [\""Provide therapy services\"", \""Work in outpatient settings\""] , \""confidence\"": \""high\""}""}]",16
392,32,mid,moderate_entry_barrier,Software Engineer,"['systems', 'software', 'Python']","['Version Control (Git)', 'Cross-Platform Development (Windows/Linux)']",high,1.0,1.0,0.667,0.889,3,"engineer, software, manager, developer, application, engineering, senior, development, system, salesforce, systems, specialist","[{""community_id"": 392, ""dominant_experience_level"": ""mid"", ""entry_accessibility"": ""moderate_entry_barrier"", ""community_label"": ""Software Engineer"", ""defining_skills"": [""Python"", ""C"", ""C#/C++/Java""], ""defining_responsibility_signals"": [""Version Control (Git)"", ""Cross-Platform Development (Windows/Linux)""], ""confidence"": ""high"", ""rep_rank"": 1, ""attempt"": 1, ""raw_output"": ""{\""community_id\"": 392, \""dominant_experience_level\"": \""mid\"", \""entry_accessibility\"": \""moderate_entry_barrier\"", \""community_label\"": \""Software Engineer\"", \""defining_skills\"": [\""Python\"", \""C\"", \""C#/C++/Java\""], \""defining_responsibility_signals\"": [\""Version Control (Git)\"", \""Cross-Platform Development (Windows/Linux)\""] , \""confidence\"": \""high\""}""}, {""community_id"": 392, ""dominant_experience_level"": ""mid"", ""entry_accessibility"": ""moderate_entry_barrier"", ""community_label"": ""Systems Engineer"", ""defining_skills"": [""systems"", ""software"", ""engineering""], ""defining_responsibility_signals"": [""innovate"", ""design_develop_integrate""], ""confidence"": ""high"", ""rep_rank"": 2, ""attempt"": 1, ""raw_output"": ""{\""community_id\"": 392, \""dominant_experience_level\"": \""mid\"", \""entry_accessibility\"": \""moderate_entry_barrier\"", \""community_label\"": \""Systems Engineer\"", \""defining_skills\"": [\""systems\"", \""software\"", \""engineering\""], \""defining_responsibility_signals\"": [\""innovate\"", \""design_develop_integrate\""] , \""confidence\"": \""high\""}""}, {""community_id"": 392, ""dominant_experience_level"": ""mid"", ""entry_accessibility"": ""moderate_entry_barrier"", ""community_label"": ""Software Engineer"", ""defining_skills"": [""software"", ""simulation"", ""systems""], ""defining_responsibility_signals"": [""clearance"", ""support""], ""confidence"": ""high"", ""rep_rank"": 3, ""attempt"": 1, ""raw_output"": ""{\""community_id\"": 392, \""dominant_experience_level\"": \""mid\"", \""entry_accessibility\"": \""moderate_entry_barrier\"", \""community_label\"": \""Software Engineer\"", \""defining_skills\"": [\""software\"", \""simulation\"", \""systems\""], \""defining_responsibility_signals\"": [\""clearance\"", \""support\""] , \""confidence\"": \""high\""}""}]",16
393,32,mid,moderate_entry_barrier,Cybersecurity & Intelligence,"['security', 'clearance', 'information systems']","['readiness', 'manager']",high,1.0,1.0,0.667,0.889,3,"security, engineer, analyst, clearance, specialist, officer, readiness, senior, information, systems, manager, cleared","[{""community_id"": 393, ""dominant_experience_level"": ""mid"", ""entry_accessibility"": ""moderate_entry_barrier"", ""community_label"": ""Cybersecurity & Intelligence"", ""defining_skills"": [""security"", ""clearance"", ""information systems""], ""defining_responsibility_signals"": [""readiness"", ""manager""], ""confidence"": ""high"", ""rep_rank"": 1, ""attempt"": 1, ""raw_output"": ""{\""community_id\"": 393, \""dominant_experience_level\"": \""mid\"", \""entry_accessibility\"": \""moderate_entry_barrier\"", \""community_label\"": \""Cybersecurity & Intelligence\"", \""defining_skills\"": [\""security\"", \""clearance\"", \""information systems\""], \""defining_responsibility_signals\"": [\""readiness\"", \""manager\""] , \""confidence\"": \""high\""}""}, {""community_id"": 393, ""dominant_experience_level"": ""mid"", ""entry_accessibility"": ""moderate_entry_barrier"", ""community_label"": ""Cybersecurity"", ""defining_skills"": [""security clearance"", ""TS/SCI with poly"", ""cybersecurity experience""], ""defining_responsibility_signals"": [""leadership terms"", ""certification""], ""confidence"": ""high"", ""rep_rank"": 2, ""attempt"": 1, ""raw_output"": ""{\""community_id\"": 393, \""dominant_experience_level\"": \""mid\"", \""entry_accessibility\"": \""moderate_entry_barrier\"", \""community_label\"": \""Cybersecurity\"", \""defining_skills\"": [\""security clearance\"", \""TS/SCI with poly\"", \""cybersecurity experience\""], \""defining_responsibility_signals\"": [\""leadership terms\"", \""certification\""] , \""confidence\"": \""high\""}""}, {""community_id"": 393, ""dominant_experience_level"": ""mid"", ""entry_accessibility"": ""moderate_entry_barrier"", ""community_label"": ""Cybersecurity & Intelligence"", ""defining_skills"": [""security"", ""clearance"", ""information systems""], ""defining_responsibility_signals"": [""readiness"", ""managerial""], ""confidence"": ""high"", ""rep_rank"": 3, ""attempt"": 1, ""raw_output"": ""{\""community_id\"": 393, \""dominant_experience_level\"": \""mid\"", \""entry_accessibility\"": \""moderate_entry_barrier\"", \""community_label\"": \""Cybersecurity & Intelligence\"", \""defining_skills\"": [\""security\"", \""clearance\"", \""information systems\""], \""defining_responsibility_signals\"": [\""readiness\"", \""managerial\""] , \""confidence\"": \""high\""}""}]",16
394,32,mid,moderate_entry_barrier,Insurance Defense Litigation,"['litigation', 'insurance defense', 'research and writing']","['defense', 'liability']",high,1.0,1.0,1.0,1.0,3,"attorney, liability, defense, general, insurance, litigation, workers, compensation, professional, employment, construction, california","[{""community_id"": 394, ""dominant_experience_level"": ""mid"", ""entry_accessibility"": ""moderate_entry_barrier"", ""community_label"": ""Insurance Defense Litigation"", ""defining_skills"": [""litigation"", ""insurance defense"", ""research and writing""], ""defining_responsibility_signals"": [""defense"", ""liability""], ""confidence"": ""high"", ""rep_rank"": 1, ""attempt"": 1, ""raw_output"": ""{\""community_id\"": 394, \""dominant_experience_level\"": \""mid\"", \""entry_accessibility\"": \""moderate_entry_barrier\"", \""community_label\"": \""Insurance Defense Litigation\"", \""defining_skills\"": [\""litigation\"", \""insurance defense\"", \""research and writing\""], \""defining_responsibility_signals\"": [\""defense\"", \""liability\""] , \""confidence\"": \""high\""}""}, {""community_id"": 394, ""dominant_experience_level"": ""mid"", ""entry_accessibility"": ""moderate_entry_barrier"", ""community_label"": ""Insurance Defense Litigation"", ""defining_skills"": [""litigation"", ""insurance defense"", ""research and writing""], ""defining_responsibility_signals"": [""defense"", ""liability""], ""confidence"": ""high"", ""rep_rank"": 2, ""attempt"": 1, ""raw_output"": ""{\""community_id\"": 394, \""dominant_experience_level\"": \""mid\"", \""entry_accessibility\"": \""moderate_entry_barrier\"", \""community_label\"": \""Insurance Defense Litigation\"", \""defining_skills\"": [\""litigation\"", \""insurance defense\"", \""research and writing\""], \""defining_responsibility_signals\"": [\""defense\"", \""liability\""] , \""confidence\"": \""high\""}""}, {""community_id"": 394, ""dominant_experience_level"": ""mid"", ""entry_accessibility"": ""moderate_entry_barrier"", ""community_label"": ""Insurance Defense Litigation"", ""defining_skills"": [""litigation"", ""insurance defense"", ""research and writing""], ""defining_responsibility_signals"": [""defense"", ""liability""], ""confidence"": ""high"", ""rep_rank"": 3, ""attempt"": 1, ""raw_output"": ""{\""community_id\"": 394, \""dominant_experience_level\"": \""mid\"", \""entry_accessibility\"": \""moderate_entry_barrier\"", \""community_label\"": \""Insurance Defense Litigation\"", \""defining_skills\"": [\""litigation\"", \""insurance defense\"", \""research and writing\""], \""defining_responsibility_signals\"": [\""defense\"", \""liability\""] , \""confidence\"": \""high\""}""}]",16
395,32,junior,moderate_entry_barrier,Mortgage Professionals,"['loan processing', 'mortgage underwriting', 'commercial lending']","['loan process', 'loan approval']",high,1.0,1.0,1.0,1.0,3,"loan, mortgage, commercial, officer, specialist, processor, assistant, underwriting, program, underwriter, servicing, representative","[{""community_id"": 395, ""dominant_experience_level"": ""junior"", ""entry_accessibility"": ""moderate_entry_barrier"", ""community_label"": ""Mortgage Professionals"", ""defining_skills"": [""mortgage"", ""loan"", ""underwriting""], ""defining_responsibility_signals"": [""loan process"", ""loan approval""], ""confidence"": ""high"", ""rep_rank"": 1, ""attempt"": 1, ""raw_output"": ""{\""community_id\"": 395, \""dominant_experience_level\"": \""junior\"", \""entry_accessibility\"": \""moderate_entry_barrier\"", \""community_label\"": \""Mortgage Professionals\"", \""defining_skills\"": [\""mortgage\"", \""loan\"", \""underwriting\""], \""defining_responsibility_signals\"": [\""loan process\"", \""loan approval\""] , \""confidence\"": \""high\""}""}, {""community_id"": 395, ""dominant_experience_level"": ""junior"", ""entry_accessibility"": ""moderate_entry_barrier"", ""community_label"": ""Mortgage Professionals"", ""defining_skills"": [""loan processing"", ""mortgage underwriting"", ""commercial lending""], ""defining_responsibility_signals"": [""customer service"", ""loan origination""], ""confidence"": ""high"", ""rep_rank"": 2, ""attempt"": 1, ""raw_output"": ""{\""community_id\"": 395, \""dominant_experience_level\"": \""junior\"", \""entry_accessibility\"": \""moderate_entry_barrier\"", \""community_label\"": \""Mortgage Professionals\"", \""defining_skills\"": [\""loan processing\"", \""mortgage underwriting\"", \""commercial lending\""], \""defining_responsibility_signals\"": [\""customer service\"", \""loan origination\""] , \""confidence\"": \""high\""}""}, {""community_id"": 395, ""dominant_experience_level"": ""junior"", ""entry_accessibility"": ""moderate_entry_barrier"", ""community_label"": ""Mortgage Professionals"", ""defining_skills"": [""loan processing"", ""mortgage underwriting"", ""commercial lending""], ""defining_responsibility_signals"": [""loan officer"", ""mortgage specialist""], ""confidence"": ""high"", ""rep_rank"": 3, ""attempt"": 1, ""raw_output"": ""{\""community_id\"": 395, \""dominant_experience_level\"": \""junior\"", \""entry_accessibility\"": \""moderate_entry_barrier\"", \""community_label\"": \""Mortgage Professionals\"", \""defining_skills\"": [\""loan processing\"", \""mortgage underwriting\"", \""commercial lending\""], \""defining_responsibility_signals\"": [\""loan officer\"", \""mortgage specialist\""] , \""confidence\"": \""high\""}""}]",16
396,32,mid,moderate_entry_barrier,Benefits & HR,"['benefits administration', 'benefits', 'HR']","['manage', 'support']",high,1.0,1.0,0.333,0.778,3,"benefits, analyst, specialist, senior, support, manager, sales, payroll, administrator, coordinator, advisor, supervisor","[{""community_id"": 396, ""dominant_experience_level"": ""mid"", ""entry_accessibility"": ""moderate_entry_barrier"", ""community_label"": ""Benefits & HR"", ""defining_skills"": [""benefits"", ""HR"", ""analysis""], ""defining_responsibility_signals"": [""manage"", ""support""], ""confidence"": ""high"", ""rep_rank"": 1, ""attempt"": 1, ""raw_output"": ""{\""community_id\"": 396, \""dominant_experience_level\"": \""mid\"", \""entry_accessibility\"": \""moderate_entry_barrier\"", \""community_label\"": \""Benefits & HR\"", \""defining_skills\"": [\""benefits\"", \""HR\"", \""analysis\""], \""defining_responsibility_signals\"": [\""manage\"", \""support\""] , \""confidence\"": \""high\""}""}, {""community_id"": 396, ""dominant_experience_level"": ""mid"", ""entry_accessibility"": ""moderate_entry_barrier"", ""community_label"": ""Benefits & HR Management"", ""defining_skills"": [""benefits administration"", ""HR management"", ""employee relations""], ""defining_responsibility_signals"": [""benefits planning"", ""employee benefits management""], ""confidence"": ""high"", ""rep_rank"": 2, ""attempt"": 1, ""raw_output"": ""{\""community_id\"": 396, \""dominant_experience_level\"": \""mid\"", \""entry_accessibility\"": \""moderate_entry_barrier\"", \""community_label\"": \""Benefits & HR Management\"", \""defining_skills\"": [\""benefits administration\"", \""HR management\"", \""employee relations\""], \""defining_responsibility_signals\"": [\""benefits planning\"", \""employee benefits management\""] , \""confidence\"": \""high\""}""}, {""community_id"": 396, ""dominant_experience_level"": ""mid"", ""entry_accessibility"": ""moderate_entry_barrier"", ""community_label"": ""Benefits & Admin"", ""defining_skills"": [""benefits administration"", ""HR support"", ""payroll""], ""defining_responsibility_signals"": [""coordinate benefits"", ""assist HR functions""], ""confidence"": ""high"", ""rep_rank"": 3, ""attempt"": 1, ""raw_output"": ""{\""community_id\"": 396, \""dominant_experience_level\"": \""mid\"", \""entry_accessibility\"": \""moderate_entry_barrier\"", \""community_label\"": \""Benefits & Admin\"", \""defining_skills\"": [\""benefits administration\"", \""HR support\"", \""payroll\""], \""defining_responsibility_signals\"": [\""coordinate benefits\"", \""assist HR functions\""] , \""confidence\"": \""high\""}""}]",16
397,32,mid,moderate_entry_barrier,Contract Administration,"['contract management', 'legal document drafting', 'reviewing and revising']","['assist with contract matters', 'draft, review, and revise legal documents']",high,1.0,1.0,0.333,0.778,3,"contract, contracts, administrator, manager, specialist, federal, senior, 00522, services, officer, analyst, fps","[{""community_id"": 397, ""dominant_experience_level"": ""mid"", ""entry_accessibility"": ""moderate_entry_barrier"", ""community_label"": ""Contract Administration"", ""defining_skills"": [""contract management"", ""legal document drafting"", ""reviewing and revising""], ""defining_responsibility_signals"": [""assist with contract matters"", ""draft, review, and revise legal documents""], ""confidence"": ""high"", ""rep_rank"": 1, ""attempt"": 1, ""raw_output"": ""{\""community_id\"": 397, \""dominant_experience_level\"": \""mid\"", \""entry_accessibility\"": \""moderate_entry_barrier\"", \""community_label\"": \""Contract Administration\"", \""defining_skills\"": [\""contract management\"", \""legal document drafting\"", \""reviewing and revising\""], \""defining_responsibility_signals\"": [\""assist with contract matters\"", \""draft, review, and revise legal documents\""] , \""confidence\"": \""high\""}""}, {""community_id"": 397, ""dominant_experience_level"": ""mid"", ""entry_accessibility"": ""moderate_entry_barrier"", ""community_label"": ""Federal Contract Administrators"", ""defining_skills"": [""contract management"", ""federal services"", ""administrative specialist""], ""defining_responsibility_signals"": [""contract administration"", ""remote work""], ""confidence"": ""high"", ""rep_rank"": 2, ""attempt"": 1, ""raw_output"": ""{\""community_id\"": 397, \""dominant_experience_level\"": \""mid\"", \""entry_accessibility\"": \""moderate_entry_barrier\"", \""community_label\"": \""Federal Contract Administrators\"", \""defining_skills\"": [\""contract management\"", \""federal services\"", \""administrative specialist\""], \""defining_responsibility_signals\"": [\""contract administration\"", \""remote work\""] , \""confidence\"": \""high\""}""}, {""community_id"": 397, ""dominant_experience_level"": ""mid"", ""entry_accessibility"": ""moderate_entry_barrier"", ""community_label"": ""Contracts Specialist"", ""defining_skills"": [""contract administration"", ""grant development"", ""federal regulations""], ""defining_responsibility_signals"": [""technical assistance"", ""team-oriented environment""], ""confidence"": ""high"", ""rep_rank"": 3, ""attempt"": 1, ""raw_output"": ""{\""community_id\"": 397, \""dominant_experience_level\"": \""mid\"", \""entry_accessibility\"": \""moderate_entry_barrier\"", \""community_label\"": \""Contracts Specialist\"", \""defining_skills\"": [\""contract administration\"", \""grant development\"", \""federal regulations\""], \""defining_responsibility_signals\"": [\""technical assistance\"", \""team-oriented environment\""] , \""confidence\"": \""high\""}""}]",16
398,32,mid,moderate_entry_barrier,Specialty Medical Representative,"['medical', 'pharmaceutical', 'sales']","['represent', 'manage']",high,1.0,1.0,0.667,0.889,3,"specialty, representative, manager, psychiatry, dermatology, operations, gastroenterology, medical, data, immunology, director, scientist","[{""community_id"": 398, ""dominant_experience_level"": ""mid"", ""entry_accessibility"": ""moderate_entry_barrier"", ""community_label"": ""Specialty Medical Representative"", ""defining_skills"": [""medical"", ""pharmaceutical"", ""sales""], ""defining_responsibility_signals"": [""represent"", ""manage""], ""confidence"": ""high"", ""rep_rank"": 1, ""attempt"": 1, ""raw_output"": ""{\""community_id\"": 398, \""dominant_experience_level\"": \""mid\"", \""entry_accessibility\"": \""moderate_entry_barrier\"", \""community_label\"": \""Specialty Medical Representative\"", \""defining_skills\"": [\""medical\"", \""pharmaceutical\"", \""sales\""], \""defining_responsibility_signals\"": [\""represent\"", \""manage\""] , \""confidence\"": \""high\""}""}, {""community_id"": 398, ""dominant_experience_level"": ""mid"", ""entry_accessibility"": ""moderate_entry_barrier"", ""community_label"": ""Medical Specialty Representatives"", ""defining_skills"": [""pharmaceutical industry knowledge"", ""sales and marketing"", ""medical science background""], ""defining_responsibility_signals"": [""represent products to healthcare professionals"", ""manage territory and sales targets""], ""confidence"": ""high"", ""rep_rank"": 2, ""attempt"": 1, ""raw_output"": ""{\""community_id\"": 398, \""dominant_experience_level\"": \""mid\"", \""entry_accessibility\"": \""moderate_entry_barrier\"", \""community_label\"": \""Medical Specialty Representatives\"", \""defining_skills\"": [\""pharmaceutical industry knowledge\"", \""sales and marketing\"", \""medical science background\""], \""defining_responsibility_signals\"": [\""represent products to healthcare professionals\"", \""manage territory and sales targets\""] , \""confidence\"": \""high\""}""}, {""community_id"": 398, ""dominant_experience_level"": ""mid"", ""entry_accessibility"": ""moderate_entry_barrier"", ""community_label"": ""Specialty Medical Representative"", ""defining_skills"": [""medical"", ""pharmaceutical"", ""sales""], ""defining_responsibility_signals"": [""represent"", ""manage""], ""confidence"": ""high"", ""rep_rank"": 3, ""attempt"": 1, ""raw_output"": ""{\""community_id\"": 398, \""dominant_experience_level\"": \""mid\"", \""entry_accessibility\"": \""moderate_entry_barrier\"", \""community_label\"": \""Specialty Medical Representative\"", \""defining_skills\"": [\""medical\"", \""pharmaceutical\"", \""sales\""], \""defining_responsibility_signals\"": [\""represent\"", \""manage\""] , \""confidence\"": \""high\""}""}]",16
399,32,junior,moderate_entry_barrier,Retail Sales,"['Sales', 'Customer Service', 'Operations']","['Leadership', 'Certification']",high,1.0,1.0,1.0,1.0,3,"store, retail, lead, sales, lessons, operations, manager, 440, customer, service, 531, 615","[{""community_id"": 399, ""dominant_experience_level"": ""junior"", ""entry_accessibility"": ""moderate_entry_barrier"", ""community_label"": ""Retail Sales"", ""defining_skills"": [""Sales"", ""Customer Service"", ""Operations""], ""defining_responsibility_signals"": [""Leadership"", ""Certification""], ""confidence"": ""high"", ""rep_rank"": 1, ""attempt"": 1, ""raw_output"": ""{\""community_id\"": 399, \""dominant_experience_level\"": \""junior\"", \""entry_accessibility\"": \""moderate_entry_barrier\"", \""community_label\"": \""Retail Sales\"", \""defining_skills\"": [\""Sales\"", \""Customer Service\"", \""Operations\""], \""defining_responsibility_signals\"": [\""Leadership\"", \""Certification\""] , \""confidence\"": \""high\""}""}, {""community_id"": 399, ""dominant_experience_level"": ""junior"", ""entry_accessibility"": ""moderate_entry_barrier"", ""community_label"": ""Retail Sales"", ""defining_skills"": [""Sales"", ""Customer Service"", ""Operations""], ""defining_responsibility_signals"": [""Leadership"", ""Certification""], ""confidence"": ""high"", ""rep_rank"": 2, ""attempt"": 1, ""raw_output"": ""{\""community_id\"": 399, \""dominant_experience_level\"": \""junior\"", \""entry_accessibility\"": \""moderate_entry_barrier\"", \""community_label\"": \""Retail Sales\"", \""defining_skills\"": [\""Sales\"", \""Customer Service\"", \""Operations\""], \""defining_responsibility_signals\"": [\""Leadership\"", \""Certification\""] , \""confidence\"": \""high\""}""}, {""community_id"": 399, ""dominant_experience_level"": ""junior"", ""entry_accessibility"": ""moderate_entry_barrier"", ""community_label"": ""Retail Sales"", ""defining_skills"": [""Sales"", ""Customer Service"", ""Operations""], ""defining_responsibility_signals"": [""Leadership"", ""Certification""], ""confidence"": ""high"", ""rep_rank"": 3, ""attempt"": 1, ""raw_output"": ""{\""community_id\"": 399, \""dominant_experience_level\"": \""junior\"", \""entry_accessibility\"": \""moderate_entry_barrier\"", \""community_label\"": \""Retail Sales\"", \""defining_skills\"": [\""Sales\"", \""Customer Service\"", \""Operations\""], \""defining_responsibility_signals\"": [\""Leadership\"", \""Certification\""] , \""confidence\"": \""high\""}""}]",16
400,32,mid,moderate_entry_barrier,HOA Management,"['onsite', 'manager', 'assistant']","['leadership', 'community']",high,1.0,1.0,0.667,0.889,3,"onsite, manager, community, association, atx2024, maintenance, assistant, ofl2024, general, technician, eco2024, hoa","[{""community_id"": 400, ""dominant_experience_level"": ""mid"", ""entry_accessibility"": ""moderate_entry_barrier"", ""community_label"": ""HOA Management"", ""defining_skills"": [""onsite"", ""manager"", ""assistant""], ""defining_responsibility_signals"": [""community"", ""maintenance""], ""confidence"": ""high"", ""rep_rank"": 1, ""attempt"": 1, ""raw_output"": ""{\""community_id\"": 400, \""dominant_experience_level\"": \""mid\"", \""entry_accessibility\"": \""moderate_entry_barrier\"", \""community_label\"": \""HOA Management\"", \""defining_skills\"": [\""onsite\"", \""manager\"", \""assistant\""], \""defining_responsibility_signals\"": [\""community\"", \""maintenance\""] , \""confidence\"": \""high\""}""}, {""community_id"": 400, ""dominant_experience_level"": ""mid"", ""entry_accessibility"": ""moderate_entry_barrier"", ""community_label"": ""Community Association Manager"", ""defining_skills"": [""onsite management"", ""community association"", ""maintenance""], ""defining_responsibility_signals"": [""leadership"", ""certification""], ""confidence"": ""high"", ""rep_rank"": 2, ""attempt"": 1, ""raw_output"": ""{\""community_id\"": 400, \""dominant_experience_level\"": \""mid\"", \""entry_accessibility\"": \""moderate_entry_barrier\"", \""community_label\"": \""Community Association Manager\"", \""defining_skills\"": [\""onsite management\"", \""community association\"", \""maintenance\""], \""defining_responsibility_signals\"": [\""leadership\"", \""certification\""] , \""confidence\"": \""high\""}""}, {""community_id"": 400, ""dominant_experience_level"": ""mid"", ""entry_accessibility"": ""moderate_entry_barrier"", ""community_label"": ""HOA Management"", ""defining_skills"": [""community management"", ""technology"", ""rapid growth""], ""defining_responsibility_signals"": [""leadership"", ""career advancement""], ""confidence"": ""high"", ""rep_rank"": 3, ""attempt"": 1, ""raw_output"": ""{\""community_id\"": 400, \""dominant_experience_level\"": \""mid\"", \""entry_accessibility\"": \""moderate_entry_barrier\"", \""community_label\"": \""HOA Management\"", \""defining_skills\"": [\""community management\"", \""technology\"", \""rapid growth\""], \""defining_responsibility_signals\"": [\""leadership\"", \""career advancement\""] , \""confidence\"": \""high\""}""}]",17
401,32,mid,moderate_entry_barrier,Fitness Specialist,"['exercise', 'group training', 'health management']","['supervise', 'monitor exercise']",high,1.0,1.0,0.667,0.889,3,"fitness, specialist, trainer, personal, exercise, substitute, group, instructor, health, manager, lead, training","[{""community_id"": 401, ""dominant_experience_level"": ""mid"", ""entry_accessibility"": ""moderate_entry_barrier"", ""community_label"": ""Fitness Specialist"", ""defining_skills"": [""exercise"", ""group training"", ""health management""], ""defining_responsibility_signals"": [""supervise"", ""monitor exercise""], ""confidence"": ""high"", ""rep_rank"": 1, ""attempt"": 1, ""raw_output"": ""{\""community_id\"": 401, \""dominant_experience_level\"": \""mid\"", \""entry_accessibility\"": \""moderate_entry_barrier\"", \""community_label\"": \""Fitness Specialist\"", \""defining_skills\"": [\""exercise\"", \""group training\"", \""health management\""], \""defining_responsibility_signals\"": [\""supervise\"", \""monitor exercise\""] , \""confidence\"": \""high\""}""}, {""community_id"": 401, ""dominant_experience_level"": ""mid"", ""entry_accessibility"": ""moderate_entry_barrier"", ""community_label"": ""Fitness Specialist"", ""defining_skills"": [""exercise"", ""group training"", ""health management""], ""defining_responsibility_signals"": [""supervise"", ""monitor""], ""confidence"": ""high"", ""rep_rank"": 2, ""attempt"": 1, ""raw_output"": ""{\""community_id\"": 401, \""dominant_experience_level\"": \""mid\"", \""entry_accessibility\"": \""moderate_entry_barrier\"", \""community_label\"": \""Fitness Specialist\"", \""defining_skills\"": [\""exercise\"", \""group training\"", \""health management\""], \""defining_responsibility_signals\"": [\""supervise\"", \""monitor\""] , \""confidence\"": \""high\""}""}, {""community_id"": 401, ""dominant_experience_level"": ""mid"", ""entry_accessibility"": ""moderate_entry_barrier"", ""community_label"": ""Fitness Trainer"", ""defining_skills"": [""personal_training"", ""group_exercise"", ""member_retention""], ""defining_responsibility_signals"": [""deliver_positive_fitness_experience"", ""quality_training_sessions""], ""confidence"": ""high"", ""rep_rank"": 3, ""attempt"": 1, ""raw_output"": ""{\""community_id\"": 401, \""dominant_experience_level\"": \""mid\"", \""entry_accessibility\"": \""moderate_entry_barrier\"", \""community_label\"": \""Fitness Trainer\"", \""defining_skills\"": [\""personal_training\"", \""group_exercise\"", \""member_retention\""], \""defining_responsibility_signals\"": [\""deliver_positive_fitness_experience\"", \""quality_training_sessions\""] , \""confidence\"": \""high\""}""}]",17
402,32,junior,moderate_entry_barrier,Medical Support,"['phlebotomy', 'donor screening', 'medical training']","['leadership', 'certification']",high,1.0,1.0,0.333,0.778,3,"center, phlebotomist, training, nurse, medical, required, manager, relocation, entry, donor, plasma, screener","[{""community_id"": 402, ""dominant_experience_level"": ""junior"", ""entry_accessibility"": ""moderate_entry_barrier"", ""community_label"": ""Medical Support"", ""defining_skills"": [""phlebotomy"", ""donor screening"", ""medical customer service""], ""defining_responsibility_signals"": [""training"", ""relocation""], ""confidence"": ""high"", ""rep_rank"": 1, ""attempt"": 1, ""raw_output"": ""{\""community_id\"": 402, \""dominant_experience_level\"": \""junior\"", \""entry_accessibility\"": \""moderate_entry_barrier\"", \""community_label\"": \""Medical Support\"", \""defining_skills\"": [\""phlebotomy\"", \""donor screening\"", \""medical customer service\""], \""defining_responsibility_signals\"": [\""training\"", \""relocation\""] , \""confidence\"": \""high\""}""}, {""community_id"": 402, ""dominant_experience_level"": ""junior"", ""entry_accessibility"": ""moderate_entry_barrier"", ""community_label"": ""Donor Center Nurse"", ""defining_skills"": [""phlebotomy"", ""donor screening"", ""medical training""], ""defining_responsibility_signals"": [""leadership"", ""certification""], ""confidence"": ""high"", ""rep_rank"": 2, ""attempt"": 1, ""raw_output"": ""{\""community_id\"": 402, \""dominant_experience_level\"": \""junior\"", \""entry_accessibility\"": \""moderate_entry_barrier\"", \""community_label\"": \""Donor Center Nurse\"", \""defining_skills\"": [\""phlebotomy\"", \""donor screening\"", \""medical training\""], \""defining_responsibility_signals\"": [\""leadership\"", \""certification\""] , \""confidence\"": \""high\""}""}, {""community_id"": 402, ""dominant_experience_level"": ""junior"", ""entry_accessibility"": ""moderate_entry_barrier"", ""community_label"": ""Plasma Center Nurse"", ""defining_skills"": [""phlebotomy"", ""donor screening"", ""medical training""], ""defining_responsibility_signals"": [""leadership"", ""certification""], ""confidence"": ""high"", ""rep_rank"": 3, ""attempt"": 1, ""raw_output"": ""{\""community_id\"": 402, \""dominant_experience_level\"": \""junior\"", \""entry_accessibility\"": \""moderate_entry_barrier\"", \""community_label\"": \""Plasma Center Nurse\"", \""defining_skills\"": [\""phlebotomy\"", \""donor screening\"", \""medical training\""], \""defining_responsibility_signals\"": [\""leadership\"", \""certification\""] , \""confidence\"": \""high\""}""}]",17
403,31,junior,moderate_entry_barrier,Sales & Business Development,"['customer service', 'sales', 'business development']","['customer acquisition', 'business growth']",high,1.0,1.0,0.333,0.778,3,"sales, representative, customer, specialist, development, business, support, inside, service, manager, director, lead","[{""community_id"": 403, ""dominant_experience_level"": ""junior"", ""entry_accessibility"": ""moderate_entry_barrier"", ""community_label"": ""Sales & Business Development"", ""defining_skills"": [""sales"", ""business development"", ""customer service""], ""defining_responsibility_signals"": [""customer acquisition"", ""business growth""], ""confidence"": ""high"", ""rep_rank"": 1, ""attempt"": 1, ""raw_output"": ""{\""community_id\"": 403, \""dominant_experience_level\"": \""junior\"", \""entry_accessibility\"": \""moderate_entry_barrier\"", \""community_label\"": \""Sales & Business Development\"", \""defining_skills\"": [\""sales\"", \""business development\"", \""customer service\""], \""defining_responsibility_signals\"": [\""customer acquisition\"", \""business growth\""] , \""confidence\"": \""high\""}""}, {""community_id"": 403, ""dominant_experience_level"": ""junior"", ""entry_accessibility"": ""moderate_entry_barrier"", ""community_label"": ""Customer Service"", ""defining_skills"": [""customer service"", ""inquiry resolution"", ""customer account management""], ""defining_responsibility_signals"": [""triage"", ""research root cause""], ""confidence"": ""high"", ""rep_rank"": 2, ""attempt"": 1, ""raw_output"": ""{\""community_id\"": 403, \""dominant_experience_level\"": \""junior\"", \""entry_accessibility\"": \""moderate_entry_barrier\"", \""community_label\"": \""Customer Service\"", \""defining_skills\"": [\""customer service\"", \""inquiry resolution\"", \""customer account management\""], \""defining_responsibility_signals\"": [\""triage\"", \""research root cause\""] , \""confidence\"": \""high\""}""}, {""community_id"": 403, ""dominant_experience_level"": ""junior"", ""entry_accessibility"": ""moderate_entry_barrier"", ""community_label"": ""Sales & Customer Service"", ""defining_skills"": [""sales"", ""customer service"", ""business development""], ""defining_responsibility_signals"": [""customer support"", ""inside sales""], ""confidence"": ""high"", ""rep_rank"": 3, ""attempt"": 1, ""raw_output"": ""{\""community_id\"": 403, \""dominant_experience_level\"": \""junior\"", \""entry_accessibility\"": \""moderate_entry_barrier\"", \""community_label\"": \""Sales & Customer Service\"", \""defining_skills\"": [\""sales\"", \""customer service\"", \""business development\""], \""defining_responsibility_signals\"": [\""customer support\"", \""inside sales\""] , \""confidence\"": \""high\""}""}]",17
404,31,junior,moderate_entry_barrier,Inventory Control Clerk,"['inventory management', 'supply chain', 'record keeping']","['train others', 'verify inventory changes']",high,1.0,1.0,0.333,0.778,3,"inventory, specialist, control, clerk, supply, chain, operator, analyst, cycle, counter, forklift, production","[{""community_id"": 404, ""dominant_experience_level"": ""junior"", ""entry_accessibility"": ""moderate_entry_barrier"", ""community_label"": ""Inventory Control Clerk"", ""defining_skills"": [""inventory management"", ""record keeping"", ""procedure following""], ""defining_responsibility_signals"": [""train others"", ""verify inventory changes""], ""confidence"": ""high"", ""rep_rank"": 1, ""attempt"": 1, ""raw_output"": ""{\""community_id\"": 404, \""dominant_experience_level\"": \""junior\"", \""entry_accessibility\"": \""moderate_entry_barrier\"", \""community_label\"": \""Inventory Control Clerk\"", \""defining_skills\"": [\""inventory management\"", \""record keeping\"", \""procedure following\""], \""defining_responsibility_signals\"": [\""train others\"", \""verify inventory changes\""] , \""confidence\"": \""high\""}""}, {""community_id"": 404, ""dominant_experience_level"": ""junior"", ""entry_accessibility"": ""moderate_entry_barrier"", ""community_label"": ""Inventory & Supply Chain Operations"", ""defining_skills"": [""inventory management"", ""supply chain"", ""warehouse operations""], ""defining_responsibility_signals"": [""inventory control"", ""supply chain management""], ""confidence"": ""high"", ""rep_rank"": 2, ""attempt"": 1, ""raw_output"": ""{\""community_id\"": 404, \""dominant_experience_level\"": \""junior\"", \""entry_accessibility\"": \""moderate_entry_barrier\"", \""community_label\"": \""Inventory & Supply Chain Operations\"", \""defining_skills\"": [\""inventory management\"", \""supply chain\"", \""warehouse operations\""], \""defining_responsibility_signals\"": [\""inventory control\"", \""supply chain management\""] , \""confidence\"": \""high\""}""}, {""community_id"": 404, ""dominant_experience_level"": ""junior"", ""entry_accessibility"": ""moderate_entry_barrier"", ""community_label"": ""Supply Chain Operations"", ""defining_skills"": [""inventory management"", ""supply chain"", ""production operations""], ""defining_responsibility_signals"": [""control"", ""clerk duties""], ""confidence"": ""high"", ""rep_rank"": 3, ""attempt"": 1, ""raw_output"": ""{\""community_id\"": 404, \""dominant_experience_level\"": \""junior\"", \""entry_accessibility\"": \""moderate_entry_barrier\"", \""community_label\"": \""Supply Chain Operations\"", \""defining_skills\"": [\""inventory management\"", \""supply chain\"", \""production operations\""], \""defining_responsibility_signals\"": [\""control\"", \""clerk duties\""] , \""confidence\"": \""high\""}""}]",17
405,31,senior,moderate_entry_barrier,Senior Sales & Operations Management,"['business development', 'sales management', 'operations management']","['leadership', 'solution implementation']",high,1.0,1.0,0.333,0.778,3,"manager, sales, regional, business, senior, development, operations, director, program, management, tech, vice","[{""community_id"": 405, ""dominant_experience_level"": ""senior"", ""entry_accessibility"": ""moderate_entry_barrier"", ""community_label"": ""Senior Sales & Operations Management"", ""defining_skills"": [""sales management"", ""operations management"", ""business development""], ""defining_responsibility_signals"": [""leadership"", ""solution implementation""], ""confidence"": ""high"", ""rep_rank"": 1, ""attempt"": 1, ""raw_output"": ""{\""community_id\"": 405, \""dominant_experience_level\"": \""senior\"", \""entry_accessibility\"": \""moderate_entry_barrier\"", \""community_label\"": \""Senior Sales & Operations Management\"", \""defining_skills\"": [\""sales management\"", \""operations management\"", \""business development\""], \""defining_responsibility_signals\"": [\""leadership\"", \""solution implementation\""] , \""confidence\"": \""high\""}""}, {""community_id"": 405, ""dominant_experience_level"": ""senior"", ""entry_accessibility"": ""moderate_entry_barrier"", ""community_label"": ""Business Development & Program Management"", ""defining_skills"": [""sales"", ""business development"", ""program management""], ""defining_responsibility_signals"": [""pipeline development"", ""management""], ""confidence"": ""high"", ""rep_rank"": 2, ""attempt"": 1, ""raw_output"": ""{\""community_id\"": 405, \""dominant_experience_level\"": \""senior\"", \""entry_accessibility\"": \""moderate_entry_barrier\"", \""community_label\"": \""Business Development & Program Management\"", \""defining_skills\"": [\""sales\"", \""business development\"", \""program management\""], \""defining_responsibility_signals\"": [\""pipeline development\"", \""management\""] , \""confidence\"": \""high\""}""}, {""community_id"": 405, ""dominant_experience_level"": ""senior"", ""entry_accessibility"": ""moderate_entry_barrier"", ""community_label"": ""Senior Supply Chain Tech Managers"", ""defining_skills"": [""supply chain management"", ""technology"", ""leadership""], ""defining_responsibility_signals"": [""challenging issues"", ""forward-thinking""], ""confidence"": ""high"", ""rep_rank"": 3, ""attempt"": 1, ""raw_output"": ""{\""community_id\"": 405, \""dominant_experience_level\"": \""senior\"", \""entry_accessibility\"": \""moderate_entry_barrier\"", \""community_label\"": \""Senior Supply Chain Tech Managers\"", \""defining_skills\"": [\""supply chain management\"", \""technology\"", \""leadership\""], \""defining_responsibility_signals\"": [\""challenging issues\"", \""forward-thinking\""] , \""confidence\"": \""high\""}""}]",17
406,31,mid,moderate_entry_barrier,Key Account Manager,"['sales', 'customer success', 'account management']","['leadership', 'certification']",high,1.0,1.0,0.333,0.778,3,"account, manager, key, customer, automotive, sales, commercial, success, executive, coordinator, construction, mso","[{""community_id"": 406, ""dominant_experience_level"": ""mid"", ""entry_accessibility"": ""moderate_entry_barrier"", ""community_label"": ""Key Account Manager"", ""defining_skills"": [""account management"", ""sales"", ""customer success""], ""defining_responsibility_signals"": [""drive revenue"", ""identify new business opportunities""], ""confidence"": ""high"", ""rep_rank"": 1, ""attempt"": 1, ""raw_output"": ""{\""community_id\"": 406, \""dominant_experience_level\"": \""mid\"", \""entry_accessibility\"": \""moderate_entry_barrier\"", \""community_label\"": \""Key Account Manager\"", \""defining_skills\"": [\""account management\"", \""sales\"", \""customer success\""], \""defining_responsibility_signals\"": [\""drive revenue\"", \""identify new business opportunities\""] , \""confidence\"": \""high\""}""}, {""community_id"": 406, ""dominant_experience_level"": ""mid"", ""entry_accessibility"": ""moderate_entry_barrier"", ""community_label"": ""Automotive Sales & Account Management"", ""defining_skills"": [""sales"", ""account management"", ""customer success""], ""defining_responsibility_signals"": [""leadership"", ""certification""], ""confidence"": ""high"", ""rep_rank"": 2, ""attempt"": 1, ""raw_output"": ""{\""community_id\"": 406, \""dominant_experience_level\"": \""mid\"", \""entry_accessibility\"": \""moderate_entry_barrier\"", \""community_label\"": \""Automotive Sales & Account Management\"", \""defining_skills\"": [\""sales\"", \""account management\"", \""customer success\""], \""defining_responsibility_signals\"": [\""leadership\"", \""certification\""] , \""confidence\"": \""high\""}""}, {""community_id"": 406, ""dominant_experience_level"": ""mid"", ""entry_accessibility"": ""moderate_entry_barrier"", ""community_label"": ""Account Manager"", ""defining_skills"": [""sales"", ""customer success"", ""commercial""], ""defining_responsibility_signals"": [""leadership"", ""certification""], ""confidence"": ""high"", ""rep_rank"": 3, ""attempt"": 1, ""raw_output"": ""{\""community_id\"": 406, \""dominant_experience_level\"": \""mid\"", \""entry_accessibility\"": \""moderate_entry_barrier\"", \""community_label\"": \""Account Manager\"", \""defining_skills\"": [\""sales\"", \""customer success\"", \""commercial\""], \""defining_responsibility_signals\"": [\""leadership\"", \""certification\""] , \""confidence\"": \""high\""}""}]",17
407,31,mid,moderate_entry_barrier,Supply Chain Management,"['procurement', 'supply chain', 'management']","['cold chain', 'transportation process']",high,1.0,1.0,0.667,0.889,3,"supply, chain, manager, specialist, procurement, senior, management, support, administrator, administrative, coordinator, analyst","[{""community_id"": 407, ""dominant_experience_level"": ""mid"", ""entry_accessibility"": ""moderate_entry_barrier"", ""community_label"": ""Supply Chain Management"", ""defining_skills"": [""procurement"", ""supply chain"", ""management""], ""defining_responsibility_signals"": [""cold chain"", ""transportation process""], ""confidence"": ""high"", ""rep_rank"": 1, ""attempt"": 1, ""raw_output"": ""{\""community_id\"": 407, \""dominant_experience_level\"": \""mid\"", \""entry_accessibility\"": \""moderate_entry_barrier\"", \""community_label\"": \""Supply Chain Management\"", \""defining_skills\"": [\""procurement\"", \""supply chain\"", \""management\""], \""defining_responsibility_signals\"": [\""cold chain\"", \""transportation process\""] , \""confidence\"": \""high\""}""}, {""community_id"": 407, ""dominant_experience_level"": ""mid"", ""entry_accessibility"": ""moderate_entry_barrier"", ""community_label"": ""Supply Chain & Procurement"", ""defining_skills"": [""procurement"", ""supply chain"", ""management""], ""defining_responsibility_signals"": [""leadership"", ""certification""], ""confidence"": ""high"", ""rep_rank"": 2, ""attempt"": 1, ""raw_output"": ""{\""community_id\"": 407, \""dominant_experience_level\"": \""mid\"", \""entry_accessibility\"": \""moderate_entry_barrier\"", \""community_label\"": \""Supply Chain & Procurement\"", \""defining_skills\"": [\""procurement\"", \""supply chain\"", \""management\""], \""defining_responsibility_signals\"": [\""leadership\"", \""certification\""] , \""confidence\"": \""high\""}""}, {""community_id"": 407, ""dominant_experience_level"": ""mid"", ""entry_accessibility"": ""moderate_entry_barrier"", ""community_label"": ""Supply Chain Management"", ""defining_skills"": [""supply chain"", ""procurement"", ""management""], ""defining_responsibility_signals"": [""planning"", ""capacity routing""], ""confidence"": ""high"", ""rep_rank"": 3, ""attempt"": 1, ""raw_output"": ""{\""community_id\"": 407, \""dominant_experience_level\"": \""mid\"", \""entry_accessibility\"": \""moderate_entry_barrier\"", \""community_label\"": \""Supply Chain Management\"", \""defining_skills\"": [\""supply chain\"", \""procurement\"", \""management\""], \""defining_responsibility_signals\"": [\""planning\"", \""capacity routing\""] , \""confidence\"": \""high\""}""}]",17
408,31,junior,moderate_entry_barrier,Physical Therapy Assistant,"['Physical Therapy', 'Patient Care', 'Rehabilitation']","['Assist in Therapy Sessions', 'Help Patients with Exercises']",high,1.0,1.0,1.0,1.0,3,"physical, therapist, prn, assistant, pta, medical, patient, therapy, office, services, laboratory, rehab","[{""community_id"": 408, ""dominant_experience_level"": ""junior"", ""entry_accessibility"": ""moderate_entry_barrier"", ""community_label"": ""Physical Therapy Assistant"", ""defining_skills"": [""Physical Therapy"", ""Patient Care"", ""Rehabilitation""], ""defining_responsibility_signals"": [""Assist in Therapy Sessions"", ""Help Patients with Exercises""], ""confidence"": ""high"", ""rep_rank"": 1, ""attempt"": 1, ""raw_output"": ""{\""community_id\"": 408, \""dominant_experience_level\"": \""junior\"", \""entry_accessibility\"": \""moderate_entry_barrier\"", \""community_label\"": \""Physical Therapy Assistant\"", \""defining_skills\"": [\""Physical Therapy\"", \""Patient Care\"", \""Rehabilitation\""], \""defining_responsibility_signals\"": [\""Assist in Therapy Sessions\"", \""Help Patients with Exercises\""] , \""confidence\"": \""high\""}""}, {""community_id"": 408, ""dominant_experience_level"": ""junior"", ""entry_accessibility"": ""moderate_entry_barrier"", ""community_label"": ""Physical Therapy Assistant"", ""defining_skills"": [""Physical Therapy"", ""Patient Care"", ""Rehabilitation""], ""defining_responsibility_signals"": [""Assist in Therapy Sessions"", ""Help Patients with Exercises""], ""confidence"": ""high"", ""rep_rank"": 2, ""attempt"": 1, ""raw_output"": ""{\""community_id\"": 408, \""dominant_experience_level\"": \""junior\"", \""entry_accessibility\"": \""moderate_entry_barrier\"", \""community_label\"": \""Physical Therapy Assistant\"", \""defining_skills\"": [\""Physical Therapy\"", \""Patient Care\"", \""Rehabilitation\""], \""defining_responsibility_signals\"": [\""Assist in Therapy Sessions\"", \""Help Patients with Exercises\""] , \""confidence\"": \""high\""}""}, {""community_id"": 408, ""dominant_experience_level"": ""junior"", ""entry_accessibility"": ""moderate_entry_barrier"", ""community_label"": ""Physical Therapy Assistant"", ""defining_skills"": [""Physical Therapy"", ""Patient Care"", ""Medical Office""], ""defining_responsibility_signals"": [""Assist in Therapy Sessions"", ""Maintain Patient Records""], ""confidence"": ""high"", ""rep_rank"": 3, ""attempt"": 1, ""raw_output"": ""{\""community_id\"": 408, \""dominant_experience_level\"": \""junior\"", \""entry_accessibility\"": \""moderate_entry_barrier\"", \""community_label\"": \""Physical Therapy Assistant\"", \""defining_skills\"": [\""Physical Therapy\"", \""Patient Care\"", \""Medical Office\""], \""defining_responsibility_signals\"": [\""Assist in Therapy Sessions\"", \""Maintain Patient Records\""] , \""confidence\"": \""high\""}""}]",17
409,31,mid,moderate_entry_barrier,Strategic Sourcing & Supply Chain Management,"['supply chain management', 'strategic sourcing', 'procurement planning']","['team leadership', 'project management']",high,1.0,1.0,0.667,0.889,3,"supply, chain, manager, sourcing, procurement, planner, senior, director, specialist, strategic, intern, planning","[{""community_id"": 409, ""dominant_experience_level"": ""mid"", ""entry_accessibility"": ""moderate_entry_barrier"", ""community_label"": ""Strategic Sourcing & Supply Chain Management"", ""defining_skills"": [""supply chain management"", ""strategic sourcing"", ""procurement planning""], ""defining_responsibility_signals"": [""team leadership"", ""project management""], ""confidence"": ""high"", ""rep_rank"": 1, ""attempt"": 1, ""raw_output"": ""{\""community_id\"": 409, \""dominant_experience_level\"": \""mid\"", \""entry_accessibility\"": \""moderate_entry_barrier\"", \""community_label\"": \""Strategic Sourcing & Supply Chain Management\"", \""defining_skills\"": [\""supply chain management\"", \""strategic sourcing\"", \""procurement planning\""], \""defining_responsibility_signals\"": [\""team leadership\"", \""project management\""] , \""confidence\"": \""high\""}""}, {""community_id"": 409, ""dominant_experience_level"": ""mid"", ""entry_accessibility"": ""moderate_entry_barrier"", ""community_label"": ""Supply Chain Management"", ""defining_skills"": [""strategic planning"", ""supply chain optimization"", ""procurement sourcing""], ""defining_responsibility_signals"": [""leadership"", ""strategic planning""], ""confidence"": ""high"", ""rep_rank"": 2, ""attempt"": 1, ""raw_output"": ""{\""community_id\"": 409, \""dominant_experience_level\"": \""mid\"", \""entry_accessibility\"": \""moderate_entry_barrier\"", \""community_label\"": \""Supply Chain Management\"", \""defining_skills\"": [\""strategic planning\"", \""supply chain optimization\"", \""procurement sourcing\""], \""defining_responsibility_signals\"": [\""leadership\"", \""strategic planning\""] , \""confidence\"": \""high\""}""}, {""community_id"": 409, ""dominant_experience_level"": ""mid"", ""entry_accessibility"": ""moderate_entry_barrier"", ""community_label"": ""Strategic Sourcing & Supply Chain Management"", ""defining_skills"": [""supply chain management"", ""strategic sourcing"", ""procurement planning""], ""defining_responsibility_signals"": [""team leadership"", ""project management""], ""confidence"": ""high"", ""rep_rank"": 3, ""attempt"": 1, ""raw_output"": ""{\""community_id\"": 409, \""dominant_experience_level\"": \""mid\"", \""entry_accessibility\"": \""moderate_entry_barrier\"", \""community_label\"": \""Strategic Sourcing & Supply Chain Management\"", \""defining_skills\"": [\""supply chain management\"", \""strategic sourcing\"", \""procurement planning\""], \""defining_responsibility_signals\"": [\""team leadership\"", \""project management\""] , \""confidence\"": \""high\""}""}]",17
410,31,junior,moderate_entry_barrier,Office Administrators,"['administrative', 'office_management', 'customer_service']","['front_office_support', 'team_training']",high,1.0,1.0,1.0,1.0,3,"specialist, office, administrator, account, manager, clerk, accounts, billing, medical, collections, cycle, senior","[{""community_id"": 410, ""dominant_experience_level"": ""junior"", ""entry_accessibility"": ""moderate_entry_barrier"", ""community_label"": ""Office Administrators"", ""defining_skills"": [""administrative"", ""office_management"", ""customer_service""], ""defining_responsibility_signals"": [""front_office_support"", ""team_training""], ""confidence"": ""high"", ""rep_rank"": 1, ""attempt"": 1, ""raw_output"": ""{\""community_id\"": 410, \""dominant_experience_level\"": \""junior\"", \""entry_accessibility\"": \""moderate_entry_barrier\"", \""community_label\"": \""Office Administrators\"", \""defining_skills\"": [\""administrative\"", \""office_management\"", \""customer_service\""], \""defining_responsibility_signals\"": [\""front_office_support\"", \""team_training\""] , \""confidence\"": \""high\""}""}, {""community_id"": 410, ""dominant_experience_level"": ""junior"", ""entry_accessibility"": ""moderate_entry_barrier"", ""community_label"": ""Office Administrators"", ""defining_skills"": [""Office Management"", ""Administrative Support"", ""Billing/Collections""], ""defining_responsibility_signals"": [""Provide Office Support"", ""Train Front Office Teammates""], ""confidence"": ""high"", ""rep_rank"": 2, ""attempt"": 1, ""raw_output"": ""{\""community_id\"": 410, \""dominant_experience_level\"": \""junior\"", \""entry_accessibility\"": \""moderate_entry_barrier\"", \""community_label\"": \""Office Administrators\"", \""defining_skills\"": [\""Office Management\"", \""Administrative Support\"", \""Billing/Collections\""], \""defining_responsibility_signals\"": [\""Provide Office Support\"", \""Train Front Office Teammates\""] , \""confidence\"": \""high\""}""}, {""community_id"": 410, ""dominant_experience_level"": ""junior"", ""entry_accessibility"": ""moderate_entry_barrier"", ""community_label"": ""Office Administrators"", ""defining_skills"": [""administrative"", ""office_management"", ""customer_service""], ""defining_responsibility_signals"": [""front_office_support"", ""team_training""], ""confidence"": ""high"", ""rep_rank"": 3, ""attempt"": 1, ""raw_output"": ""{\""community_id\"": 410, \""dominant_experience_level\"": \""junior\"", \""entry_accessibility\"": \""moderate_entry_barrier\"", \""community_label\"": \""Office Administrators\"", \""defining_skills\"": [\""administrative\"", \""office_management\"", \""customer_service\""], \""defining_responsibility_signals\"": [\""front_office_support\"", \""team_training\""] , \""confidence\"": \""high\""}""}]",17
411,31,mid,moderate_entry_barrier,Retail Sales Management,"['supervision', 'retail sales', 'stock management']","['leadership', 'certification']",high,1.0,1.0,1.0,1.0,3,"supervisor, retail, sales, stocking, manager, store, route, representative, shop, print, marketing, dairy","[{""community_id"": 411, ""dominant_experience_level"": ""mid"", ""entry_accessibility"": ""moderate_entry_barrier"", ""community_label"": ""Retail Sales Management"", ""defining_skills"": [""supervision"", ""retail sales"", ""stock management""], ""defining_responsibility_signals"": [""leadership"", ""certification""], ""confidence"": ""high"", ""rep_rank"": 1, ""attempt"": 1, ""raw_output"": ""{\""community_id\"": 411, \""dominant_experience_level\"": \""mid\"", \""entry_accessibility\"": \""moderate_entry_barrier\"", \""community_label\"": \""Retail Sales Management\"", \""defining_skills\"": [\""supervision\"", \""retail sales\"", \""stock management\""], \""defining_responsibility_signals\"": [\""leadership\"", \""certification\""] , \""confidence\"": \""high\""}""}, {""community_id"": 411, ""dominant_experience_level"": ""mid"", ""entry_accessibility"": ""moderate_entry_barrier"", ""community_label"": ""Retail Sales Management"", ""defining_skills"": [""supervision"", ""retail sales"", ""stock management""], ""defining_responsibility_signals"": [""leadership"", ""certification""], ""confidence"": ""high"", ""rep_rank"": 2, ""attempt"": 1, ""raw_output"": ""{\""community_id\"": 411, \""dominant_experience_level\"": \""mid\"", \""entry_accessibility\"": \""moderate_entry_barrier\"", \""community_label\"": \""Retail Sales Management\"", \""defining_skills\"": [\""supervision\"", \""retail sales\"", \""stock management\""], \""defining_responsibility_signals\"": [\""leadership\"", \""certification\""] , \""confidence\"": \""high\""}""}, {""community_id"": 411, ""dominant_experience_level"": ""mid"", ""entry_accessibility"": ""moderate_entry_barrier"", ""community_label"": ""Retail Sales Management"", ""defining_skills"": [""supervision"", ""retail sales"", ""stock management""], ""defining_responsibility_signals"": [""leadership"", ""certification""], ""confidence"": ""high"", ""rep_rank"": 3, ""attempt"": 1, ""raw_output"": ""{\""community_id\"": 411, \""dominant_experience_level\"": \""mid\"", \""entry_accessibility\"": \""moderate_entry_barrier\"", \""community_label\"": \""Retail Sales Management\"", \""defining_skills\"": [\""supervision\"", \""retail sales\"", \""stock management\""], \""defining_responsibility_signals\"": [\""leadership\"", \""certification\""] , \""confidence\"": \""high\""}""}]",17
412,31,senior,moderate_entry_barrier,Transportation Infrastructure Engineering,"['highway', 'transportation', 'structural']","['leadership', 'project_management']",high,1.0,1.0,1.0,1.0,3,"senior, engineer, manager, project, highway, transportation, structural, roadway, bridge, electrical, design, engineering","[{""community_id"": 412, ""dominant_experience_level"": ""senior"", ""entry_accessibility"": ""moderate_entry_barrier"", ""community_label"": ""Transportation Infrastructure Engineering"", ""defining_skills"": [""highway"", ""transportation"", ""structural""], ""defining_responsibility_signals"": [""leadership"", ""project_management""], ""confidence"": ""high"", ""rep_rank"": 1, ""attempt"": 1, ""raw_output"": ""{\""community_id\"": 412, \""dominant_experience_level\"": \""senior\"", \""entry_accessibility\"": \""moderate_entry_barrier\"", \""community_label\"": \""Transportation Infrastructure Engineering\"", \""defining_skills\"": [\""highway\"", \""transportation\"", \""structural\""], \""defining_responsibility_signals\"": [\""leadership\"", \""project_management\""] , \""confidence\"": \""high\""}""}, {""community_id"": 412, ""dominant_experience_level"": ""senior"", ""entry_accessibility"": ""moderate_entry_barrier"", ""community_label"": ""Transportation Infrastructure Engineering"", ""defining_skills"": [""highway"", ""transportation"", ""structural""], ""defining_responsibility_signals"": [""leadership"", ""project_management""], ""confidence"": ""high"", ""rep_rank"": 2, ""attempt"": 1, ""raw_output"": ""{\""community_id\"": 412, \""dominant_experience_level\"": \""senior\"", \""entry_accessibility\"": \""moderate_entry_barrier\"", \""community_label\"": \""Transportation Infrastructure Engineering\"", \""defining_skills\"": [\""highway\"", \""transportation\"", \""structural\""], \""defining_responsibility_signals\"": [\""leadership\"", \""project_management\""] , \""confidence\"": \""high\""}""}, {""community_id"": 412, ""dominant_experience_level"": ""senior"", ""entry_accessibility"": ""moderate_entry_barrier"", ""community_label"": ""Transportation Infrastructure Engineering"", ""defining_skills"": [""bridge design"", ""roadway design"", ""electrical engineering""], ""defining_responsibility_signals"": [""leadership"", ""project management""], ""confidence"": ""high"", ""rep_rank"": 3, ""attempt"": 1, ""raw_output"": ""{\""community_id\"": 412, \""dominant_experience_level\"": \""senior\"", \""entry_accessibility\"": \""moderate_entry_barrier\"", \""community_label\"": \""Transportation Infrastructure Engineering\"", \""defining_skills\"": [\""bridge design\"", \""roadway design\"", \""electrical engineering\""], \""defining_responsibility_signals\"": [\""leadership\"", \""project management\""] , \""confidence\"": \""high\""}""}]",17
413,31,senior,moderate_entry_barrier,Generative AI Product Engineering,"['machine learning', 'software engineering', 'data science']","['leadership', 'product development']",high,1.0,1.0,1.0,1.0,3,"engineer, senior, machine, learning, lead, generative, eligible, software, engineering, data, scientist, product","[{""community_id"": 413, ""dominant_experience_level"": ""senior"", ""entry_accessibility"": ""moderate_entry_barrier"", ""community_label"": ""Generative AI Product Engineering"", ""defining_skills"": [""machine learning"", ""software engineering"", ""data science""], ""defining_responsibility_signals"": [""people leadership"", ""remote work eligible""], ""confidence"": ""high"", ""rep_rank"": 1, ""attempt"": 1, ""raw_output"": ""{\""community_id\"": 413, \""dominant_experience_level\"": \""senior\"", \""entry_accessibility\"": \""moderate_entry_barrier\"", \""community_label\"": \""Generative AI Product Engineering\"", \""defining_skills\"": [\""machine learning\"", \""software engineering\"", \""data science\""], \""defining_responsibility_signals\"": [\""people leadership\"", \""remote work eligible\""] , \""confidence\"": \""high\""}""}, {""community_id"": 413, ""dominant_experience_level"": ""senior"", ""entry_accessibility"": ""moderate_entry_barrier"", ""community_label"": ""Generative AI Product Engineering"", ""defining_skills"": [""machine learning"", ""software engineering"", ""data science""], ""defining_responsibility_signals"": [""leadership"", ""product development""], ""confidence"": ""high"", ""rep_rank"": 2, ""attempt"": 1, ""raw_output"": ""{\""community_id\"": 413, \""dominant_experience_level\"": \""senior\"", \""entry_accessibility\"": \""moderate_entry_barrier\"", \""community_label\"": \""Generative AI Product Engineering\"", \""defining_skills\"": [\""machine learning\"", \""software engineering\"", \""data science\""], \""defining_responsibility_signals\"": [\""leadership\"", \""product development\""] , \""confidence\"": \""high\""}""}, {""community_id"": 413, ""dominant_experience_level"": ""senior"", ""entry_accessibility"": ""moderate_entry_barrier"", ""community_label"": ""Generative AI Product Engineering"", ""defining_skills"": [""machine learning"", ""software engineering"", ""data science""], ""defining_responsibility_signals"": [""leadership"", ""product development""], ""confidence"": ""high"", ""rep_rank"": 3, ""attempt"": 1, ""raw_output"": ""{\""community_id\"": 413, \""dominant_experience_level\"": \""senior\"", \""entry_accessibility\"": \""moderate_entry_barrier\"", \""community_label\"": \""Generative AI Product Engineering\"", \""defining_skills\"": [\""machine learning\"", \""software engineering\"", \""data science\""], \""defining_responsibility_signals\"": [\""leadership\"", \""product development\""] , \""confidence\"": \""high\""}""}]",17
414,31,mid,moderate_entry_barrier,Environmental Health & Safety,"['safety', 'health', 'environmental']","['manager', 'coordinator']",high,1.0,1.0,0.667,0.889,3,"safety, manager, health, environmental, coordinator, site, environment, director, branch, specialist, risk, hse","[{""community_id"": 414, ""dominant_experience_level"": ""mid"", ""entry_accessibility"": ""moderate_entry_barrier"", ""community_label"": ""Health & Safety Management"", ""defining_skills"": [""safety"", ""health"", ""environmental""], ""defining_responsibility_signals"": [""manager"", ""coordinator""], ""confidence"": ""high"", ""rep_rank"": 1, ""attempt"": 1, ""raw_output"": ""{\""community_id\"": 414, \""dominant_experience_level\"": \""mid\"", \""entry_accessibility\"": \""moderate_entry_barrier\"", \""community_label\"": \""Health & Safety Management\"", \""defining_skills\"": [\""safety\"", \""health\"", \""environmental\""], \""defining_responsibility_signals\"": [\""manager\"", \""coordinator\""] , \""confidence\"": \""high\""}""}, {""community_id"": 414, ""dominant_experience_level"": ""mid"", ""entry_accessibility"": ""moderate_entry_barrier"", ""community_label"": ""Environmental Health & Safety"", ""defining_skills"": [""risk management"", ""safety protocols"", ""regulatory compliance""], ""defining_responsibility_signals"": [""mitigate risk"", ""identify safety requirements""], ""confidence"": ""high"", ""rep_rank"": 2, ""attempt"": 1, ""raw_output"": ""{\""community_id\"": 414, \""dominant_experience_level\"": \""mid\"", \""entry_accessibility\"": \""moderate_entry_barrier\"", \""community_label\"": \""Environmental Health & Safety\"", \""defining_skills\"": [\""risk management\"", \""safety protocols\"", \""regulatory compliance\""], \""defining_responsibility_signals\"": [\""mitigate risk\"", \""identify safety requirements\""] , \""confidence\"": \""high\""}""}, {""community_id"": 414, ""dominant_experience_level"": ""mid"", ""entry_accessibility"": ""moderate_entry_barrier"", ""community_label"": ""Environmental Health & Safety"", ""defining_skills"": [""safety"", ""health"", ""environmental""], ""defining_responsibility_signals"": [""coordinate"", ""manage""], ""confidence"": ""high"", ""rep_rank"": 3, ""attempt"": 1, ""raw_output"": ""{\""community_id\"": 414, \""dominant_experience_level\"": \""mid\"", \""entry_accessibility\"": \""moderate_entry_barrier\"", \""community_label\"": \""Environmental Health & Safety\"", \""defining_skills\"": [\""safety\"", \""health\"", \""environmental\""], \""defining_responsibility_signals\"": [\""coordinate\"", \""manage\""] , \""confidence\"": \""high\""}""}]",17
415,31,mid,moderate_entry_barrier,Quality Control Chemists,"['chemistry', 'quality control', 'laboratory work']","['research', 'sample analysis']",high,1.0,1.0,0.333,0.778,3,"chemist, quality, control, laboratory, research, senior, analytical, scientist, sample, coordinator, microbiology, validation","[{""community_id"": 415, ""dominant_experience_level"": ""mid"", ""entry_accessibility"": ""moderate_entry_barrier"", ""community_label"": ""Quality Control Chemists"", ""defining_skills"": [""chemistry"", ""quality control"", ""laboratory work""], ""defining_responsibility_signals"": [""research"", ""sample analysis""], ""confidence"": ""high"", ""rep_rank"": 1, ""attempt"": 1, ""raw_output"": ""{\""community_id\"": 415, \""dominant_experience_level\"": \""mid\"", \""entry_accessibility\"": \""moderate_entry_barrier\"", \""community_label\"": \""Quality Control Chemists\"", \""defining_skills\"": [\""chemistry\"", \""quality control\"", \""laboratory work\""], \""defining_responsibility_signals\"": [\""research\"", \""sample analysis\""] , \""confidence\"": \""high\""}""}, {""community_id"": 415, ""dominant_experience_level"": ""mid"", ""entry_accessibility"": ""moderate_entry_barrier"", ""community_label"": ""Chemistry Research & Development"", ""defining_skills"": [""formulation development"", ""product support"", ""R&D chemistry""], ""defining_responsibility_signals"": [""responsible for formulation development"", ""support current and new products""], ""confidence"": ""high"", ""rep_rank"": 2, ""attempt"": 1, ""raw_output"": ""{\""community_id\"": 415, \""dominant_experience_level\"": \""mid\"", \""entry_accessibility\"": \""moderate_entry_barrier\"", \""community_label\"": \""Chemistry Research & Development\"", \""defining_skills\"": [\""formulation development\"", \""product support\"", \""R&D chemistry\""], \""defining_responsibility_signals\"": [\""responsible for formulation development\"", \""support current and new products\""] , \""confidence\"": \""high\""}""}, {""community_id"": 415, ""dominant_experience_level"": ""mid"", ""entry_accessibility"": ""moderate_entry_barrier"", ""community_label"": ""Quality Control Scientist"", ""defining_skills"": [""analytical"", ""validation"", ""testing""], ""defining_responsibility_signals"": [""supporting validation testing"", ""ensuring activities occur""], ""confidence"": ""high"", ""rep_rank"": 3, ""attempt"": 1, ""raw_output"": ""{\""community_id\"": 415, \""dominant_experience_level\"": \""mid\"", \""entry_accessibility\"": \""moderate_entry_barrier\"", \""community_label\"": \""Quality Control Scientist\"", \""defining_skills\"": [\""analytical\"", \""validation\"", \""testing\""], \""defining_responsibility_signals\"": [\""supporting validation testing\"", \""ensuring activities occur\""] , \""confidence\"": \""high\""}""}]",17
416,31,mid,moderate_entry_barrier,Mental Health Specialist,"['psychiatric', 'mental_health', 'behavioral_health']","['provide_medical_clinical_support', 'perform_behavioral_evaluation']",high,1.0,1.0,1.0,1.0,3,"psychiatric, nurse, practitioner, psychiatrist, health, mental, specialist, pmhnp, medical, psychologist, staff, behavioral","[{""community_id"": 416, ""dominant_experience_level"": ""mid"", ""entry_accessibility"": ""moderate_entry_barrier"", ""community_label"": ""Mental Health Specialist"", ""defining_skills"": [""psychiatric"", ""mental_health"", ""behavioral_health""], ""defining_responsibility_signals"": [""provide_medical_clinical_support"", ""perform_behavioral_evaluation""], ""confidence"": ""high"", ""rep_rank"": 1, ""attempt"": 1, ""raw_output"": ""{\""community_id\"": 416, \""dominant_experience_level\"": \""mid\"", \""entry_accessibility\"": \""moderate_entry_barrier\"", \""community_label\"": \""Mental Health Specialist\"", \""defining_skills\"": [\""psychiatric\"", \""mental_health\"", \""behavioral_health\""], \""defining_responsibility_signals\"": [\""provide_medical_clinical_support\"", \""perform_behavioral_evaluation\""] , \""confidence\"": \""high\""}""}, {""community_id"": 416, ""dominant_experience_level"": ""mid"", ""entry_accessibility"": ""moderate_entry_barrier"", ""community_label"": ""Mental Health Specialist"", ""defining_skills"": [""Psychiatric Nursing"", ""Mental Health Care"", ""Psychotherapy""], ""defining_responsibility_signals"": [""Clinical Care"", ""Case Management""], ""confidence"": ""high"", ""rep_rank"": 2, ""attempt"": 1, ""raw_output"": ""{\""community_id\"": 416, \""dominant_experience_level\"": \""mid\"", \""entry_accessibility\"": \""moderate_entry_barrier\"", \""community_label\"": \""Mental Health Specialist\"", \""defining_skills\"": [\""Psychiatric Nursing\"", \""Mental Health Care\"", \""Psychotherapy\""], \""defining_responsibility_signals\"": [\""Clinical Care\"", \""Case Management\""] , \""confidence\"": \""high\""}""}, {""community_id"": 416, ""dominant_experience_level"": ""mid"", ""entry_accessibility"": ""moderate_entry_barrier"", ""community_label"": ""Mental Health Specialist"", ""defining_skills"": [""Psychiatric"", ""Psychologist"", ""Mental Health""], ""defining_responsibility_signals"": [""Practitioner"", ""Specialist""], ""confidence"": ""high"", ""rep_rank"": 3, ""attempt"": 1, ""raw_output"": ""{\""community_id\"": 416, \""dominant_experience_level\"": \""mid\"", \""entry_accessibility\"": \""moderate_entry_barrier\"", \""community_label\"": \""Mental Health Specialist\"", \""defining_skills\"": [\""Psychiatric\"", \""Psychologist\"", \""Mental Health\""], \""defining_responsibility_signals\"": [\""Practitioner\"", \""Specialist\""] , \""confidence\"": \""high\""}""}]",17
417,31,junior,moderate_entry_barrier,Software Development Internship,"['software development', 'program management', 'campus recruitment']","['internship', 'campus']",high,1.0,1.0,0.667,0.889,3,"intern, summer, 2024, software, internship, development, engineer, engineering, program, management, campus, fall","[{""community_id"": 417, ""dominant_experience_level"": ""junior"", ""entry_accessibility"": ""moderate_entry_barrier"", ""community_label"": ""Software Development Internships"", ""defining_skills"": [""software development"", ""engineering"", ""program management""], ""defining_responsibility_signals"": [""internship"", ""campus""], ""confidence"": ""high"", ""rep_rank"": 1, ""attempt"": 1, ""raw_output"": ""{\""community_id\"": 417, \""dominant_experience_level\"": \""junior\"", \""entry_accessibility\"": \""moderate_entry_barrier\"", \""community_label\"": \""Software Development Internships\"", \""defining_skills\"": [\""software development\"", \""engineering\"", \""program management\""], \""defining_responsibility_signals\"": [\""internship\"", \""campus\""] , \""confidence\"": \""high\""}""}, {""community_id"": 417, ""dominant_experience_level"": ""junior"", ""entry_accessibility"": ""moderate_entry_barrier"", ""community_label"": ""Software Development Internship"", ""defining_skills"": [""software development"", ""program management"", ""campus recruitment""], ""defining_responsibility_signals"": [""internship"", ""summer 2024""], ""confidence"": ""high"", ""rep_rank"": 2, ""attempt"": 1, ""raw_output"": ""{\""community_id\"": 417, \""dominant_experience_level\"": \""junior\"", \""entry_accessibility\"": \""moderate_entry_barrier\"", \""community_label\"": \""Software Development Internship\"", \""defining_skills\"": [\""software development\"", \""program management\"", \""campus recruitment\""], \""defining_responsibility_signals\"": [\""internship\"", \""summer 2024\""] , \""confidence\"": \""high\""}""}, {""community_id"": 417, ""dominant_experience_level"": ""junior"", ""entry_accessibility"": ""moderate_entry_barrier"", ""community_label"": ""Software Development Internship"", ""defining_skills"": [""software development"", ""program management"", ""campus recruitment""], ""defining_responsibility_signals"": [""customer experience"", ""data platform""], ""confidence"": ""high"", ""rep_rank"": 3, ""attempt"": 1, ""raw_output"": ""{\""community_id\"": 417, \""dominant_experience_level\"": \""junior\"", \""entry_accessibility\"": \""moderate_entry_barrier\"", \""community_label\"": \""Software Development Internship\"", \""defining_skills\"": [\""software development\"", \""program management\"", \""campus recruitment\""], \""defining_responsibility_signals\"": [\""customer experience\"", \""data platform\""] , \""confidence\"": \""high\""}""}]",17
418,31,mid,moderate_entry_barrier,Packaging Engineer,"['packaging', 'development', 'operations']","['manager', 'principal']",high,1.0,1.0,0.667,0.889,3,"packaging, engineer, senior, manager, development, shift, operations, new, principal, designer, maintenance, tech","[{""community_id"": 418, ""dominant_experience_level"": ""mid"", ""entry_accessibility"": ""moderate_entry_barrier"", ""community_label"": ""Packaging Engineer"", ""defining_skills"": [""packaging"", ""development"", ""operations""], ""defining_responsibility_signals"": [""manager"", ""principal""], ""confidence"": ""high"", ""rep_rank"": 1, ""attempt"": 1, ""raw_output"": ""{\""community_id\"": 418, \""dominant_experience_level\"": \""mid\"", \""entry_accessibility\"": \""moderate_entry_barrier\"", \""community_label\"": \""Packaging Engineer\"", \""defining_skills\"": [\""packaging\"", \""development\"", \""operations\""], \""defining_responsibility_signals\"": [\""manager\"", \""principal\""] , \""confidence\"": \""high\""}""}, {""community_id"": 418, ""dominant_experience_level"": ""mid"", ""entry_accessibility"": ""moderate_entry_barrier"", ""community_label"": ""Packaging Engineering"", ""defining_skills"": [""packaging"", ""engineering"", ""project management""], ""defining_responsibility_signals"": [""leadership"", ""collaboration""], ""confidence"": ""high"", ""rep_rank"": 2, ""attempt"": 1, ""raw_output"": ""{\""community_id\"": 418, \""dominant_experience_level\"": \""mid\"", \""entry_accessibility\"": \""moderate_entry_barrier\"", \""community_label\"": \""Packaging Engineering\"", \""defining_skills\"": [\""packaging\"", \""engineering\"", \""project management\""], \""defining_responsibility_signals\"": [\""leadership\"", \""collaboration\""] , \""confidence\"": \""high\""}""}, {""community_id"": 418, ""dominant_experience_level"": ""mid"", ""entry_accessibility"": ""moderate_entry_barrier"", ""community_label"": ""Packaging Engineer"", ""defining_skills"": [""packaging"", ""innovation"", ""design""], ""defining_responsibility_signals"": [""contribute to success"", ""create future of packaging""], ""confidence"": ""high"", ""rep_rank"": 3, ""attempt"": 1, ""raw_output"": ""{\""community_id\"": 418, \""dominant_experience_level\"": \""mid\"", \""entry_accessibility\"": \""moderate_entry_barrier\"", \""community_label\"": \""Packaging Engineer\"", \""defining_skills\"": [\""packaging\"", \""innovation\"", \""design\""], \""defining_responsibility_signals\"": [\""contribute to success\"", \""create future of packaging\""] , \""confidence\"": \""high\""}""}]",17
419,31,junior,moderate_entry_barrier,Healthcare Support,"['Patient Care', 'Admitting', 'Clinical Quality']","['Technician', 'Registrar']",high,1.0,1.0,0.333,0.778,3,"patient, account, technician, registrar, admitting, med, quality, clinical, supervisor, emergency, nurse, public","[{""community_id"": 419, ""dominant_experience_level"": ""junior"", ""entry_accessibility"": ""moderate_entry_barrier"", ""community_label"": ""Healthcare Support"", ""defining_skills"": [""Patient Care"", ""Admitting"", ""Clinical Quality""], ""defining_responsibility_signals"": [""Technician"", ""Registrar""], ""confidence"": ""high"", ""rep_rank"": 1, ""attempt"": 1, ""raw_output"": ""{\""community_id\"": 419, \""dominant_experience_level\"": \""junior\"", \""entry_accessibility\"": \""moderate_entry_barrier\"", \""community_label\"": \""Healthcare Support\"", \""defining_skills\"": [\""Patient Care\"", \""Admitting\"", \""Clinical Quality\""], \""defining_responsibility_signals\"": [\""Technician\"", \""Registrar\""] , \""confidence\"": \""high\""}""}, {""community_id"": 419, ""dominant_experience_level"": ""junior"", ""entry_accessibility"": ""moderate_entry_barrier"", ""community_label"": ""Hospital Support Staff"", ""defining_skills"": [""patient care"", ""admitting"", ""clinical quality""], ""defining_responsibility_signals"": [""housekeeping"", ""technician""], ""confidence"": ""high"", ""rep_rank"": 2, ""attempt"": 1, ""raw_output"": ""{\""community_id\"": 419, \""dominant_experience_level\"": \""junior\"", \""entry_accessibility\"": \""moderate_entry_barrier\"", \""community_label\"": \""Hospital Support Staff\"", \""defining_skills\"": [\""patient care\"", \""admitting\"", \""clinical quality\""], \""defining_responsibility_signals\"": [\""housekeeping\"", \""technician\""] , \""confidence\"": \""high\""}""}, {""community_id"": 419, ""dominant_experience_level"": ""junior"", ""entry_accessibility"": ""moderate_entry_barrier"", ""community_label"": ""Clinical Support Staff"", ""defining_skills"": [""medical supplies"", ""sterile processing"", ""hospital operations""], ""defining_responsibility_signals"": [""patient care"", ""quality assurance""], ""confidence"": ""high"", ""rep_rank"": 3, ""attempt"": 1, ""raw_output"": ""{\""community_id\"": 419, \""dominant_experience_level\"": \""junior\"", \""entry_accessibility\"": \""moderate_entry_barrier\"", \""community_label\"": \""Clinical Support Staff\"", \""defining_skills\"": [\""medical supplies\"", \""sterile processing\"", \""hospital operations\""], \""defining_responsibility_signals\"": [\""patient care\"", \""quality assurance\""] , \""confidence\"": \""high\""}""}]",17
420,31,junior,moderate_entry_barrier,Part-Time Sales Management,"['Sales', 'Management', 'sales']","['Leadership', 'leadership']",high,1.0,1.0,0.667,0.889,3,"sales, manager, 24h210, 24h150, store, assistant, 24h300, seasonal, 24h115, 24h400, 24h961","[{""community_id"": 420, ""dominant_experience_level"": ""junior"", ""entry_accessibility"": ""moderate_entry_barrier"", ""community_label"": ""Part-Time Sales Management"", ""defining_skills"": [""sales"", ""management"", ""part-time""], ""defining_responsibility_signals"": [""leadership"", ""questionnaire""], ""confidence"": ""high"", ""rep_rank"": 1, ""attempt"": 1, ""raw_output"": ""{\""community_id\"": 420, \""dominant_experience_level\"": \""junior\"", \""entry_accessibility\"": \""moderate_entry_barrier\"", \""community_label\"": \""Part-Time Sales Management\"", \""defining_skills\"": [\""sales\"", \""management\"", \""part-time\""], \""defining_responsibility_signals\"": [\""leadership\"", \""questionnaire\""] , \""confidence\"": \""high\""}""}, {""community_id"": 420, ""dominant_experience_level"": ""junior"", ""entry_accessibility"": ""moderate_entry_barrier"", ""community_label"": ""Part-Time Sales Management"", ""defining_skills"": [""Sales"", ""Management"", ""Part-Time""], ""defining_responsibility_signals"": [""Leadership"", ""Recruitment""], ""confidence"": ""high"", ""rep_rank"": 2, ""attempt"": 1, ""raw_output"": ""{\""community_id\"": 420, \""dominant_experience_level\"": \""junior\"", \""entry_accessibility\"": \""moderate_entry_barrier\"", \""community_label\"": \""Part-Time Sales Management\"", \""defining_skills\"": [\""Sales\"", \""Management\"", \""Part-Time\""], \""defining_responsibility_signals\"": [\""Leadership\"", \""Recruitment\""] , \""confidence\"": \""high\""}""}, {""community_id"": 420, ""dominant_experience_level"": ""junior"", ""entry_accessibility"": ""moderate_entry_barrier"", ""community_label"": ""Retail Sales Management"", ""defining_skills"": [""Sales"", ""Management"", ""Customer Service""], ""defining_responsibility_signals"": [""Leadership"", ""Team Management""], ""confidence"": ""high"", ""rep_rank"": 3, ""attempt"": 1, ""raw_output"": ""{\""community_id\"": 420, \""dominant_experience_level\"": \""junior\"", \""entry_accessibility\"": \""moderate_entry_barrier\"", \""community_label\"": \""Retail Sales Management\"", \""defining_skills\"": [\""Sales\"", \""Management\"", \""Customer Service\""], \""defining_responsibility_signals\"": [\""Leadership\"", \""Team Management\""] , \""confidence\"": \""high\""}""}]",17
421,30,mid,moderate_entry_barrier,Retail Store Management,"['store management', 'team leadership', 'customer service']","['manage store operations', 'supervise staff']",high,1.0,1.0,1.0,1.0,3,"manager, store, assistant, center, retail, mall, director, key, holder, sunglass, hut, winter","[{""community_id"": 421, ""dominant_experience_level"": ""mid"", ""entry_accessibility"": ""moderate_entry_barrier"", ""community_label"": ""Retail Store Management"", ""defining_skills"": [""Retail Management"", ""Store Operations"", ""Team Leadership""], ""defining_responsibility_signals"": [""Manage Store"", ""Lead Team""], ""confidence"": ""high"", ""rep_rank"": 1, ""attempt"": 1, ""raw_output"": ""{\""community_id\"": 421, \""dominant_experience_level\"": \""mid\"", \""entry_accessibility\"": \""moderate_entry_barrier\"", \""community_label\"": \""Retail Store Management\"", \""defining_skills\"": [\""Retail Management\"", \""Store Operations\"", \""Team Leadership\""], \""defining_responsibility_signals\"": [\""Manage Store\"", \""Lead Team\""] , \""confidence\"": \""high\""}""}, {""community_id"": 421, ""dominant_experience_level"": ""mid"", ""entry_accessibility"": ""moderate_entry_barrier"", ""community_label"": ""Retail Store Management"", ""defining_skills"": [""store management"", ""team leadership"", ""customer service""], ""defining_responsibility_signals"": [""manage store operations"", ""supervise staff""], ""confidence"": ""high"", ""rep_rank"": 2, ""attempt"": 1, ""raw_output"": ""{\""community_id\"": 421, \""dominant_experience_level\"": \""mid\"", \""entry_accessibility\"": \""moderate_entry_barrier\"", \""community_label\"": \""Retail Store Management\"", \""defining_skills\"": [\""store management\"", \""team leadership\"", \""customer service\""], \""defining_responsibility_signals\"": [\""manage store operations\"", \""supervise staff\""] , \""confidence\"": \""high\""}""}, {""community_id"": 421, ""dominant_experience_level"": ""mid"", ""entry_accessibility"": ""moderate_entry_barrier"", ""community_label"": ""Retail Store Management"", ""defining_skills"": [""store management"", ""team leadership"", ""customer service""], ""defining_responsibility_signals"": [""manage store operations"", ""supervise staff""], ""confidence"": ""high"", ""rep_rank"": 3, ""attempt"": 1, ""raw_output"": ""{\""community_id\"": 421, \""dominant_experience_level\"": \""mid\"", \""entry_accessibility\"": \""moderate_entry_barrier\"", \""community_label\"": \""Retail Store Management\"", \""defining_skills\"": [\""store management\"", \""team leadership\"", \""customer service\""], \""defining_responsibility_signals\"": [\""manage store operations\"", \""supervise staff\""] , \""confidence\"": \""high\""}""}]",17
422,30,mid,moderate_entry_barrier,Hospice Care,"['Clinical Care', 'Volunteer Management', 'Hospice Nursing']","['On-Call', 'Full-Time Weekend Work']",high,1.0,1.0,0.667,0.889,3,"hospice, volunteer, manager, home, registered, nurse, care, prn, clinical, director, medical, social","[{""community_id"": 422, ""dominant_experience_level"": ""mid"", ""entry_accessibility"": ""moderate_entry_barrier"", ""community_label"": ""Hospice Care"", ""defining_skills"": [""Clinical Care"", ""Hospice Nursing"", ""Volunteer Management""], ""defining_responsibility_signals"": [""On-Call"", ""Full-Time Weekend Work""], ""confidence"": ""high"", ""rep_rank"": 1, ""attempt"": 1, ""raw_output"": ""{\""community_id\"": 422, \""dominant_experience_level\"": \""mid\"", \""entry_accessibility\"": \""moderate_entry_barrier\"", \""community_label\"": \""Hospice Care\"", \""defining_skills\"": [\""Clinical Care\"", \""Hospice Nursing\"", \""Volunteer Management\""], \""defining_responsibility_signals\"": [\""On-Call\"", \""Full-Time Weekend Work\""] , \""confidence\"": \""high\""}""}, {""community_id"": 422, ""dominant_experience_level"": ""mid"", ""entry_accessibility"": ""moderate_entry_barrier"", ""community_label"": ""Hospice Care Management"", ""defining_skills"": [""Hospice Care"", ""Clinical Management"", ""Volunteer Management""], ""defining_responsibility_signals"": [""Leadership"", ""Certification Required""], ""confidence"": ""high"", ""rep_rank"": 2, ""attempt"": 1, ""raw_output"": ""{\""community_id\"": 422, \""dominant_experience_level\"": \""mid\"", \""entry_accessibility\"": \""moderate_entry_barrier\"", \""community_label\"": \""Hospice Care Management\"", \""defining_skills\"": [\""Hospice Care\"", \""Clinical Management\"", \""Volunteer Management\""], \""defining_responsibility_signals\"": [\""Leadership\"", \""Certification Required\""] , \""confidence\"": \""high\""}""}, {""community_id"": 422, ""dominant_experience_level"": ""mid"", ""entry_accessibility"": ""moderate_entry_barrier"", ""community_label"": ""Hospice Care"", ""defining_skills"": [""Clinical Care"", ""Social Work"", ""Leadership""], ""defining_responsibility_signals"": [""Patient Care"", ""Team Management""], ""confidence"": ""high"", ""rep_rank"": 3, ""attempt"": 1, ""raw_output"": ""{\""community_id\"": 422, \""dominant_experience_level\"": \""mid\"", \""entry_accessibility\"": \""moderate_entry_barrier\"", \""community_label\"": \""Hospice Care\"", \""defining_skills\"": [\""Clinical Care\"", \""Social Work\"", \""Leadership\""], \""defining_responsibility_signals\"": [\""Patient Care\"", \""Team Management\""] , \""confidence\"": \""high\""}""}]",17
423,30,mid,moderate_entry_barrier,Construction Design,"['AutoCAD', 'Building Codes', 'Construction Documentation']","['Design', 'Drafting']",high,1.0,1.0,0.333,0.778,3,"project, manager, engineer, construction, designer, architect, specialist, design, mechanical, senior, commercial, property","[{""community_id"": 423, ""dominant_experience_level"": ""mid"", ""entry_accessibility"": ""moderate_entry_barrier"", ""community_label"": ""Construction Design"", ""defining_skills"": [""AutoCAD"", ""Building Codes"", ""Construction Documentation""], ""defining_responsibility_signals"": [""Design"", ""Drafting""], ""confidence"": ""high"", ""rep_rank"": 1, ""attempt"": 1, ""raw_output"": ""{\""community_id\"": 423, \""dominant_experience_level\"": \""mid\"", \""entry_accessibility\"": \""moderate_entry_barrier\"", \""community_label\"": \""Construction Design\"", \""defining_skills\"": [\""AutoCAD\"", \""Building Codes\"", \""Construction Documentation\""], \""defining_responsibility_signals\"": [\""Design\"", \""Drafting\""] , \""confidence\"": \""high\""}""}, {""community_id"": 423, ""dominant_experience_level"": ""mid"", ""entry_accessibility"": ""moderate_entry_barrier"", ""community_label"": ""Construction & Design"", ""defining_skills"": [""project management"", ""mechanical engineering"", ""design""], ""defining_responsibility_signals"": [""directs construction activities"", ""solves construction issues""], ""confidence"": ""high"", ""rep_rank"": 2, ""attempt"": 1, ""raw_output"": ""{\""community_id\"": 423, \""dominant_experience_level\"": \""mid\"", \""entry_accessibility\"": \""moderate_entry_barrier\"", \""community_label\"": \""Construction & Design\"", \""defining_skills\"": [\""project management\"", \""mechanical engineering\"", \""design\""], \""defining_responsibility_signals\"": [\""directs construction activities\"", \""solves construction issues\""] , \""confidence\"": \""high\""}""}, {""community_id"": 423, ""dominant_experience_level"": ""mid"", ""entry_accessibility"": ""moderate_entry_barrier"", ""community_label"": ""Commercial Architecture"", ""defining_skills"": [""Retail Design"", ""Hospitality Design"", ""Commercial Mixed-Use Design""], ""defining_responsibility_signals"": [""Meet Project Milestones"", ""Design Award Winning Projects""], ""confidence"": ""high"", ""rep_rank"": 3, ""attempt"": 1, ""raw_output"": ""{\""community_id\"": 423, \""dominant_experience_level\"": \""mid\"", \""entry_accessibility\"": \""moderate_entry_barrier\"", \""community_label\"": \""Commercial Architecture\"", \""defining_skills\"": [\""Retail Design\"", \""Hospitality Design\"", \""Commercial Mixed-Use Design\""], \""defining_responsibility_signals\"": [\""Meet Project Milestones\"", \""Design Award Winning Projects\""] , \""confidence\"": \""high\""}""}]",17
424,30,junior,moderate_entry_barrier,Retail Store Operations,"['Retail', 'Merchandising', 'Customer Service']","['In-store Shopper', 'Seasonal Part-time']",high,1.0,1.0,0.667,0.889,3,"store, shopper, seasonal, manager, maintenance, office, retail, merchandising, specialist, crew, member, certified","[{""community_id"": 424, ""dominant_experience_level"": ""junior"", ""entry_accessibility"": ""moderate_entry_barrier"", ""community_label"": ""Retail Store Operations"", ""defining_skills"": [""Retail"", ""Merchandising"", ""Customer Service""], ""defining_responsibility_signals"": [""In-store Shopper"", ""Seasonal Part-time""], ""confidence"": ""high"", ""rep_rank"": 1, ""attempt"": 1, ""raw_output"": ""{\""community_id\"": 424, \""dominant_experience_level\"": \""junior\"", \""entry_accessibility\"": \""moderate_entry_barrier\"", \""community_label\"": \""Retail Store Operations\"", \""defining_skills\"": [\""Retail\"", \""Merchandising\"", \""Customer Service\""], \""defining_responsibility_signals\"": [\""In-store Shopper\"", \""Seasonal Part-time\""] , \""confidence\"": \""high\""}""}, {""community_id"": 424, ""dominant_experience_level"": ""junior"", ""entry_accessibility"": ""moderate_entry_barrier"", ""community_label"": ""Retail Shopper"", ""defining_skills"": [""store management"", ""seasonal staffing"", ""merchandising""], ""defining_responsibility_signals"": [""in-store shopper"", ""part time seasonal""], ""confidence"": ""high"", ""rep_rank"": 2, ""attempt"": 1, ""raw_output"": ""{\""community_id\"": 424, \""dominant_experience_level\"": \""junior\"", \""entry_accessibility\"": \""moderate_entry_barrier\"", \""community_label\"": \""Retail Shopper\"", \""defining_skills\"": [\""store management\"", \""seasonal staffing\"", \""merchandising\""], \""defining_responsibility_signals\"": [\""in-store shopper\"", \""part time seasonal\""] , \""confidence\"": \""high\""}""}, {""community_id"": 424, ""dominant_experience_level"": ""junior"", ""entry_accessibility"": ""moderate_entry_barrier"", ""community_label"": ""Retail Store Operations"", ""defining_skills"": [""Retail"", ""Merchandising"", ""Customer Service""], ""defining_responsibility_signals"": [""Store Management"", ""Seasonal Staffing""], ""confidence"": ""high"", ""rep_rank"": 3, ""attempt"": 1, ""raw_output"": ""{\""community_id\"": 424, \""dominant_experience_level\"": \""junior\"", \""entry_accessibility\"": \""moderate_entry_barrier\"", \""community_label\"": \""Retail Store Operations\"", \""defining_skills\"": [\""Retail\"", \""Merchandising\"", \""Customer Service\""], \""defining_responsibility_signals\"": [\""Store Management\"", \""Seasonal Staffing\""] , \""confidence\"": \""high\""}""}]",17
