community_id,community_size,dominant_experience_level,entry_accessibility,community_label,defining_skills,defining_responsibility_signals,confidence,level_agreement,access_agreement,label_agreement,overall_agreement,calls_used,top_title_keywords,raw_call_outputs,batch_id
225,46,mid,moderate_entry_barrier,Medical Surgical Assistant,"['patient care', 'clerical functions', 'customer service']","['coordinate', 'maintain']",high,1.0,1.0,1.0,1.0,3,"nurse, assistant, surgical, medical, registered, care, patient, prn, med, surg, surgery, flor","[{""community_id"": 225, ""dominant_experience_level"": ""mid"", ""entry_accessibility"": ""moderate_entry_barrier"", ""community_label"": ""Medical Surgical Assistant"", ""defining_skills"": [""patient care"", ""clerical functions"", ""customer service""], ""defining_responsibility_signals"": [""coordinate"", ""maintain""], ""confidence"": ""high"", ""rep_rank"": 1, ""attempt"": 1, ""raw_output"": ""{\""community_id\"": 225, \""dominant_experience_level\"": \""mid\"", \""entry_accessibility\"": \""moderate_entry_barrier\"", \""community_label\"": \""Medical Surgical Assistant\"", \""defining_skills\"": [\""patient care\"", \""clerical functions\"", \""customer service\""], \""defining_responsibility_signals\"": [\""coordinate\"", \""maintain\""] , \""confidence\"": \""high\""}""}, {""community_id"": 225, ""dominant_experience_level"": ""mid"", ""entry_accessibility"": ""moderate_entry_barrier"", ""community_label"": ""Medical Surgical Assistant"", ""defining_skills"": [""patient care"", ""clerical functions"", ""customer service""], ""defining_responsibility_signals"": [""coordinate"", ""maintain""], ""confidence"": ""high"", ""rep_rank"": 2, ""attempt"": 1, ""raw_output"": ""{\""community_id\"": 225, \""dominant_experience_level\"": \""mid\"", \""entry_accessibility\"": \""moderate_entry_barrier\"", \""community_label\"": \""Medical Surgical Assistant\"", \""defining_skills\"": [\""patient care\"", \""clerical functions\"", \""customer service\""], \""defining_responsibility_signals\"": [\""coordinate\"", \""maintain\""] , \""confidence\"": \""high\""}""}, {""community_id"": 225, ""dominant_experience_level"": ""mid"", ""entry_accessibility"": ""moderate_entry_barrier"", ""community_label"": ""Medical Surgical Assistant"", ""defining_skills"": [""patient care"", ""clerical functions"", ""customer service""], ""defining_responsibility_signals"": [""coordinate unit duties"", ""greet patients/visitors""], ""confidence"": ""high"", ""rep_rank"": 3, ""attempt"": 1, ""raw_output"": ""{\""community_id\"": 225, \""dominant_experience_level\"": \""mid\"", \""entry_accessibility\"": \""moderate_entry_barrier\"", \""community_label\"": \""Medical Surgical Assistant\"", \""defining_skills\"": [\""patient care\"", \""clerical functions\"", \""customer service\""], \""defining_responsibility_signals\"": [\""coordinate unit duties\"", \""greet patients/visitors\""] , \""confidence\"": \""high\""}""}]",10
226,46,mid,moderate_entry_barrier,Account Management,"['account management', 'client relationship', 'strategic planning']","['client facing', 'enterprise level']",high,1.0,1.0,0.667,0.889,3,"account, enterprise, specialist, executive, manager, senior, spectrum, consultant, strategic, client, healthcare, commercial","[{""community_id"": 226, ""dominant_experience_level"": ""mid"", ""entry_accessibility"": ""moderate_entry_barrier"", ""community_label"": ""Account Management"", ""defining_skills"": [""account management"", ""client relationship"", ""strategic planning""], ""defining_responsibility_signals"": [""client facing"", ""enterprise level""], ""confidence"": ""high"", ""rep_rank"": 1, ""attempt"": 1, ""raw_output"": ""{\""community_id\"": 226, \""dominant_experience_level\"": \""mid\"", \""entry_accessibility\"": \""moderate_entry_barrier\"", \""community_label\"": \""Account Management\"", \""defining_skills\"": [\""account management\"", \""client relationship\"", \""strategic planning\""], \""defining_responsibility_signals\"": [\""client facing\"", \""enterprise level\""] , \""confidence\"": \""high\""}""}, {""community_id"": 226, ""dominant_experience_level"": ""mid"", ""entry_accessibility"": ""moderate_entry_barrier"", ""community_label"": ""Account Specialist"", ""defining_skills"": [""account management"", ""client relations"", ""healthcare industry knowledge""], ""defining_responsibility_signals"": [""strategic planning"", ""consulting services""], ""confidence"": ""high"", ""rep_rank"": 2, ""attempt"": 1, ""raw_output"": ""{\""community_id\"": 226, \""dominant_experience_level\"": \""mid\"", \""entry_accessibility\"": \""moderate_entry_barrier\"", \""community_label\"": \""Account Specialist\"", \""defining_skills\"": [\""account management\"", \""client relations\"", \""healthcare industry knowledge\""], \""defining_responsibility_signals\"": [\""strategic planning\"", \""consulting services\""] , \""confidence\"": \""high\""}""}, {""community_id"": 226, ""dominant_experience_level"": ""mid"", ""entry_accessibility"": ""moderate_entry_barrier"", ""community_label"": ""Account Management"", ""defining_skills"": [""account management"", ""client relationship"", ""strategic planning""], ""defining_responsibility_signals"": [""leadership"", ""consulting""], ""confidence"": ""high"", ""rep_rank"": 3, ""attempt"": 1, ""raw_output"": ""{\""community_id\"": 226, \""dominant_experience_level\"": \""mid\"", \""entry_accessibility\"": \""moderate_entry_barrier\"", \""community_label\"": \""Account Management\"", \""defining_skills\"": [\""account management\"", \""client relationship\"", \""strategic planning\""], \""defining_responsibility_signals\"": [\""leadership\"", \""consulting\""] , \""confidence\"": \""high\""}""}]",10
227,46,mid,moderate_entry_barrier,Production Supervisor,"['shift management', 'team leadership', 'production goal achievement']","['leadership', 'certification']",high,1.0,1.0,1.0,1.0,3,"supervisor, production, shift, safety, coordinator, operator, specialist, starting, 3rd, manager, hour, off","[{""community_id"": 227, ""dominant_experience_level"": ""mid"", ""entry_accessibility"": ""moderate_entry_barrier"", ""community_label"": ""Production Supervisor"", ""defining_skills"": [""team leadership"", ""production goal achievement"", ""food manufacturing experience""], ""defining_responsibility_signals"": [""leading teams"", ""reaching production goals""], ""confidence"": ""high"", ""rep_rank"": 1, ""attempt"": 1, ""raw_output"": ""{\""community_id\"": 227, \""dominant_experience_level\"": \""mid\"", \""entry_accessibility\"": \""moderate_entry_barrier\"", \""community_label\"": \""Production Supervisor\"", \""defining_skills\"": [\""team leadership\"", \""production goal achievement\"", \""food manufacturing experience\""], \""defining_responsibility_signals\"": [\""leading teams\"", \""reaching production goals\""] , \""confidence\"": \""high\""}""}, {""community_id"": 227, ""dominant_experience_level"": ""mid"", ""entry_accessibility"": ""moderate_entry_barrier"", ""community_label"": ""Production Supervisor"", ""defining_skills"": [""shift management"", ""safety coordination"", ""operator supervision""], ""defining_responsibility_signals"": [""leadership"", ""certification""], ""confidence"": ""high"", ""rep_rank"": 2, ""attempt"": 1, ""raw_output"": ""{\""community_id\"": 227, \""dominant_experience_level\"": \""mid\"", \""entry_accessibility\"": \""moderate_entry_barrier\"", \""community_label\"": \""Production Supervisor\"", \""defining_skills\"": [\""shift management\"", \""safety coordination\"", \""operator supervision\""], \""defining_responsibility_signals\"": [\""leadership\"", \""certification\""] , \""confidence\"": \""high\""}""}, {""community_id"": 227, ""dominant_experience_level"": ""mid"", ""entry_accessibility"": ""moderate_entry_barrier"", ""community_label"": ""Production Supervisor"", ""defining_skills"": [""shift management"", ""safety protocols"", ""operator coordination""], ""defining_responsibility_signals"": [""leadership"", ""certification""], ""confidence"": ""high"", ""rep_rank"": 3, ""attempt"": 1, ""raw_output"": ""{\""community_id\"": 227, \""dominant_experience_level\"": \""mid\"", \""entry_accessibility\"": \""moderate_entry_barrier\"", \""community_label\"": \""Production Supervisor\"", \""defining_skills\"": [\""shift management\"", \""safety protocols\"", \""operator coordination\""], \""defining_responsibility_signals\"": [\""leadership\"", \""certification\""] , \""confidence\"": \""high\""}""}]",10
228,46,mid,moderate_entry_barrier,Talent Acquisition,"['recruiting', 'strategy', 'operations']","['leadership', 'global_team_management']",high,1.0,1.0,1.0,1.0,3,"talent, acquisition, specialist, manager, senior, recruiter, coordinator, director, development, business, partner, operations","[{""community_id"": 228, ""dominant_experience_level"": ""mid"", ""entry_accessibility"": ""moderate_entry_barrier"", ""community_label"": ""Talent Acquisition"", ""defining_skills"": [""strategy"", ""operations"", ""initiative_implementation""], ""defining_responsibility_signals"": [""leadership"", ""global_team_management""], ""confidence"": ""high"", ""rep_rank"": 1, ""attempt"": 1, ""raw_output"": ""{\""community_id\"": 228, \""dominant_experience_level\"": \""mid\"", \""entry_accessibility\"": \""moderate_entry_barrier\"", \""community_label\"": \""Talent Acquisition\"", \""defining_skills\"": [\""strategy\"", \""operations\"", \""initiative_implementation\""], \""defining_responsibility_signals\"": [\""leadership\"", \""global_team_management\""] , \""confidence\"": \""high\""}""}, {""community_id"": 228, ""dominant_experience_level"": ""mid"", ""entry_accessibility"": ""moderate_entry_barrier"", ""community_label"": ""Talent Acquisition"", ""defining_skills"": [""recruiting"", ""partnering"", ""hiring_management""], ""defining_responsibility_signals"": [""lead full-cycle recruiting"", ""identify key characteristics""], ""confidence"": ""high"", ""rep_rank"": 2, ""attempt"": 1, ""raw_output"": ""{\""community_id\"": 228, \""dominant_experience_level\"": \""mid\"", \""entry_accessibility\"": \""moderate_entry_barrier\"", \""community_label\"": \""Talent Acquisition\"", \""defining_skills\"": [\""recruiting\"", \""partnering\"", \""hiring_management\""], \""defining_responsibility_signals\"": [\""lead full-cycle recruiting\"", \""identify key characteristics\""] , \""confidence\"": \""high\""}""}, {""community_id"": 228, ""dominant_experience_level"": ""mid"", ""entry_accessibility"": ""moderate_entry_barrier"", ""community_label"": ""Talent Acquisition"", ""defining_skills"": [""recruiting"", ""team_management"", ""process_improvement""], ""defining_responsibility_signals"": [""partners_with_leaders"", ""implements_recruiting_processes""], ""confidence"": ""high"", ""rep_rank"": 3, ""attempt"": 1, ""raw_output"": ""{\""community_id\"": 228, \""dominant_experience_level\"": \""mid\"", \""entry_accessibility\"": \""moderate_entry_barrier\"", \""community_label\"": \""Talent Acquisition\"", \""defining_skills\"": [\""recruiting\"", \""team_management\"", \""process_improvement\""], \""defining_responsibility_signals\"": [\""partners_with_leaders\"", \""implements_recruiting_processes\""] , \""confidence\"": \""high\""}""}]",10
229,46,mid,moderate_entry_barrier,Mental Health Therapists,"['Licensed Therapist', 'Clinical Experience', 'Telehealth']","['Remote Work', 'Client Referrals']",high,1.0,1.0,1.0,1.0,3,"licensed, therapist, health, mental, lcsw, counselor, clinical, lmft, talk, professional, social, lpc","[{""community_id"": 229, ""dominant_experience_level"": ""mid"", ""entry_accessibility"": ""moderate_entry_barrier"", ""community_label"": ""Mental Health Therapists"", ""defining_skills"": [""Licensed Therapist"", ""Clinical Experience"", ""Telehealth""], ""defining_responsibility_signals"": [""Remote Work"", ""Client Referrals""], ""confidence"": ""high"", ""rep_rank"": 1, ""attempt"": 1, ""raw_output"": ""{\""community_id\"": 229, \""dominant_experience_level\"": \""mid\"", \""entry_accessibility\"": \""moderate_entry_barrier\"", \""community_label\"": \""Mental Health Therapists\"", \""defining_skills\"": [\""Licensed Therapist\"", \""Clinical Experience\"", \""Telehealth\""], \""defining_responsibility_signals\"": [\""Remote Work\"", \""Client Referrals\""] , \""confidence\"": \""high\""}""}, {""community_id"": 229, ""dominant_experience_level"": ""mid"", ""entry_accessibility"": ""moderate_entry_barrier"", ""community_label"": ""Mental Health Therapists"", ""defining_skills"": [""Licensed Therapist"", ""Clinical Experience"", ""Telehealth""], ""defining_responsibility_signals"": [""Provide Therapy Sessions"", ""Mix of Telehealth and Face-to-Face""], ""confidence"": ""high"", ""rep_rank"": 2, ""attempt"": 1, ""raw_output"": ""{\""community_id\"": 229, \""dominant_experience_level\"": \""mid\"", \""entry_accessibility\"": \""moderate_entry_barrier\"", \""community_label\"": \""Mental Health Therapists\"", \""defining_skills\"": [\""Licensed Therapist\"", \""Clinical Experience\"", \""Telehealth\""], \""defining_responsibility_signals\"": [\""Provide Therapy Sessions\"", \""Mix of Telehealth and Face-to-Face\""] , \""confidence\"": \""high\""}""}, {""community_id"": 229, ""dominant_experience_level"": ""mid"", ""entry_accessibility"": ""moderate_entry_barrier"", ""community_label"": ""Mental Health Therapists"", ""defining_skills"": [""licensed"", ""clinical"", ""counseling""], ""defining_responsibility_signals"": [""work_with_adolescents"", ""relocation""], ""confidence"": ""high"", ""rep_rank"": 3, ""attempt"": 1, ""raw_output"": ""{\""community_id\"": 229, \""dominant_experience_level\"": \""mid\"", \""entry_accessibility\"": \""moderate_entry_barrier\"", \""community_label\"": \""Mental Health Therapists\"", \""defining_skills\"": [\""licensed\"", \""clinical\"", \""counseling\""], \""defining_responsibility_signals\"": [\""work_with_adolescents\"", \""relocation\""] , \""confidence\"": \""high\""}""}]",10
230,45,mid,moderate_entry_barrier,Data & Analytics,"['Data Analysis', 'Database Management', 'Data Transformation']","['Manage Data Architecture Projects', 'Collaborate with Data Teams']",high,1.0,1.0,0.333,0.778,3,"data, analyst, database, scientist, developer, technical, transformation, clearance, security, analytics, compliance, master","[{""community_id"": 230, ""dominant_experience_level"": ""mid"", ""entry_accessibility"": ""moderate_entry_barrier"", ""community_label"": ""Data & Analytics"", ""defining_skills"": [""Data Analysis"", ""Database Management"", ""Data Transformation""], ""defining_responsibility_signals"": [""Manage Data Architecture Projects"", ""Collaborate with Data Teams""], ""confidence"": ""high"", ""rep_rank"": 1, ""attempt"": 1, ""raw_output"": ""{\""community_id\"": 230, \""dominant_experience_level\"": \""mid\"", \""entry_accessibility\"": \""moderate_entry_barrier\"", \""community_label\"": \""Data & Analytics\"", \""defining_skills\"": [\""Data Analysis\"", \""Database Management\"", \""Data Transformation\""], \""defining_responsibility_signals\"": [\""Manage Data Architecture Projects\"", \""Collaborate with Data Teams\""] , \""confidence\"": \""high\""}""}, {""community_id"": 230, ""dominant_experience_level"": ""mid"", ""entry_accessibility"": ""moderate_entry_barrier"", ""community_label"": ""Data Analysts & Developers"", ""defining_skills"": [""Data Analysis"", ""Database Management"", ""Data Visualization""], ""defining_responsibility_signals"": [""Data Transformation"", ""Compliance & Security""], ""confidence"": ""high"", ""rep_rank"": 2, ""attempt"": 1, ""raw_output"": ""{\""community_id\"": 230, \""dominant_experience_level\"": \""mid\"", \""entry_accessibility\"": \""moderate_entry_barrier\"", \""community_label\"": \""Data Analysts & Developers\"", \""defining_skills\"": [\""Data Analysis\"", \""Database Management\"", \""Data Visualization\""], \""defining_responsibility_signals\"": [\""Data Transformation\"", \""Compliance & Security\""] , \""confidence\"": \""high\""}""}, {""community_id"": 230, ""dominant_experience_level"": ""mid"", ""entry_accessibility"": ""moderate_entry_barrier"", ""community_label"": ""Data Scientist - Cybersecurity"", ""defining_skills"": [""data analysis"", ""cybersecurity"", ""AI/ML""], ""defining_responsibility_signals"": [""subject matter expert"", ""advisor to management""], ""confidence"": ""high"", ""rep_rank"": 3, ""attempt"": 1, ""raw_output"": ""{\""community_id\"": 230, \""dominant_experience_level\"": \""mid\"", \""entry_accessibility\"": \""moderate_entry_barrier\"", \""community_label\"": \""Data Scientist - Cybersecurity\"", \""defining_skills\"": [\""data analysis\"", \""cybersecurity\"", \""AI/ML\""], \""defining_responsibility_signals\"": [\""subject matter expert\"", \""advisor to management\""] , \""confidence\"": \""high\""}""}]",10
231,45,senior,moderate_entry_barrier,Senior Software Engineers,"['cloud', 'golang', 'data engineering']","['leadership', 'technical platform development']",high,0.667,1.0,0.667,0.778,3,"lead, engineer, software, cloud, developer, development, senior, technical, platform, golang, stack, credit","[{""community_id"": 231, ""dominant_experience_level"": ""mid"", ""entry_accessibility"": ""moderate_entry_barrier"", ""community_label"": ""Cloud & Data Engineer"", ""defining_skills"": [""cloud"", ""data engineering"", ""golang""], ""defining_responsibility_signals"": [""leadership"", ""technical platform development""], ""confidence"": ""high"", ""rep_rank"": 1, ""attempt"": 1, ""raw_output"": ""{\""community_id\"": 231, \""dominant_experience_level\"": \""mid\"", \""entry_accessibility\"": \""moderate_entry_barrier\"", \""community_label\"": \""Cloud & Data Engineer\"", \""defining_skills\"": [\""cloud\"", \""data engineering\"", \""golang\""], \""defining_responsibility_signals\"": [\""leadership\"", \""technical platform development\""] , \""confidence\"": \""high\""}""}, {""community_id"": 231, ""dominant_experience_level"": ""senior"", ""entry_accessibility"": ""moderate_entry_barrier"", ""community_label"": ""Senior Software Engineers"", ""defining_skills"": [""cloud"", ""golang"", ""platform""], ""defining_responsibility_signals"": [""leadership"", ""partnership""], ""confidence"": ""high"", ""rep_rank"": 2, ""attempt"": 1, ""raw_output"": ""{\""community_id\"": 231, \""dominant_experience_level\"": \""senior\"", \""entry_accessibility\"": \""moderate_entry_barrier\"", \""community_label\"": \""Senior Software Engineers\"", \""defining_skills\"": [\""cloud\"", \""golang\"", \""platform\""], \""defining_responsibility_signals\"": [\""leadership\"", \""partnership\""] , \""confidence\"": \""high\""}""}, {""community_id"": 231, ""dominant_experience_level"": ""senior"", ""entry_accessibility"": ""moderate_entry_barrier"", ""community_label"": ""Senior Software Engineers"", ""defining_skills"": [""cloud"", ""golang"", ""full_stack""], ""defining_responsibility_signals"": [""leadership"", ""complex_problem_solving""], ""confidence"": ""high"", ""rep_rank"": 3, ""attempt"": 1, ""raw_output"": ""{\""community_id\"": 231, \""dominant_experience_level\"": \""senior\"", \""entry_accessibility\"": \""moderate_entry_barrier\"", \""community_label\"": \""Senior Software Engineers\"", \""defining_skills\"": [\""cloud\"", \""golang\"", \""full_stack\""], \""defining_responsibility_signals\"": [\""leadership\"", \""complex_problem_solving\""] , \""confidence\"": \""high\""}""}]",10
232,45,junior,moderate_entry_barrier,Night Shift Hospitality,"['customer_service', 'reservation_management', 'reporting']","['front_desk_operation', 'night_audit_work']",high,1.0,1.0,1.0,1.0,3,"night, auditor, shift, custodian, 2nd, janitor, housekeeper, sanitation, environmental, services, school, 2023","[{""community_id"": 232, ""dominant_experience_level"": ""junior"", ""entry_accessibility"": ""moderate_entry_barrier"", ""community_label"": ""Night Shift Hospitality"", ""defining_skills"": [""Guest Management"", ""Front Desk Operation"", ""Night Audit""], ""defining_responsibility_signals"": [""Prepare Daily Reports"", ""Balance Transactions""], ""confidence"": ""high"", ""rep_rank"": 1, ""attempt"": 1, ""raw_output"": ""{\""community_id\"": 232, \""dominant_experience_level\"": \""junior\"", \""entry_accessibility\"": \""moderate_entry_barrier\"", \""community_label\"": \""Night Shift Hospitality\"", \""defining_skills\"": [\""Guest Management\"", \""Front Desk Operation\"", \""Night Audit\""], \""defining_responsibility_signals\"": [\""Prepare Daily Reports\"", \""Balance Transactions\""] , \""confidence\"": \""high\""}""}, {""community_id"": 232, ""dominant_experience_level"": ""junior"", ""entry_accessibility"": ""moderate_entry_barrier"", ""community_label"": ""Night Shift Hospitality"", ""defining_skills"": [""customer_service"", ""reservation_management"", ""reporting""], ""defining_responsibility_signals"": [""front_desk_operation"", ""night_audit_work""], ""confidence"": ""high"", ""rep_rank"": 2, ""attempt"": 1, ""raw_output"": ""{\""community_id\"": 232, \""dominant_experience_level\"": \""junior\"", \""entry_accessibility\"": \""moderate_entry_barrier\"", \""community_label\"": \""Night Shift Hospitality\"", \""defining_skills\"": [\""customer_service\"", \""reservation_management\"", \""reporting\""], \""defining_responsibility_signals\"": [\""front_desk_operation\"", \""night_audit_work\""] , \""confidence\"": \""high\""}""}, {""community_id"": 232, ""dominant_experience_level"": ""junior"", ""entry_accessibility"": ""moderate_entry_barrier"", ""community_label"": ""Night Shift Hospitality"", ""defining_skills"": [""customer_service"", ""reservation_management"", ""reporting""], ""defining_responsibility_signals"": [""front_desk_operation"", ""night_audit_work""], ""confidence"": ""high"", ""rep_rank"": 3, ""attempt"": 1, ""raw_output"": ""{\""community_id\"": 232, \""dominant_experience_level\"": \""junior\"", \""entry_accessibility\"": \""moderate_entry_barrier\"", \""community_label\"": \""Night Shift Hospitality\"", \""defining_skills\"": [\""customer_service\"", \""reservation_management\"", \""reporting\""], \""defining_responsibility_signals\"": [\""front_desk_operation\"", \""night_audit_work\""] , \""confidence\"": \""high\""}""}]",10
233,45,junior,moderate_entry_barrier,Occupational Therapy Assistant,"['Occupational Therapy', 'Assistant', 'COTA']","['Help patients recover', 'Work in facility']",high,1.0,1.0,1.0,1.0,3,"occupational, therapy, assistant, cota, therapist, school, 000, sign, bonus, snf, physical, mentor","[{""community_id"": 233, ""dominant_experience_level"": ""junior"", ""entry_accessibility"": ""moderate_entry_barrier"", ""community_label"": ""Occupational Therapy Assistant"", ""defining_skills"": [""Occupational Therapy"", ""Assistant"", ""COTA""], ""defining_responsibility_signals"": [""Help patients recover"", ""Work in facility""], ""confidence"": ""high"", ""rep_rank"": 1, ""attempt"": 1, ""raw_output"": ""{\""community_id\"": 233, \""dominant_experience_level\"": \""junior\"", \""entry_accessibility\"": \""moderate_entry_barrier\"", \""community_label\"": \""Occupational Therapy Assistant\"", \""defining_skills\"": [\""Occupational Therapy\"", \""Assistant\"", \""COTA\""], \""defining_responsibility_signals\"": [\""Help patients recover\"", \""Work in facility\""] , \""confidence\"": \""high\""}""}, {""community_id"": 233, ""dominant_experience_level"": ""junior"", ""entry_accessibility"": ""moderate_entry_barrier"", ""community_label"": ""Occupational Therapy Assistant"", ""defining_skills"": [""Occupational Therapy"", ""Assistant"", ""COTA""], ""defining_responsibility_signals"": [""Help patients recover"", ""Work in facility""], ""confidence"": ""high"", ""rep_rank"": 2, ""attempt"": 1, ""raw_output"": ""{\""community_id\"": 233, \""dominant_experience_level\"": \""junior\"", \""entry_accessibility\"": \""moderate_entry_barrier\"", \""community_label\"": \""Occupational Therapy Assistant\"", \""defining_skills\"": [\""Occupational Therapy\"", \""Assistant\"", \""COTA\""], \""defining_responsibility_signals\"": [\""Help patients recover\"", \""Work in facility\""] , \""confidence\"": \""high\""}""}, {""community_id"": 233, ""dominant_experience_level"": ""junior"", ""entry_accessibility"": ""moderate_entry_barrier"", ""community_label"": ""Occupational Therapy Assistant"", ""defining_skills"": [""Occupational Therapy"", ""Assistant"", ""COTA""], ""defining_responsibility_signals"": [""Help patients recover"", ""Work in facility""], ""confidence"": ""high"", ""rep_rank"": 3, ""attempt"": 1, ""raw_output"": ""{\""community_id\"": 233, \""dominant_experience_level\"": \""junior\"", \""entry_accessibility\"": \""moderate_entry_barrier\"", \""community_label\"": \""Occupational Therapy Assistant\"", \""defining_skills\"": [\""Occupational Therapy\"", \""Assistant\"", \""COTA\""], \""defining_responsibility_signals\"": [\""Help patients recover\"", \""Work in facility\""] , \""confidence\"": \""high\""}""}]",10
234,44,mid,moderate_entry_barrier,Property Development Finance,"['financial_analysis', 'forecasting', 'capital_projects']","['financial_aspects', 'construction_department']",high,1.0,1.0,0.333,0.778,3,"manager, project, construction, controller, accountant, real, estate, director, financial, specialist, finance, analyst","[{""community_id"": 234, ""dominant_experience_level"": ""mid"", ""entry_accessibility"": ""moderate_entry_barrier"", ""community_label"": ""Property Development Finance"", ""defining_skills"": [""financial_analysis"", ""forecasting"", ""capital_projects""], ""defining_responsibility_signals"": [""financial_aspects"", ""construction_department""], ""confidence"": ""high"", ""rep_rank"": 1, ""attempt"": 1, ""raw_output"": ""{\""community_id\"": 234, \""dominant_experience_level\"": \""mid\"", \""entry_accessibility\"": \""moderate_entry_barrier\"", \""community_label\"": \""Property Development Finance\"", \""defining_skills\"": [\""financial_analysis\"", \""forecasting\"", \""capital_projects\""], \""defining_responsibility_signals\"": [\""financial_aspects\"", \""construction_department\""] , \""confidence\"": \""high\""}""}, {""community_id"": 234, ""dominant_experience_level"": ""mid"", ""entry_accessibility"": ""moderate_entry_barrier"", ""community_label"": ""Construction Accounting"", ""defining_skills"": [""financial reporting"", ""budgeting"", ""cost analysis""], ""defining_responsibility_signals"": [""manages financial operations"", ""construction projects""], ""confidence"": ""high"", ""rep_rank"": 2, ""attempt"": 1, ""raw_output"": ""{\""community_id\"": 234, \""dominant_experience_level\"": \""mid\"", \""entry_accessibility\"": \""moderate_entry_barrier\"", \""community_label\"": \""Construction Accounting\"", \""defining_skills\"": [\""financial reporting\"", \""budgeting\"", \""cost analysis\""], \""defining_responsibility_signals\"": [\""manages financial operations\"", \""construction projects\""] , \""confidence\"": \""high\""}""}, {""community_id"": 234, ""dominant_experience_level"": ""mid"", ""entry_accessibility"": ""moderate_entry_barrier"", ""community_label"": ""Construction Project Accounting"", ""defining_skills"": [""accounting"", ""project management"", ""finance""], ""defining_responsibility_signals"": [""monitor project progress"", ""investigate variances""], ""confidence"": ""high"", ""rep_rank"": 3, ""attempt"": 1, ""raw_output"": ""{\""community_id\"": 234, \""dominant_experience_level\"": \""mid\"", \""entry_accessibility\"": \""moderate_entry_barrier\"", \""community_label\"": \""Construction Project Accounting\"", \""defining_skills\"": [\""accounting\"", \""project management\"", \""finance\""], \""defining_responsibility_signals\"": [\""monitor project progress\"", \""investigate variances\""] , \""confidence\"": \""high\""}""}]",10
235,44,junior,moderate_entry_barrier,Dialysis Technician,"['patient care', 'medical assistance', 'certification']","['leadership', 'certification']",high,1.0,1.0,1.0,1.0,3,"technician, patient, care, medical, assistant, unit, certified, clinic, nights, surgical, tech, neuro","[{""community_id"": 235, ""dominant_experience_level"": ""junior"", ""entry_accessibility"": ""moderate_entry_barrier"", ""community_label"": ""Dialysis Technician"", ""defining_skills"": [""patient care"", ""medical assistance"", ""certification""], ""defining_responsibility_signals"": [""leadership"", ""certification""], ""confidence"": ""high"", ""rep_rank"": 1, ""attempt"": 1, ""raw_output"": ""{\""community_id\"": 235, \""dominant_experience_level\"": \""junior\"", \""entry_accessibility\"": \""moderate_entry_barrier\"", \""community_label\"": \""Dialysis Technician\"", \""defining_skills\"": [\""patient care\"", \""medical assistance\"", \""certification\""], \""defining_responsibility_signals\"": [\""leadership\"", \""certification\""] , \""confidence\"": \""high\""}""}, {""community_id"": 235, ""dominant_experience_level"": ""junior"", ""entry_accessibility"": ""moderate_entry_barrier"", ""community_label"": ""Dialysis Technician"", ""defining_skills"": [""patient care"", ""dialysis equipment operation"", ""clinical skills""], ""defining_responsibility_signals"": [""provide patient care"", ""operate dialysis equipment""], ""confidence"": ""high"", ""rep_rank"": 2, ""attempt"": 1, ""raw_output"": ""{\""community_id\"": 235, \""dominant_experience_level\"": \""junior\"", \""entry_accessibility\"": \""moderate_entry_barrier\"", \""community_label\"": \""Dialysis Technician\"", \""defining_skills\"": [\""patient care\"", \""dialysis equipment operation\"", \""clinical skills\""], \""defining_responsibility_signals\"": [\""provide patient care\"", \""operate dialysis equipment\""] , \""confidence\"": \""high\""}""}, {""community_id"": 235, ""dominant_experience_level"": ""junior"", ""entry_accessibility"": ""moderate_entry_barrier"", ""community_label"": ""Dialysis Technician"", ""defining_skills"": [""patient care"", ""medical assistance"", ""certification""], ""defining_responsibility_signals"": [""leadership"", ""certification""], ""confidence"": ""high"", ""rep_rank"": 3, ""attempt"": 1, ""raw_output"": ""{\""community_id\"": 235, \""dominant_experience_level\"": \""junior\"", \""entry_accessibility\"": \""moderate_entry_barrier\"", \""community_label\"": \""Dialysis Technician\"", \""defining_skills\"": [\""patient care\"", \""medical assistance\"", \""certification\""], \""defining_responsibility_signals\"": [\""leadership\"", \""certification\""] , \""confidence\"": \""high\""}""}]",10
236,44,mid,moderate_entry_barrier,Grocery Store Management,"['food category management', 'team leadership', 'store operations']","['ensure food operational execution', 'train and coach associates']",high,1.0,1.0,0.667,0.889,3,"manager, assistant, grocery, clerk, produce, food, captain, store, bakery, sales, service, meat","[{""community_id"": 236, ""dominant_experience_level"": ""mid"", ""entry_accessibility"": ""moderate_entry_barrier"", ""community_label"": ""Food Service Management"", ""defining_skills"": [""food category management"", ""team leadership"", ""store operations""], ""defining_responsibility_signals"": [""ensure food operational execution"", ""train and coach associates""], ""confidence"": ""high"", ""rep_rank"": 1, ""attempt"": 1, ""raw_output"": ""{\""community_id\"": 236, \""dominant_experience_level\"": \""mid\"", \""entry_accessibility\"": \""moderate_entry_barrier\"", \""community_label\"": \""Food Service Management\"", \""defining_skills\"": [\""food category management\"", \""team leadership\"", \""store operations\""], \""defining_responsibility_signals\"": [\""ensure food operational execution\"", \""train and coach associates\""] , \""confidence\"": \""high\""}""}, {""community_id"": 236, ""dominant_experience_level"": ""mid"", ""entry_accessibility"": ""moderate_entry_barrier"", ""community_label"": ""Grocery Store Management"", ""defining_skills"": [""food category management"", ""team leadership"", ""store operations""], ""defining_responsibility_signals"": [""ensure food operational execution"", ""train and coach associates""], ""confidence"": ""high"", ""rep_rank"": 2, ""attempt"": 1, ""raw_output"": ""{\""community_id\"": 236, \""dominant_experience_level\"": \""mid\"", \""entry_accessibility\"": \""moderate_entry_barrier\"", \""community_label\"": \""Grocery Store Management\"", \""defining_skills\"": [\""food category management\"", \""team leadership\"", \""store operations\""], \""defining_responsibility_signals\"": [\""ensure food operational execution\"", \""train and coach associates\""] , \""confidence\"": \""high\""}""}, {""community_id"": 236, ""dominant_experience_level"": ""mid"", ""entry_accessibility"": ""moderate_entry_barrier"", ""community_label"": ""Grocery Store Management"", ""defining_skills"": [""food category management"", ""team leadership"", ""store operations""], ""defining_responsibility_signals"": [""ensure food operational execution"", ""train and coach associates""], ""confidence"": ""high"", ""rep_rank"": 3, ""attempt"": 1, ""raw_output"": ""{\""community_id\"": 236, \""dominant_experience_level\"": \""mid\"", \""entry_accessibility\"": \""moderate_entry_barrier\"", \""community_label\"": \""Grocery Store Management\"", \""defining_skills\"": [\""food category management\"", \""team leadership\"", \""store operations\""], \""defining_responsibility_signals\"": [\""ensure food operational execution\"", \""train and coach associates\""] , \""confidence\"": \""high\""}""}]",10
237,44,mid,moderate_entry_barrier,Junior to Mid-Level Data Scientist/Software Developer,"['data', 'software', 'cloud']","['interview preparation', 'career development']",high,1.0,1.0,0.333,0.778,3,"developer, data, software, engineer, technical, junior, scientist, oracle, cloud, senior, consultant, salesforce","[{""community_id"": 237, ""dominant_experience_level"": ""mid"", ""entry_accessibility"": ""moderate_entry_barrier"", ""community_label"": ""Junior to Mid-Level Data Scientist/Software Developer"", ""defining_skills"": [""data"", ""software"", ""cloud""], ""defining_responsibility_signals"": [""interview preparation"", ""career development""], ""confidence"": ""high"", ""rep_rank"": 1, ""attempt"": 1, ""raw_output"": ""{\""community_id\"": 237, \""dominant_experience_level\"": \""mid\"", \""entry_accessibility\"": \""moderate_entry_barrier\"", \""community_label\"": \""Junior to Mid-Level Data Scientist/Software Developer\"", \""defining_skills\"": [\""data\"", \""software\"", \""cloud\""], \""defining_responsibility_signals\"": [\""interview preparation\"", \""career development\""] , \""confidence\"": \""high\""}""}, {""community_id"": 237, ""dominant_experience_level"": ""mid"", ""entry_accessibility"": ""moderate_entry_barrier"", ""community_label"": ""Data & Software Engineering"", ""defining_skills"": [""data"", ""software"", ""cloud""], ""defining_responsibility_signals"": [""technical"", ""consultant""], ""confidence"": ""high"", ""rep_rank"": 2, ""attempt"": 1, ""raw_output"": ""{\""community_id\"": 237, \""dominant_experience_level\"": \""mid\"", \""entry_accessibility\"": \""moderate_entry_barrier\"", \""community_label\"": \""Data & Software Engineering\"", \""defining_skills\"": [\""data\"", \""software\"", \""cloud\""], \""defining_responsibility_signals\"": [\""technical\"", \""consultant\""] , \""confidence\"": \""high\""}""}, {""community_id"": 237, ""dominant_experience_level"": ""mid"", ""entry_accessibility"": ""moderate_entry_barrier"", ""community_label"": ""Junior to Mid-Level Data & Software Professionals"", ""defining_skills"": [""data"", ""software"", ""cloud""], ""defining_responsibility_signals"": [""requires_bachelor"", ""requires_certification""], ""confidence"": ""high"", ""rep_rank"": 3, ""attempt"": 1, ""raw_output"": ""{\""community_id\"": 237, \""dominant_experience_level\"": \""mid\"", \""entry_accessibility\"": \""moderate_entry_barrier\"", \""community_label\"": \""Junior to Mid-Level Data & Software Professionals\"", \""defining_skills\"": [\""data\"", \""software\"", \""cloud\""], \""defining_responsibility_signals\"": [\""requires_bachelor\"", \""requires_certification\""] , \""confidence\"": \""high\""}""}]",10
238,44,mid,moderate_entry_barrier,Tax Management,"['tax compliance', 'corporate taxation', 'international tax laws']","['oversee', 'implement']",high,1.0,1.0,1.0,1.0,3,"tax, manager, accountant, analyst, senior, indirect, corporate, income, director, operations, company, seeking","[{""community_id"": 238, ""dominant_experience_level"": ""mid"", ""entry_accessibility"": ""moderate_entry_barrier"", ""community_label"": ""Tax Management"", ""defining_skills"": [""tax compliance"", ""corporate taxation"", ""international tax laws""], ""defining_responsibility_signals"": [""oversee"", ""implement""], ""confidence"": ""high"", ""rep_rank"": 1, ""attempt"": 1, ""raw_output"": ""{\""community_id\"": 238, \""dominant_experience_level\"": \""mid\"", \""entry_accessibility\"": \""moderate_entry_barrier\"", \""community_label\"": \""Tax Management\"", \""defining_skills\"": [\""tax compliance\"", \""corporate taxation\"", \""international tax laws\""], \""defining_responsibility_signals\"": [\""oversee\"", \""implement\""] , \""confidence\"": \""high\""}""}, {""community_id"": 238, ""dominant_experience_level"": ""mid"", ""entry_accessibility"": ""moderate_entry_barrier"", ""community_label"": ""Tax Management"", ""defining_skills"": [""Tax Filing"", ""Tax Strategies"", ""Tax Incentives""], ""defining_responsibility_signals"": [""Timely Filing"", ""Analysis and Support""], ""confidence"": ""high"", ""rep_rank"": 2, ""attempt"": 1, ""raw_output"": ""{\""community_id\"": 238, \""dominant_experience_level\"": \""mid\"", \""entry_accessibility\"": \""moderate_entry_barrier\"", \""community_label\"": \""Tax Management\"", \""defining_skills\"": [\""Tax Filing\"", \""Tax Strategies\"", \""Tax Incentives\""], \""defining_responsibility_signals\"": [\""Timely Filing\"", \""Analysis and Support\""] , \""confidence\"": \""high\""}""}, {""community_id"": 238, ""dominant_experience_level"": ""mid"", ""entry_accessibility"": ""moderate_entry_barrier"", ""community_label"": ""Tax Management"", ""defining_skills"": [""Tax Accounting"", ""Tax Compliance"", ""Tax Guidance""], ""defining_responsibility_signals"": [""Manage Tax Operations"", ""Leadership in Tax Issues""], ""confidence"": ""high"", ""rep_rank"": 3, ""attempt"": 1, ""raw_output"": ""{\""community_id\"": 238, \""dominant_experience_level\"": \""mid\"", \""entry_accessibility\"": \""moderate_entry_barrier\"", \""community_label\"": \""Tax Management\"", \""defining_skills\"": [\""Tax Accounting\"", \""Tax Compliance\"", \""Tax Guidance\""], \""defining_responsibility_signals\"": [\""Manage Tax Operations\"", \""Leadership in Tax Issues\""] , \""confidence\"": \""high\""}""}]",10
239,44,mid,moderate_entry_barrier,Software Engineering,"['ruby', 'rails', 'software development']","['leadership', 'product development']",high,1.0,1.0,0.667,0.889,3,"engineer, manager, software, ruby, product, technical, engineering, rails, development, program, developer, senior","[{""community_id"": 239, ""dominant_experience_level"": ""mid"", ""entry_accessibility"": ""moderate_entry_barrier"", ""community_label"": ""Software Engineering"", ""defining_skills"": [""ruby"", ""rails"", ""software development""], ""defining_responsibility_signals"": [""leadership"", ""product development""], ""confidence"": ""high"", ""rep_rank"": 1, ""attempt"": 1, ""raw_output"": ""{\""community_id\"": 239, \""dominant_experience_level\"": \""mid\"", \""entry_accessibility\"": \""moderate_entry_barrier\"", \""community_label\"": \""Software Engineering\"", \""defining_skills\"": [\""ruby\"", \""rails\"", \""software development\""], \""defining_responsibility_signals\"": [\""leadership\"", \""product development\""] , \""confidence\"": \""high\""}""}, {""community_id"": 239, ""dominant_experience_level"": ""mid"", ""entry_accessibility"": ""moderate_entry_barrier"", ""community_label"": ""Software Engineering"", ""defining_skills"": [""ruby"", ""rails"", ""software development""], ""defining_responsibility_signals"": [""leadership"", ""product development""], ""confidence"": ""high"", ""rep_rank"": 2, ""attempt"": 1, ""raw_output"": ""{\""community_id\"": 239, \""dominant_experience_level\"": \""mid\"", \""entry_accessibility\"": \""moderate_entry_barrier\"", \""community_label\"": \""Software Engineering\"", \""defining_skills\"": [\""ruby\"", \""rails\"", \""software development\""], \""defining_responsibility_signals\"": [\""leadership\"", \""product development\""] , \""confidence\"": \""high\""}""}, {""community_id"": 239, ""dominant_experience_level"": ""mid"", ""entry_accessibility"": ""moderate_entry_barrier"", ""community_label"": ""Senior Technical Program Manager"", ""defining_skills"": [""ruby"", ""rails"", ""software_development""], ""defining_responsibility_signals"": [""coordinate_large_initiatives"", ""lead_engineering_teams""], ""confidence"": ""high"", ""rep_rank"": 3, ""attempt"": 1, ""raw_output"": ""{\""community_id\"": 239, \""dominant_experience_level\"": \""mid\"", \""entry_accessibility\"": \""moderate_entry_barrier\"", \""community_label\"": \""Senior Technical Program Manager\"", \""defining_skills\"": [\""ruby\"", \""rails\"", \""software_development\""], \""defining_responsibility_signals\"": [\""coordinate_large_initiatives\"", \""lead_engineering_teams\""] , \""confidence\"": \""high\""}""}]",10
240,44,junior,moderate_entry_barrier,Medical Lab Technician,"['medical', 'microbiology', 'laboratory']","['perform', 'analyze']",high,1.0,1.0,1.0,1.0,3,"technician, laboratory, lab, medical, assistant, technologist, microbiology, research, service, coordinator, iii, nights","[{""community_id"": 240, ""dominant_experience_level"": ""junior"", ""entry_accessibility"": ""moderate_entry_barrier"", ""community_label"": ""Medical Lab Technician"", ""defining_skills"": [""laboratory"", ""medical"", ""microbiology""], ""defining_responsibility_signals"": [""perform"", ""analyze""], ""confidence"": ""high"", ""rep_rank"": 1, ""attempt"": 1, ""raw_output"": ""{\""community_id\"": 240, \""dominant_experience_level\"": \""junior\"", \""entry_accessibility\"": \""moderate_entry_barrier\"", \""community_label\"": \""Medical Lab Technician\"", \""defining_skills\"": [\""laboratory\"", \""medical\"", \""microbiology\""], \""defining_responsibility_signals\"": [\""perform\"", \""analyze\""] , \""confidence\"": \""high\""}""}, {""community_id"": 240, ""dominant_experience_level"": ""junior"", ""entry_accessibility"": ""moderate_entry_barrier"", ""community_label"": ""Medical Lab Technician"", ""defining_skills"": [""microbiology"", ""medical lab testing"", ""clinical analysis""], ""defining_responsibility_signals"": [""perform"", ""analyze""], ""confidence"": ""high"", ""rep_rank"": 2, ""attempt"": 1, ""raw_output"": ""{\""community_id\"": 240, \""dominant_experience_level\"": \""junior\"", \""entry_accessibility\"": \""moderate_entry_barrier\"", \""community_label\"": \""Medical Lab Technician\"", \""defining_skills\"": [\""microbiology\"", \""medical lab testing\"", \""clinical analysis\""], \""defining_responsibility_signals\"": [\""perform\"", \""analyze\""] , \""confidence\"": \""high\""}""}, {""community_id"": 240, ""dominant_experience_level"": ""junior"", ""entry_accessibility"": ""moderate_entry_barrier"", ""community_label"": ""Medical Lab Technician"", ""defining_skills"": [""lab"", ""medical"", ""technician""], ""defining_responsibility_signals"": [""supervise"", ""coordinate""], ""confidence"": ""high"", ""rep_rank"": 3, ""attempt"": 1, ""raw_output"": ""{\""community_id\"": 240, \""dominant_experience_level\"": \""junior\"", \""entry_accessibility\"": \""moderate_entry_barrier\"", \""community_label\"": \""Medical Lab Technician\"", \""defining_skills\"": [\""lab\"", \""medical\"", \""technician\""], \""defining_responsibility_signals\"": [\""supervise\"", \""coordinate\""] , \""confidence\"": \""high\""}""}]",10
241,44,mid,moderate_entry_barrier,Insurance Underwriting,"['Risk Assessment', 'Premium Negotiation', 'Broker Carrier Management']","['Underwrite and Analyze Accounts', 'Meet Company Profit Goals']",high,1.0,1.0,0.667,0.889,3,"underwriter, senior, casualty, underwriting, insurance, director, risk, reinsurance, executive, manager, facultative, broker","[{""community_id"": 241, ""dominant_experience_level"": ""mid"", ""entry_accessibility"": ""moderate_entry_barrier"", ""community_label"": ""Insurance Underwriting"", ""defining_skills"": [""Risk Assessment"", ""Premium Negotiation"", ""Broker Carrier Management""], ""defining_responsibility_signals"": [""Underwrite and Analyze Accounts"", ""Meet Company Profit Goals""], ""confidence"": ""high"", ""rep_rank"": 1, ""attempt"": 1, ""raw_output"": ""{\""community_id\"": 241, \""dominant_experience_level\"": \""mid\"", \""entry_accessibility\"": \""moderate_entry_barrier\"", \""community_label\"": \""Insurance Underwriting\"", \""defining_skills\"": [\""Risk Assessment\"", \""Premium Negotiation\"", \""Broker Carrier Management\""], \""defining_responsibility_signals\"": [\""Underwrite and Analyze Accounts\"", \""Meet Company Profit Goals\""] , \""confidence\"": \""high\""}""}, {""community_id"": 241, ""dominant_experience_level"": ""mid"", ""entry_accessibility"": ""moderate_entry_barrier"", ""community_label"": ""Insurance Underwriting"", ""defining_skills"": [""Risk Assessment"", ""Broker Management"", ""Multi-line Underwriting""], ""defining_responsibility_signals"": [""Evaluate Business Opportunities"", ""Shape Management Strategies""], ""confidence"": ""high"", ""rep_rank"": 2, ""attempt"": 1, ""raw_output"": ""{\""community_id\"": 241, \""dominant_experience_level\"": \""mid\"", \""entry_accessibility\"": \""moderate_entry_barrier\"", \""community_label\"": \""Insurance Underwriting\"", \""defining_skills\"": [\""Risk Assessment\"", \""Broker Management\"", \""Multi-line Underwriting\""], \""defining_responsibility_signals\"": [\""Evaluate Business Opportunities\"", \""Shape Management Strategies\""] , \""confidence\"": \""high\""}""}, {""community_id"": 241, ""dominant_experience_level"": ""mid"", ""entry_accessibility"": ""moderate_entry_barrier"", ""community_label"": ""Insurance Underwriter"", ""defining_skills"": [""Risk Assessment"", ""Premium Negotiation"", ""Broker Carrier Management""], ""defining_responsibility_signals"": [""Analyze Risks"", ""Develop Premiums""], ""confidence"": ""high"", ""rep_rank"": 3, ""attempt"": 1, ""raw_output"": ""{\""community_id\"": 241, \""dominant_experience_level\"": \""mid\"", \""entry_accessibility\"": \""moderate_entry_barrier\"", \""community_label\"": \""Insurance Underwriter\"", \""defining_skills\"": [\""Risk Assessment\"", \""Premium Negotiation\"", \""Broker Carrier Management\""], \""defining_responsibility_signals\"": [\""Analyze Risks\"", \""Develop Premiums\""] , \""confidence\"": \""high\""}""}]",10
242,44,senior,moderate_entry_barrier,Regulatory Affairs,"['regulatory affairs', 'clinical labeling', 'global strategy']","['develop and implement global regulatory strategies', 'obtaining']",high,0.667,1.0,1.0,0.889,3,"regulatory, affairs, director, specialist, manager, senior, cmc, clinical, labeling, strategy, global, auto","[{""community_id"": 242, ""dominant_experience_level"": ""senior"", ""entry_accessibility"": ""moderate_entry_barrier"", ""community_label"": ""Regulatory Affairs"", ""defining_skills"": [""global regulatory strategy"", ""clinical studies"", ""regulatory lead""], ""defining_responsibility_signals"": [""develop and implement global regulatory strategies"", ""obtaining""], ""confidence"": ""high"", ""rep_rank"": 1, ""attempt"": 1, ""raw_output"": ""{\""community_id\"": 242, \""dominant_experience_level\"": \""senior\"", \""entry_accessibility\"": \""moderate_entry_barrier\"", \""community_label\"": \""Regulatory Affairs\"", \""defining_skills\"": [\""global regulatory strategy\"", \""clinical studies\"", \""regulatory lead\""], \""defining_responsibility_signals\"": [\""develop and implement global regulatory strategies\"", \""obtaining\""] , \""confidence\"": \""high\""}""}, {""community_id"": 242, ""dominant_experience_level"": ""mid"", ""entry_accessibility"": ""moderate_entry_barrier"", ""community_label"": ""Regulatory Affairs"", ""defining_skills"": [""regulatory affairs"", ""clinical labeling"", ""global strategy""], ""defining_responsibility_signals"": [""project team support"", ""company adherence""], ""confidence"": ""high"", ""rep_rank"": 2, ""attempt"": 1, ""raw_output"": ""{\""community_id\"": 242, \""dominant_experience_level\"": \""mid\"", \""entry_accessibility\"": \""moderate_entry_barrier\"", \""community_label\"": \""Regulatory Affairs\"", \""defining_skills\"": [\""regulatory affairs\"", \""clinical labeling\"", \""global strategy\""], \""defining_responsibility_signals\"": [\""project team support\"", \""company adherence\""] , \""confidence\"": \""high\""}""}, {""community_id"": 242, ""dominant_experience_level"": ""senior"", ""entry_accessibility"": ""moderate_entry_barrier"", ""community_label"": ""Regulatory Affairs"", ""defining_skills"": [""regulatory affairs"", ""clinical labeling"", ""global strategy""], ""defining_responsibility_signals"": [""stakeholder management"", ""strategic leadership""], ""confidence"": ""high"", ""rep_rank"": 3, ""attempt"": 1, ""raw_output"": ""{\""community_id\"": 242, \""dominant_experience_level\"": \""senior\"", \""entry_accessibility\"": \""moderate_entry_barrier\"", \""community_label\"": \""Regulatory Affairs\"", \""defining_skills\"": [\""regulatory affairs\"", \""clinical labeling\"", \""global strategy\""], \""defining_responsibility_signals\"": [\""stakeholder management\"", \""strategic leadership\""] , \""confidence\"": \""high\""}""}]",10
243,44,mid,moderate_entry_barrier,Property Management,"['leasing', 'community management', 'compliance']","['supervision', 'community management']",high,1.0,1.0,0.667,0.889,3,"maintenance, community, leasing, consultant, manager, supervisor, affordable, compliance, specialist, technician, assistant, apartments","[{""community_id"": 243, ""dominant_experience_level"": ""mid"", ""entry_accessibility"": ""moderate_entry_barrier"", ""community_label"": ""Property Management"", ""defining_skills"": [""leasing"", ""compliance"", ""affordable housing""], ""defining_responsibility_signals"": [""community management"", ""supervision""], ""confidence"": ""high"", ""rep_rank"": 1, ""attempt"": 1, ""raw_output"": ""{\""community_id\"": 243, \""dominant_experience_level\"": \""mid\"", \""entry_accessibility\"": \""moderate_entry_barrier\"", \""community_label\"": \""Property Management\"", \""defining_skills\"": [\""leasing\"", \""compliance\"", \""affordable housing\""], \""defining_responsibility_signals\"": [\""community management\"", \""supervision\""] , \""confidence\"": \""high\""}""}, {""community_id"": 243, ""dominant_experience_level"": ""mid"", ""entry_accessibility"": ""moderate_entry_barrier"", ""community_label"": ""Apartment Leasing & Management"", ""defining_skills"": [""leasing"", ""community management"", ""affordable housing compliance""], ""defining_responsibility_signals"": [""leadership"", ""consultation""], ""confidence"": ""high"", ""rep_rank"": 2, ""attempt"": 1, ""raw_output"": ""{\""community_id\"": 243, \""dominant_experience_level\"": \""mid\"", \""entry_accessibility\"": \""moderate_entry_barrier\"", \""community_label\"": \""Apartment Leasing & Management\"", \""defining_skills\"": [\""leasing\"", \""community management\"", \""affordable housing compliance\""], \""defining_responsibility_signals\"": [\""leadership\"", \""consultation\""] , \""confidence\"": \""high\""}""}, {""community_id"": 243, ""dominant_experience_level"": ""mid"", ""entry_accessibility"": ""moderate_entry_barrier"", ""community_label"": ""Property Management"", ""defining_skills"": [""maintenance"", ""community management"", ""leasing""], ""defining_responsibility_signals"": [""supervision"", ""compliance""], ""confidence"": ""high"", ""rep_rank"": 3, ""attempt"": 1, ""raw_output"": ""{\""community_id\"": 243, \""dominant_experience_level\"": \""mid\"", \""entry_accessibility\"": \""moderate_entry_barrier\"", \""community_label\"": \""Property Management\"", \""defining_skills\"": [\""maintenance\"", \""community management\"", \""leasing\""], \""defining_responsibility_signals\"": [\""supervision\"", \""compliance\""] , \""confidence\"": \""high\""}""}]",10
244,44,mid,moderate_entry_barrier,Broadcast News Production,"['news production', 'journalism', 'creative vision']","['create meaningful newscasts', 'make decisions and communicate plans']",high,1.0,1.0,0.333,0.778,3,"news, producer, journalist, editor, reporter, multimedia, local, anchor, content, assistant, kmgh, writer","[{""community_id"": 244, ""dominant_experience_level"": ""mid"", ""entry_accessibility"": ""moderate_entry_barrier"", ""community_label"": ""Broadcast News Production"", ""defining_skills"": [""news production"", ""creative vision"", ""story selection""], ""defining_responsibility_signals"": [""create meaningful newscasts"", ""make decisions and communicate plans""], ""confidence"": ""high"", ""rep_rank"": 1, ""attempt"": 1, ""raw_output"": ""{\""community_id\"": 244, \""dominant_experience_level\"": \""mid\"", \""entry_accessibility\"": \""moderate_entry_barrier\"", \""community_label\"": \""Broadcast News Production\"", \""defining_skills\"": [\""news production\"", \""creative vision\"", \""story selection\""], \""defining_responsibility_signals\"": [\""create meaningful newscasts\"", \""make decisions and communicate plans\""] , \""confidence\"": \""high\""}""}, {""community_id"": 244, ""dominant_experience_level"": ""mid"", ""entry_accessibility"": ""moderate_entry_barrier"", ""community_label"": ""Broadcast News"", ""defining_skills"": [""journalism"", ""multimedia"", ""storytelling""], ""defining_responsibility_signals"": [""reporting"", ""editing""], ""confidence"": ""high"", ""rep_rank"": 2, ""attempt"": 1, ""raw_output"": ""{\""community_id\"": 244, \""dominant_experience_level\"": \""mid\"", \""entry_accessibility\"": \""moderate_entry_barrier\"", \""community_label\"": \""Broadcast News\"", \""defining_skills\"": [\""journalism\"", \""multimedia\"", \""storytelling\""], \""defining_responsibility_signals\"": [\""reporting\"", \""editing\""] , \""confidence\"": \""high\""}""}, {""community_id"": 244, ""dominant_experience_level"": ""mid"", ""entry_accessibility"": ""moderate_entry_barrier"", ""community_label"": ""Broadcast Journalist"", ""defining_skills"": [""news production"", ""journalism"", ""multimedia content creation""], ""defining_responsibility_signals"": [""storytelling"", ""deadline management""], ""confidence"": ""high"", ""rep_rank"": 3, ""attempt"": 1, ""raw_output"": ""{\""community_id\"": 244, \""dominant_experience_level\"": \""mid\"", \""entry_accessibility\"": \""moderate_entry_barrier\"", \""community_label\"": \""Broadcast Journalist\"", \""defining_skills\"": [\""news production\"", \""journalism\"", \""multimedia content creation\""], \""defining_responsibility_signals\"": [\""storytelling\"", \""deadline management\""] , \""confidence\"": \""high\""}""}]",10
245,44,mid,moderate_entry_barrier,Virtual Speaker,"['Public Speaking', 'Virtual Classroom Experience', 'Performing Arts']","['Interact with Classroom', 'Remote Participation']",high,1.0,1.0,1.0,1.0,3,"speaker, volunteer, virtual, classroom, career, day, path, becoming, industry, video, game, sports","[{""community_id"": 245, ""dominant_experience_level"": ""mid"", ""entry_accessibility"": ""moderate_entry_barrier"", ""community_label"": ""Virtual Speaker"", ""defining_skills"": [""Public Speaking"", ""Virtual Classroom Experience"", ""Performing Arts""], ""defining_responsibility_signals"": [""Interact with Classroom"", ""Remote Participation""], ""confidence"": ""high"", ""rep_rank"": 1, ""attempt"": 1, ""raw_output"": ""{\""community_id\"": 245, \""dominant_experience_level\"": \""mid\"", \""entry_accessibility\"": \""moderate_entry_barrier\"", \""community_label\"": \""Virtual Speaker\"", \""defining_skills\"": [\""Public Speaking\"", \""Virtual Classroom Experience\"", \""Performing Arts\""], \""defining_responsibility_signals\"": [\""Interact with Classroom\"", \""Remote Participation\""] , \""confidence\"": \""high\""}""}, {""community_id"": 245, ""dominant_experience_level"": ""mid"", ""entry_accessibility"": ""moderate_entry_barrier"", ""community_label"": ""Virtual Speaker"", ""defining_skills"": [""Public Speaking"", ""Virtual Classroom Experience"", ""Performing Arts""], ""defining_responsibility_signals"": [""Interact with Classroom"", ""Educate Students""], ""confidence"": ""high"", ""rep_rank"": 2, ""attempt"": 1, ""raw_output"": ""{\""community_id\"": 245, \""dominant_experience_level\"": \""mid\"", \""entry_accessibility\"": \""moderate_entry_barrier\"", \""community_label\"": \""Virtual Speaker\"", \""defining_skills\"": [\""Public Speaking\"", \""Virtual Classroom Experience\"", \""Performing Arts\""], \""defining_responsibility_signals\"": [\""Interact with Classroom\"", \""Educate Students\""] , \""confidence\"": \""high\""}""}, {""community_id"": 245, ""dominant_experience_level"": ""mid"", ""entry_accessibility"": ""moderate_entry_barrier"", ""community_label"": ""Virtual Speaker"", ""defining_skills"": [""Public Speaking"", ""Virtual Classroom Experience"", ""Industry Knowledge""], ""defining_responsibility_signals"": [""Interact with Classroom"", ""Share Industry Insights""], ""confidence"": ""high"", ""rep_rank"": 3, ""attempt"": 1, ""raw_output"": ""{\""community_id\"": 245, \""dominant_experience_level\"": \""mid\"", \""entry_accessibility\"": \""moderate_entry_barrier\"", \""community_label\"": \""Virtual Speaker\"", \""defining_skills\"": [\""Public Speaking\"", \""Virtual Classroom Experience\"", \""Industry Knowledge\""], \""defining_responsibility_signals\"": [\""Interact with Classroom\"", \""Share Industry Insights\""] , \""confidence\"": \""high\""}""}]",10
246,43,mid,moderate_entry_barrier,Supply Chain & Sales,"['sales', 'customer service', 'supply chain analysis']","['outside sales', 'buyer relations']",high,1.0,1.0,0.667,0.889,3,"sales, representative, buyer, outside, supply, service, analyst, customer, counter, manager, chain, engineer","[{""community_id"": 246, ""dominant_experience_level"": ""mid"", ""entry_accessibility"": ""moderate_entry_barrier"", ""community_label"": ""Sales & Customer Service"", ""defining_skills"": [""sales"", ""customer service"", ""buyer relations""], ""defining_responsibility_signals"": [""outside sales"", ""customer counter service""], ""confidence"": ""high"", ""rep_rank"": 1, ""attempt"": 1, ""raw_output"": ""{\""community_id\"": 246, \""dominant_experience_level\"": \""mid\"", \""entry_accessibility\"": \""moderate_entry_barrier\"", \""community_label\"": \""Sales & Customer Service\"", \""defining_skills\"": [\""sales\"", \""customer service\"", \""buyer relations\""], \""defining_responsibility_signals\"": [\""outside sales\"", \""customer counter service\""] , \""confidence\"": \""high\""}""}, {""community_id"": 246, ""dominant_experience_level"": ""mid"", ""entry_accessibility"": ""moderate_entry_barrier"", ""community_label"": ""Supply Chain & Sales"", ""defining_skills"": [""sales"", ""supply chain analysis"", ""customer service""], ""defining_responsibility_signals"": [""outside sales"", ""buyer relations""], ""confidence"": ""high"", ""rep_rank"": 2, ""attempt"": 1, ""raw_output"": ""{\""community_id\"": 246, \""dominant_experience_level\"": \""mid\"", \""entry_accessibility\"": \""moderate_entry_barrier\"", \""community_label\"": \""Supply Chain & Sales\"", \""defining_skills\"": [\""sales\"", \""supply chain analysis\"", \""customer service\""], \""defining_responsibility_signals\"": [\""outside sales\"", \""buyer relations\""] , \""confidence\"": \""high\""}""}, {""community_id"": 246, ""dominant_experience_level"": ""mid"", ""entry_accessibility"": ""moderate_entry_barrier"", ""community_label"": ""Supply Chain & Sales"", ""defining_skills"": [""sales"", ""supply chain analysis"", ""customer service""], ""defining_responsibility_signals"": [""outside sales"", ""buyer relations""], ""confidence"": ""high"", ""rep_rank"": 3, ""attempt"": 1, ""raw_output"": ""{\""community_id\"": 246, \""dominant_experience_level\"": \""mid\"", \""entry_accessibility\"": \""moderate_entry_barrier\"", \""community_label\"": \""Supply Chain & Sales\"", \""defining_skills\"": [\""sales\"", \""supply chain analysis\"", \""customer service\""], \""defining_responsibility_signals\"": [\""outside sales\"", \""buyer relations\""] , \""confidence\"": \""high\""}""}]",10
247,43,junior,moderate_entry_barrier,Data Center Technician,"['troubleshooting', 'ticket management', 'ServiceNow']","['onsite', 'shift work']",high,1.0,1.0,0.667,0.889,3,"technician, shift, critical, service, infrastructure, support, safety, 3rd, tech, auto, body, physical","[{""community_id"": 247, ""dominant_experience_level"": ""junior"", ""entry_accessibility"": ""moderate_entry_barrier"", ""community_label"": ""Service Desk Technician"", ""defining_skills"": [""troubleshooting"", ""ticket management"", ""ServiceNow""], ""defining_responsibility_signals"": [""onsite"", ""shift work""], ""confidence"": ""high"", ""rep_rank"": 1, ""attempt"": 1, ""raw_output"": ""{\""community_id\"": 247, \""dominant_experience_level\"": \""junior\"", \""entry_accessibility\"": \""moderate_entry_barrier\"", \""community_label\"": \""Service Desk Technician\"", \""defining_skills\"": [\""troubleshooting\"", \""ticket management\"", \""ServiceNow\""], \""defining_responsibility_signals\"": [\""onsite\"", \""shift work\""] , \""confidence\"": \""high\""}""}, {""community_id"": 247, ""dominant_experience_level"": ""junior"", ""entry_accessibility"": ""moderate_entry_barrier"", ""community_label"": ""Data Center Technician"", ""defining_skills"": [""Data Center Experience"", ""Physical Work"", ""Technical Support""], ""defining_responsibility_signals"": [""On-Site Role"", ""Critical Infrastructure Support""], ""confidence"": ""high"", ""rep_rank"": 2, ""attempt"": 1, ""raw_output"": ""{\""community_id\"": 247, \""dominant_experience_level\"": \""junior\"", \""entry_accessibility\"": \""moderate_entry_barrier\"", \""community_label\"": \""Data Center Technician\"", \""defining_skills\"": [\""Data Center Experience\"", \""Physical Work\"", \""Technical Support\""], \""defining_responsibility_signals\"": [\""On-Site Role\"", \""Critical Infrastructure Support\""] , \""confidence\"": \""high\""}""}, {""community_id"": 247, ""dominant_experience_level"": ""junior"", ""entry_accessibility"": ""moderate_entry_barrier"", ""community_label"": ""Data Center Technician"", ""defining_skills"": [""technician"", ""shift"", ""critical infrastructure""], ""defining_responsibility_signals"": [""service"", ""support""], ""confidence"": ""high"", ""rep_rank"": 3, ""attempt"": 1, ""raw_output"": ""{\""community_id\"": 247, \""dominant_experience_level\"": \""junior\"", \""entry_accessibility\"": \""moderate_entry_barrier\"", \""community_label\"": \""Data Center Technician\"", \""defining_skills\"": [\""technician\"", \""shift\"", \""critical infrastructure\""], \""defining_responsibility_signals\"": [\""service\"", \""support\""] , \""confidence\"": \""high\""}""}]",10
248,43,junior,moderate_entry_barrier,Medical Support,"['medical_assistant', 'receptionist', 'certification']","['care', 'methodist_medical_center']",high,1.0,1.0,0.333,0.778,3,"specialist, experience, care, receptionist, methodist, medical, assistant, registered, nurse, center, family, occupational","[{""community_id"": 248, ""dominant_experience_level"": ""junior"", ""entry_accessibility"": ""moderate_entry_barrier"", ""community_label"": ""Medical Support"", ""defining_skills"": [""medical_assistant"", ""receptionist"", ""certification""], ""defining_responsibility_signals"": [""care"", ""methodist_medical_center""], ""confidence"": ""high"", ""rep_rank"": 1, ""attempt"": 1, ""raw_output"": ""{\""community_id\"": 248, \""dominant_experience_level\"": \""junior\"", \""entry_accessibility\"": \""moderate_entry_barrier\"", \""community_label\"": \""Medical Support\"", \""defining_skills\"": [\""medical_assistant\"", \""receptionist\"", \""certification\""], \""defining_responsibility_signals\"": [\""care\"", \""methodist_medical_center\""] , \""confidence\"": \""high\""}""}, {""community_id"": 248, ""dominant_experience_level"": ""junior"", ""entry_accessibility"": ""moderate_entry_barrier"", ""community_label"": ""Patient Service"", ""defining_skills"": [""customer_service"", ""patient_management"", ""scheduling""], ""defining_responsibility_signals"": [""first_point_of_contact"", ""relationship_building""], ""confidence"": ""high"", ""rep_rank"": 2, ""attempt"": 1, ""raw_output"": ""{\""community_id\"": 248, \""dominant_experience_level\"": \""junior\"", \""entry_accessibility\"": \""moderate_entry_barrier\"", \""community_label\"": \""Patient Service\"", \""defining_skills\"": [\""customer_service\"", \""patient_management\"", \""scheduling\""], \""defining_responsibility_signals\"": [\""first_point_of_contact\"", \""relationship_building\""] , \""confidence\"": \""high\""}""}, {""community_id"": 248, ""dominant_experience_level"": ""junior"", ""entry_accessibility"": ""moderate_entry_barrier"", ""community_label"": ""Medical Office Support"", ""defining_skills"": [""patient_service"", ""reception"", ""medical_office""], ""defining_responsibility_signals"": [""certification_required"", ""sign_on_bonus""], ""confidence"": ""high"", ""rep_rank"": 3, ""attempt"": 1, ""raw_output"": ""{\""community_id\"": 248, \""dominant_experience_level\"": \""junior\"", \""entry_accessibility\"": \""moderate_entry_barrier\"", \""community_label\"": \""Medical Office Support\"", \""defining_skills\"": [\""patient_service\"", \""reception\"", \""medical_office\""], \""defining_responsibility_signals\"": [\""certification_required\"", \""sign_on_bonus\""] , \""confidence\"": \""high\""}""}]",10
249,43,mid,moderate_entry_barrier,Construction Project Management,"['construction', 'project management', 'commercial construction']","['leadership', 'design review']",high,1.0,1.0,1.0,1.0,3,"project, manager, construction, engineer, senior, superintendent, design, top, commercial, assistant, civil, structural","[{""community_id"": 249, ""dominant_experience_level"": ""mid"", ""entry_accessibility"": ""moderate_entry_barrier"", ""community_label"": ""Construction Project Management"", ""defining_skills"": [""construction"", ""project management"", ""commercial construction""], ""defining_responsibility_signals"": [""leadership"", ""design review""], ""confidence"": ""high"", ""rep_rank"": 1, ""attempt"": 1, ""raw_output"": ""{\""community_id\"": 249, \""dominant_experience_level\"": \""mid\"", \""entry_accessibility\"": \""moderate_entry_barrier\"", \""community_label\"": \""Construction Project Management\"", \""defining_skills\"": [\""construction\"", \""project management\"", \""commercial construction\""], \""defining_responsibility_signals\"": [\""leadership\"", \""design review\""] , \""confidence\"": \""high\""}""}, {""community_id"": 249, ""dominant_experience_level"": ""mid"", ""entry_accessibility"": ""moderate_entry_barrier"", ""community_label"": ""Construction Project Management"", ""defining_skills"": [""construction"", ""project management"", ""commercial construction""], ""defining_responsibility_signals"": [""leadership"", ""team support""], ""confidence"": ""high"", ""rep_rank"": 2, ""attempt"": 1, ""raw_output"": ""{\""community_id\"": 249, \""dominant_experience_level\"": \""mid\"", \""entry_accessibility\"": \""moderate_entry_barrier\"", \""community_label\"": \""Construction Project Management\"", \""defining_skills\"": [\""construction\"", \""project management\"", \""commercial construction\""], \""defining_responsibility_signals\"": [\""leadership\"", \""team support\""] , \""confidence\"": \""high\""}""}, {""community_id"": 249, ""dominant_experience_level"": ""mid"", ""entry_accessibility"": ""moderate_entry_barrier"", ""community_label"": ""Construction Project Management"", ""defining_skills"": [""construction"", ""project management"", ""multifamily development""], ""defining_responsibility_signals"": [""leadership"", ""experience""], ""confidence"": ""high"", ""rep_rank"": 3, ""attempt"": 1, ""raw_output"": ""{\""community_id\"": 249, \""dominant_experience_level\"": \""mid\"", \""entry_accessibility\"": \""moderate_entry_barrier\"", \""community_label\"": \""Construction Project Management\"", \""defining_skills\"": [\""construction\"", \""project management\"", \""multifamily development\""], \""defining_responsibility_signals\"": [\""leadership\"", \""experience\""] , \""confidence\"": \""high\""}""}]",10
250,43,mid,moderate_entry_barrier,Mid-Level React Developers,"['React', 'Frontend', 'JavaScript']","['product team', 'code testing']",high,1.0,1.0,0.333,0.778,3,"engineer, senior, software, developer, react, end, front, product, designer, frontend, manager, engineering","[{""community_id"": 250, ""dominant_experience_level"": ""mid"", ""entry_accessibility"": ""moderate_entry_barrier"", ""community_label"": ""Mid-Level React Developers"", ""defining_skills"": [""React"", ""JavaScript"", ""Frontend""], ""defining_responsibility_signals"": [""product team"", ""code testing""], ""confidence"": ""high"", ""rep_rank"": 1, ""attempt"": 1, ""raw_output"": ""{\""community_id\"": 250, \""dominant_experience_level\"": \""mid\"", \""entry_accessibility\"": \""moderate_entry_barrier\"", \""community_label\"": \""Mid-Level React Developers\"", \""defining_skills\"": [\""React\"", \""JavaScript\"", \""Frontend\""], \""defining_responsibility_signals\"": [\""product team\"", \""code testing\""] , \""confidence\"": \""high\""}""}, {""community_id"": 250, ""dominant_experience_level"": ""mid"", ""entry_accessibility"": ""moderate_entry_barrier"", ""community_label"": ""Senior Software Engineer"", ""defining_skills"": [""React"", ""Frontend"", ""Software Development""], ""defining_responsibility_signals"": [""Mentoring"", ""CI/CD Infrastructure""], ""confidence"": ""high"", ""rep_rank"": 2, ""attempt"": 1, ""raw_output"": ""{\""community_id\"": 250, \""dominant_experience_level\"": \""mid\"", \""entry_accessibility\"": \""moderate_entry_barrier\"", \""community_label\"": \""Senior Software Engineer\"", \""defining_skills\"": [\""React\"", \""Frontend\"", \""Software Development\""], \""defining_responsibility_signals\"": [\""Mentoring\"", \""CI/CD Infrastructure\""] , \""confidence\"": \""high\""}""}, {""community_id"": 250, ""dominant_experience_level"": ""mid"", ""entry_accessibility"": ""moderate_entry_barrier"", ""community_label"": ""Frontend Software Engineer"", ""defining_skills"": [""React"", ""Frontend"", ""Product Design""], ""defining_responsibility_signals"": [""Agile Development"", ""Teamwork""], ""confidence"": ""high"", ""rep_rank"": 3, ""attempt"": 1, ""raw_output"": ""{\""community_id\"": 250, \""dominant_experience_level\"": \""mid\"", \""entry_accessibility\"": \""moderate_entry_barrier\"", \""community_label\"": \""Frontend Software Engineer\"", \""defining_skills\"": [\""React\"", \""Frontend\"", \""Product Design\""], \""defining_responsibility_signals\"": [\""Agile Development\"", \""Teamwork\""] , \""confidence\"": \""high\""}""}]",11
251,43,mid,moderate_entry_barrier,Multifamily Leasing & Marketing,"['leasing', 'marketing', 'consulting']","['occupancy_management', 'revenue_generation']",high,1.0,1.0,0.667,0.889,3,"leasing, professional, consultant, manager, lease, specialist, multifamily, floating, senior, analyst, lakes, maa","[{""community_id"": 251, ""dominant_experience_level"": ""mid"", ""entry_accessibility"": ""moderate_entry_barrier"", ""community_label"": ""Multifamily Leasing"", ""defining_skills"": [""leasing"", ""consulting"", ""marketing""], ""defining_responsibility_signals"": [""occupancy_management"", ""revenue_generation""], ""confidence"": ""high"", ""rep_rank"": 1, ""attempt"": 1, ""raw_output"": ""{\""community_id\"": 251, \""dominant_experience_level\"": \""mid\"", \""entry_accessibility\"": \""moderate_entry_barrier\"", \""community_label\"": \""Multifamily Leasing\"", \""defining_skills\"": [\""leasing\"", \""consulting\"", \""marketing\""], \""defining_responsibility_signals\"": [\""occupancy_management\"", \""revenue_generation\""] , \""confidence\"": \""high\""}""}, {""community_id"": 251, ""dominant_experience_level"": ""mid"", ""entry_accessibility"": ""moderate_entry_barrier"", ""community_label"": ""Multifamily Leasing & Marketing"", ""defining_skills"": [""leasing"", ""marketing"", ""renewals""], ""defining_responsibility_signals"": [""occupancy"", ""revenue""], ""confidence"": ""high"", ""rep_rank"": 2, ""attempt"": 1, ""raw_output"": ""{\""community_id\"": 251, \""dominant_experience_level\"": \""mid\"", \""entry_accessibility\"": \""moderate_entry_barrier\"", \""community_label\"": \""Multifamily Leasing & Marketing\"", \""defining_skills\"": [\""leasing\"", \""marketing\"", \""renewals\""], \""defining_responsibility_signals\"": [\""occupancy\"", \""revenue\""] , \""confidence\"": \""high\""}""}, {""community_id"": 251, ""dominant_experience_level"": ""mid"", ""entry_accessibility"": ""moderate_entry_barrier"", ""community_label"": ""Multifamily Leasing & Marketing"", ""defining_skills"": [""leasing"", ""marketing"", ""renewal_strategies""], ""defining_responsibility_signals"": [""coordinate"", ""achieve_occupancy""], ""confidence"": ""high"", ""rep_rank"": 3, ""attempt"": 1, ""raw_output"": ""{\""community_id\"": 251, \""dominant_experience_level\"": \""mid\"", \""entry_accessibility\"": \""moderate_entry_barrier\"", \""community_label\"": \""Multifamily Leasing & Marketing\"", \""defining_skills\"": [\""leasing\"", \""marketing\"", \""renewal_strategies\""], \""defining_responsibility_signals\"": [\""coordinate\"", \""achieve_occupancy\""] , \""confidence\"": \""high\""}""}]",11
252,43,senior,moderate_entry_barrier,Senior Energy Engineers,"['clean energy development', 'electrical engineering', 'substation management']","['leadership', 'project management']",high,1.0,1.0,0.667,0.889,3,"engineer, energy, senior, manager, director, engineering, efficiency, project, electrical, substation, clean, development","[{""community_id"": 252, ""dominant_experience_level"": ""senior"", ""entry_accessibility"": ""moderate_entry_barrier"", ""community_label"": ""Energy Efficiency Engineering"", ""defining_skills"": [""electrical engineering"", ""substation management"", ""clean energy development""], ""defining_responsibility_signals"": [""leadership"", ""project management""], ""confidence"": ""high"", ""rep_rank"": 1, ""attempt"": 1, ""raw_output"": ""{\""community_id\"": 252, \""dominant_experience_level\"": \""senior\"", \""entry_accessibility\"": \""moderate_entry_barrier\"", \""community_label\"": \""Energy Efficiency Engineering\"", \""defining_skills\"": [\""electrical engineering\"", \""substation management\"", \""clean energy development\""], \""defining_responsibility_signals\"": [\""leadership\"", \""project management\""] , \""confidence\"": \""high\""}""}, {""community_id"": 252, ""dominant_experience_level"": ""senior"", ""entry_accessibility"": ""moderate_entry_barrier"", ""community_label"": ""Senior Energy Engineers"", ""defining_skills"": [""electrical engineering"", ""substation management"", ""clean energy development""], ""defining_responsibility_signals"": [""leadership"", ""risk management""], ""confidence"": ""high"", ""rep_rank"": 2, ""attempt"": 1, ""raw_output"": ""{\""community_id\"": 252, \""dominant_experience_level\"": \""senior\"", \""entry_accessibility\"": \""moderate_entry_barrier\"", \""community_label\"": \""Senior Energy Engineers\"", \""defining_skills\"": [\""electrical engineering\"", \""substation management\"", \""clean energy development\""], \""defining_responsibility_signals\"": [\""leadership\"", \""risk management\""] , \""confidence\"": \""high\""}""}, {""community_id"": 252, ""dominant_experience_level"": ""senior"", ""entry_accessibility"": ""moderate_entry_barrier"", ""community_label"": ""Senior Energy Engineers"", ""defining_skills"": [""substation"", ""electrical"", ""clean energy development""], ""defining_responsibility_signals"": [""project management"", ""team leadership""], ""confidence"": ""high"", ""rep_rank"": 3, ""attempt"": 1, ""raw_output"": ""{\""community_id\"": 252, \""dominant_experience_level\"": \""senior\"", \""entry_accessibility\"": \""moderate_entry_barrier\"", \""community_label\"": \""Senior Energy Engineers\"", \""defining_skills\"": [\""substation\"", \""electrical\"", \""clean energy development\""], \""defining_responsibility_signals\"": [\""project management\"", \""team leadership\""] , \""confidence\"": \""high\""}""}]",11
253,42,junior,moderate_entry_barrier,Medical Office Assistant,"['patient check-in/out', 'financial processing', 'billing']","['certification required', 'bachelor degree not required']",high,1.0,1.0,1.0,1.0,3,"assistant, patient, medical, care, technician, nurse, administrative, office, certified, aide, practitioner, safety","[{""community_id"": 253, ""dominant_experience_level"": ""junior"", ""entry_accessibility"": ""moderate_entry_barrier"", ""community_label"": ""Medical Office Assistant"", ""defining_skills"": [""patient check-in/out"", ""financial processing"", ""billing information""], ""defining_responsibility_signals"": [""certification required (76.2%)"", ""bachelor degree required (9.5%)""], ""confidence"": ""high"", ""rep_rank"": 1, ""attempt"": 1, ""raw_output"": ""{\""community_id\"": 253, \""dominant_experience_level\"": \""junior\"", \""entry_accessibility\"": \""moderate_entry_barrier\"", \""community_label\"": \""Medical Office Assistant\"", \""defining_skills\"": [\""patient check-in/out\"", \""financial processing\"", \""billing information\""], \""defining_responsibility_signals\"": [\""certification required (76.2%)\"", \""bachelor degree required (9.5%)\""] , \""confidence\"": \""high\""}""}, {""community_id"": 253, ""dominant_experience_level"": ""junior"", ""entry_accessibility"": ""moderate_entry_barrier"", ""community_label"": ""Medical Office Assistant"", ""defining_skills"": [""patient check-in/out"", ""financial processing"", ""billing""], ""defining_responsibility_signals"": [""certification required"", ""bachelor degree not required""], ""confidence"": ""high"", ""rep_rank"": 2, ""attempt"": 1, ""raw_output"": ""{\""community_id\"": 253, \""dominant_experience_level\"": \""junior\"", \""entry_accessibility\"": \""moderate_entry_barrier\"", \""community_label\"": \""Medical Office Assistant\"", \""defining_skills\"": [\""patient check-in/out\"", \""financial processing\"", \""billing\""], \""defining_responsibility_signals\"": [\""certification required\"", \""bachelor degree not required\""] , \""confidence\"": \""high\""}""}, {""community_id"": 253, ""dominant_experience_level"": ""junior"", ""entry_accessibility"": ""moderate_entry_barrier"", ""community_label"": ""Medical Office Assistant"", ""defining_skills"": [""patient check-in/out"", ""financial processing"", ""billing""], ""defining_responsibility_signals"": [""certification required"", ""bachelor degree not required""], ""confidence"": ""high"", ""rep_rank"": 3, ""attempt"": 1, ""raw_output"": ""{\""community_id\"": 253, \""dominant_experience_level\"": \""junior\"", \""entry_accessibility\"": \""moderate_entry_barrier\"", \""community_label\"": \""Medical Office Assistant\"", \""defining_skills\"": [\""patient check-in/out\"", \""financial processing\"", \""billing\""], \""defining_responsibility_signals\"": [\""certification required\"", \""bachelor degree not required\""] , \""confidence\"": \""high\""}""}]",11
254,42,senior,moderate_entry_barrier,Business Intelligence & Analytics,"['strategic_intelligence', 'market_analysis', 'clinical_analytics']","['stakeholder_collaboration', 'insight_delivery']",high,1.0,1.0,0.333,0.778,3,"business, analyst, senior, analytics, strategy, intelligence, execution, operations, lead, consultant, director, manager","[{""community_id"": 254, ""dominant_experience_level"": ""senior"", ""entry_accessibility"": ""moderate_entry_barrier"", ""community_label"": ""Business Intelligence & Analytics"", ""defining_skills"": [""strategic_intelligence"", ""market_analysis"", ""clinical_analytics""], ""defining_responsibility_signals"": [""stakeholder_collaboration"", ""insight_delivery""], ""confidence"": ""high"", ""rep_rank"": 1, ""attempt"": 1, ""raw_output"": ""{\""community_id\"": 254, \""dominant_experience_level\"": \""senior\"", \""entry_accessibility\"": \""moderate_entry_barrier\"", \""community_label\"": \""Business Intelligence & Analytics\"", \""defining_skills\"": [\""strategic_intelligence\"", \""market_analysis\"", \""clinical_analytics\""], \""defining_responsibility_signals\"": [\""stakeholder_collaboration\"", \""insight_delivery\""] , \""confidence\"": \""high\""}""}, {""community_id"": 254, ""dominant_experience_level"": ""senior"", ""entry_accessibility"": ""moderate_entry_barrier"", ""community_label"": ""Business Analytics"", ""defining_skills"": [""strategy"", ""intelligence"", ""execution""], ""defining_responsibility_signals"": [""lead"", ""consult""], ""confidence"": ""high"", ""rep_rank"": 2, ""attempt"": 1, ""raw_output"": ""{\""community_id\"": 254, \""dominant_experience_level\"": \""senior\"", \""entry_accessibility\"": \""moderate_entry_barrier\"", \""community_label\"": \""Business Analytics\"", \""defining_skills\"": [\""strategy\"", \""intelligence\"", \""execution\""], \""defining_responsibility_signals\"": [\""lead\"", \""consult\""] , \""confidence\"": \""high\""}""}, {""community_id"": 254, ""dominant_experience_level"": ""senior"", ""entry_accessibility"": ""moderate_entry_barrier"", ""community_label"": ""Senior Corporate Strategy & Intelligence"", ""defining_skills"": [""strategic_intelligence"", ""corporate_strategy"", ""ultra_high_impact_issues""], ""defining_responsibility_signals"": [""drive_company_performance"", ""discrete_projects""], ""confidence"": ""high"", ""rep_rank"": 3, ""attempt"": 1, ""raw_output"": ""{\""community_id\"": 254, \""dominant_experience_level\"": \""senior\"", \""entry_accessibility\"": \""moderate_entry_barrier\"", \""community_label\"": \""Senior Corporate Strategy & Intelligence\"", \""defining_skills\"": [\""strategic_intelligence\"", \""corporate_strategy\"", \""ultra_high_impact_issues\""], \""defining_responsibility_signals\"": [\""drive_company_performance\"", \""discrete_projects\""] , \""confidence\"": \""high\""}""}]",11
255,42,mid,moderate_entry_barrier,Electrical Engineering,"['electrical engineering', 'design', 'analysis']","['design and analyze electro-mechanical components', 'develop design information']",high,1.0,1.0,0.667,0.889,3,"engineer, electrical, project, engineering, senior, civil, manager, gas, technical, iii, director, principal","[{""community_id"": 255, ""dominant_experience_level"": ""mid"", ""entry_accessibility"": ""moderate_entry_barrier"", ""community_label"": ""Electrical Engineering"", ""defining_skills"": [""electrical engineering"", ""design"", ""analysis""], ""defining_responsibility_signals"": [""design and analyze electro-mechanical components"", ""develop design information""], ""confidence"": ""high"", ""rep_rank"": 1, ""attempt"": 1, ""raw_output"": ""{\""community_id\"": 255, \""dominant_experience_level\"": \""mid\"", \""entry_accessibility\"": \""moderate_entry_barrier\"", \""community_label\"": \""Electrical Engineering\"", \""defining_skills\"": [\""electrical engineering\"", \""design\"", \""analysis\""], \""defining_responsibility_signals\"": [\""design and analyze electro-mechanical components\"", \""develop design information\""] , \""confidence\"": \""high\""}""}, {""community_id"": 255, ""dominant_experience_level"": ""mid"", ""entry_accessibility"": ""moderate_entry_barrier"", ""community_label"": ""Electrical Engineering"", ""defining_skills"": [""power flow"", ""short circuit"", ""facility studies""], ""defining_responsibility_signals"": [""perform"", ""studies""], ""confidence"": ""high"", ""rep_rank"": 2, ""attempt"": 1, ""raw_output"": ""{\""community_id\"": 255, \""dominant_experience_level\"": \""mid\"", \""entry_accessibility\"": \""moderate_entry_barrier\"", \""community_label\"": \""Electrical Engineering\"", \""defining_skills\"": [\""power flow\"", \""short circuit\"", \""facility studies\""], \""defining_responsibility_signals\"": [\""perform\"", \""studies\""] , \""confidence\"": \""high\""}""}, {""community_id"": 255, ""dominant_experience_level"": ""mid"", ""entry_accessibility"": ""moderate_entry_barrier"", ""community_label"": ""Senior Electrical Engineering"", ""defining_skills"": [""electrical engineering"", ""project management"", ""gas industry knowledge""], ""defining_responsibility_signals"": [""technical leadership"", ""community building""], ""confidence"": ""high"", ""rep_rank"": 3, ""attempt"": 1, ""raw_output"": ""{\""community_id\"": 255, \""dominant_experience_level\"": \""mid\"", \""entry_accessibility\"": \""moderate_entry_barrier\"", \""community_label\"": \""Senior Electrical Engineering\"", \""defining_skills\"": [\""electrical engineering\"", \""project management\"", \""gas industry knowledge\""], \""defining_responsibility_signals\"": [\""technical leadership\"", \""community building\""] , \""confidence\"": \""high\""}""}]",11
256,42,senior,moderate_entry_barrier,Solutions Architect,"['architect', 'solutions', 'senior']","['leadership', 'consulting']",high,1.0,1.0,0.667,0.889,3,"architect, solutions, lead, senior, engineer, software, technical, solution, consultant, developer, systems, platform","[{""community_id"": 256, ""dominant_experience_level"": ""senior"", ""entry_accessibility"": ""moderate_entry_barrier"", ""community_label"": ""Solutions Architect"", ""defining_skills"": [""architect"", ""solutions"", ""senior""], ""defining_responsibility_signals"": [""leadership"", ""consulting""], ""confidence"": ""high"", ""rep_rank"": 1, ""attempt"": 1, ""raw_output"": ""{\""community_id\"": 256, \""dominant_experience_level\"": \""senior\"", \""entry_accessibility\"": \""moderate_entry_barrier\"", \""community_label\"": \""Solutions Architect\"", \""defining_skills\"": [\""architect\"", \""solutions\"", \""senior\""], \""defining_responsibility_signals\"": [\""leadership\"", \""consulting\""] , \""confidence\"": \""high\""}""}, {""community_id"": 256, ""dominant_experience_level"": ""senior"", ""entry_accessibility"": ""moderate_entry_barrier"", ""community_label"": ""Solutions Architect"", ""defining_skills"": [""architect"", ""solutions"", ""senior""], ""defining_responsibility_signals"": [""leadership"", ""consulting""], ""confidence"": ""high"", ""rep_rank"": 2, ""attempt"": 1, ""raw_output"": ""{\""community_id\"": 256, \""dominant_experience_level\"": \""senior\"", \""entry_accessibility\"": \""moderate_entry_barrier\"", \""community_label\"": \""Solutions Architect\"", \""defining_skills\"": [\""architect\"", \""solutions\"", \""senior\""], \""defining_responsibility_signals\"": [\""leadership\"", \""consulting\""] , \""confidence\"": \""high\""}""}, {""community_id"": 256, ""dominant_experience_level"": ""senior"", ""entry_accessibility"": ""moderate_entry_barrier"", ""community_label"": ""Senior Software Architect"", ""defining_skills"": [""architect"", ""solutions"", ""technical""], ""defining_responsibility_signals"": [""leadership"", ""consulting""], ""confidence"": ""high"", ""rep_rank"": 3, ""attempt"": 1, ""raw_output"": ""{\""community_id\"": 256, \""dominant_experience_level\"": \""senior\"", \""entry_accessibility\"": \""moderate_entry_barrier\"", \""community_label\"": \""Senior Software Architect\"", \""defining_skills\"": [\""architect\"", \""solutions\"", \""technical\""], \""defining_responsibility_signals\"": [\""leadership\"", \""consulting\""] , \""confidence\"": \""high\""}""}]",11
257,42,junior,moderate_entry_barrier,Speech-Language Pathologist,"['speech', 'language', 'pathologist']","['inpatient', 'outpatient']",high,1.0,1.0,0.667,0.889,3,"speech, pathologist, language, slp, prn, snf, rehab, travel, inpatient, outpatient, therapist, local","[{""community_id"": 257, ""dominant_experience_level"": ""junior"", ""entry_accessibility"": ""moderate_entry_barrier"", ""community_label"": ""Speech-Language Pathologist"", ""defining_skills"": [""speech"", ""language"", ""pathologist""], ""defining_responsibility_signals"": [""inpatient"", ""outpatient""], ""confidence"": ""high"", ""rep_rank"": 1, ""attempt"": 1, ""raw_output"": ""{\""community_id\"": 257, \""dominant_experience_level\"": \""junior\"", \""entry_accessibility\"": \""moderate_entry_barrier\"", \""community_label\"": \""Speech-Language Pathologist\"", \""defining_skills\"": [\""speech\"", \""language\"", \""pathologist\""], \""defining_responsibility_signals\"": [\""inpatient\"", \""outpatient\""] , \""confidence\"": \""high\""}""}, {""community_id"": 257, ""dominant_experience_level"": ""junior"", ""entry_accessibility"": ""moderate_entry_barrier"", ""community_label"": ""Speech Language Pathologist"", ""defining_skills"": [""speech"", ""language"", ""pathologist""], ""defining_responsibility_signals"": [""inpatient"", ""outpatient""], ""confidence"": ""high"", ""rep_rank"": 2, ""attempt"": 1, ""raw_output"": ""{\""community_id\"": 257, \""dominant_experience_level\"": \""junior\"", \""entry_accessibility\"": \""moderate_entry_barrier\"", \""community_label\"": \""Speech Language Pathologist\"", \""defining_skills\"": [\""speech\"", \""language\"", \""pathologist\""], \""defining_responsibility_signals\"": [\""inpatient\"", \""outpatient\""] , \""confidence\"": \""high\""}""}, {""community_id"": 257, ""dominant_experience_level"": ""junior"", ""entry_accessibility"": ""moderate_entry_barrier"", ""community_label"": ""Speech-Language Pathologist"", ""defining_skills"": [""speech"", ""language"", ""pathologist""], ""defining_responsibility_signals"": [""inpatient"", ""outpatient""], ""confidence"": ""high"", ""rep_rank"": 3, ""attempt"": 1, ""raw_output"": ""{\""community_id\"": 257, \""dominant_experience_level\"": \""junior\"", \""entry_accessibility\"": \""moderate_entry_barrier\"", \""community_label\"": \""Speech-Language Pathologist\"", \""defining_skills\"": [\""speech\"", \""language\"", \""pathologist\""], \""defining_responsibility_signals\"": [\""inpatient\"", \""outpatient\""] , \""confidence\"": \""high\""}""}]",11
258,42,senior,moderate_entry_barrier,Creative Management,"['communications', 'creative', 'corporate marketing']","['art direction', 'planning']",high,1.0,1.0,0.667,0.889,3,"director, manager, communications, creative, corporate, marketing, brand, media, designer, planning, art, management","[{""community_id"": 258, ""dominant_experience_level"": ""senior"", ""entry_accessibility"": ""moderate_entry_barrier"", ""community_label"": ""Creative & Marketing Management"", ""defining_skills"": [""communications"", ""creative"", ""corporate marketing""], ""defining_responsibility_signals"": [""art direction"", ""planning""], ""confidence"": ""high"", ""rep_rank"": 1, ""attempt"": 1, ""raw_output"": ""{\""community_id\"": 258, \""dominant_experience_level\"": \""senior\"", \""entry_accessibility\"": \""moderate_entry_barrier\"", \""community_label\"": \""Creative & Marketing Management\"", \""defining_skills\"": [\""communications\"", \""creative\"", \""corporate marketing\""], \""defining_responsibility_signals\"": [\""art direction\"", \""planning\""] , \""confidence\"": \""high\""}""}, {""community_id"": 258, ""dominant_experience_level"": ""senior"", ""entry_accessibility"": ""moderate_entry_barrier"", ""community_label"": ""Creative Management"", ""defining_skills"": [""brand management"", ""creative direction"", ""visual strategy""], ""defining_responsibility_signals"": [""define brand visual language"", ""inspire high quality visuals""], ""confidence"": ""high"", ""rep_rank"": 2, ""attempt"": 1, ""raw_output"": ""{\""community_id\"": 258, \""dominant_experience_level\"": \""senior\"", \""entry_accessibility\"": \""moderate_entry_barrier\"", \""community_label\"": \""Creative Management\"", \""defining_skills\"": [\""brand management\"", \""creative direction\"", \""visual strategy\""], \""defining_responsibility_signals\"": [\""define brand visual language\"", \""inspire high quality visuals\""] , \""confidence\"": \""high\""}""}, {""community_id"": 258, ""dominant_experience_level"": ""senior"", ""entry_accessibility"": ""moderate_entry_barrier"", ""community_label"": ""Creative Management"", ""defining_skills"": [""creative_execution"", ""campaign_management"", ""multi_channel_marketing""], ""defining_responsibility_signals"": [""team_leadership"", ""cross_functional_collaboration""], ""confidence"": ""high"", ""rep_rank"": 3, ""attempt"": 1, ""raw_output"": ""{\""community_id\"": 258, \""dominant_experience_level\"": \""senior\"", \""entry_accessibility\"": \""moderate_entry_barrier\"", \""community_label\"": \""Creative Management\"", \""defining_skills\"": [\""creative_execution\"", \""campaign_management\"", \""multi_channel_marketing\""], \""defining_responsibility_signals\"": [\""team_leadership\"", \""cross_functional_collaboration\""] , \""confidence\"": \""high\""}""}]",11
259,42,mid,moderate_entry_barrier,Dental Hygienist,"['pediatric care', 'patient coordination', 'dental hygiene']","['provide best-in-class patient care', 'focus on patient health and happiness']",high,1.0,1.0,1.0,1.0,3,"dental, hygienist, dentist, pediatric, patient, coordinator, care, days, week, registered, rdh, michigan","[{""community_id"": 259, ""dominant_experience_level"": ""mid"", ""entry_accessibility"": ""moderate_entry_barrier"", ""community_label"": ""Dental Hygienist"", ""defining_skills"": [""pediatric care"", ""patient coordination"", ""dental hygiene""], ""defining_responsibility_signals"": [""provide best-in-class patient care"", ""focus on patient health and happiness""], ""confidence"": ""high"", ""rep_rank"": 1, ""attempt"": 1, ""raw_output"": ""{\""community_id\"": 259, \""dominant_experience_level\"": \""mid\"", \""entry_accessibility\"": \""moderate_entry_barrier\"", \""community_label\"": \""Dental Hygienist\"", \""defining_skills\"": [\""pediatric care\"", \""patient coordination\"", \""dental hygiene\""], \""defining_responsibility_signals\"": [\""provide best-in-class patient care\"", \""focus on patient health and happiness\""] , \""confidence\"": \""high\""}""}, {""community_id"": 259, ""dominant_experience_level"": ""mid"", ""entry_accessibility"": ""moderate_entry_barrier"", ""community_label"": ""Dental Hygienist"", ""defining_skills"": [""pediatric care"", ""patient coordination"", ""dental hygiene""], ""defining_responsibility_signals"": [""world-class development"", ""industry-leading pay""], ""confidence"": ""high"", ""rep_rank"": 2, ""attempt"": 1, ""raw_output"": ""{\""community_id\"": 259, \""dominant_experience_level\"": \""mid\"", \""entry_accessibility\"": \""moderate_entry_barrier\"", \""community_label\"": \""Dental Hygienist\"", \""defining_skills\"": [\""pediatric care\"", \""patient coordination\"", \""dental hygiene\""], \""defining_responsibility_signals\"": [\""world-class development\"", \""industry-leading pay\""] , \""confidence\"": \""high\""}""}, {""community_id"": 259, ""dominant_experience_level"": ""mid"", ""entry_accessibility"": ""moderate_entry_barrier"", ""community_label"": ""Dental Hygienist"", ""defining_skills"": [""pediatric care"", ""patient coordination"", ""dental hygiene""], ""defining_responsibility_signals"": [""provide dental care"", ""maintain patient records""], ""confidence"": ""high"", ""rep_rank"": 3, ""attempt"": 1, ""raw_output"": ""{\""community_id\"": 259, \""dominant_experience_level\"": \""mid\"", \""entry_accessibility\"": \""moderate_entry_barrier\"", \""community_label\"": \""Dental Hygienist\"", \""defining_skills\"": [\""pediatric care\"", \""patient coordination\"", \""dental hygiene\""], \""defining_responsibility_signals\"": [\""provide dental care\"", \""maintain patient records\""] , \""confidence\"": \""high\""}""}]",11
260,42,mid,moderate_entry_barrier,Recruitment & Talent Acquisition,"['sourcing', 'recruitment', 'talent acquisition']","['shape future of talent', 'discover and engage top talent']",high,1.0,1.0,0.333,0.778,3,"recruiter, technical, recruiting, recruitment, talent, executive, senior, principal, specialist, corporate, entry, contract","[{""community_id"": 260, ""dominant_experience_level"": ""mid"", ""entry_accessibility"": ""moderate_entry_barrier"", ""community_label"": ""Recruitment & Talent Acquisition"", ""defining_skills"": [""recruitment"", ""talent acquisition"", ""sourcing""], ""defining_responsibility_signals"": [""shape future of talent"", ""discover and engage top talent""], ""confidence"": ""high"", ""rep_rank"": 1, ""attempt"": 1, ""raw_output"": ""{\""community_id\"": 260, \""dominant_experience_level\"": \""mid\"", \""entry_accessibility\"": \""moderate_entry_barrier\"", \""community_label\"": \""Recruitment & Talent Acquisition\"", \""defining_skills\"": [\""recruitment\"", \""talent acquisition\"", \""sourcing\""], \""defining_responsibility_signals\"": [\""shape future of talent\"", \""discover and engage top talent\""] , \""confidence\"": \""high\""}""}, {""community_id"": 260, ""dominant_experience_level"": ""mid"", ""entry_accessibility"": ""moderate_entry_barrier"", ""community_label"": ""Corporate Recruitment"", ""defining_skills"": [""sourcing"", ""screening"", ""interviewing""], ""defining_responsibility_signals"": [""attracting"", ""hiring""], ""confidence"": ""high"", ""rep_rank"": 2, ""attempt"": 1, ""raw_output"": ""{\""community_id\"": 260, \""dominant_experience_level\"": \""mid\"", \""entry_accessibility\"": \""moderate_entry_barrier\"", \""community_label\"": \""Corporate Recruitment\"", \""defining_skills\"": [\""sourcing\"", \""screening\"", \""interviewing\""], \""defining_responsibility_signals\"": [\""attracting\"", \""hiring\""] , \""confidence\"": \""high\""}""}, {""community_id"": 260, ""dominant_experience_level"": ""mid"", ""entry_accessibility"": ""moderate_entry_barrier"", ""community_label"": ""Technical Recruitment"", ""defining_skills"": [""recruiting"", ""technical"", ""talent""], ""defining_responsibility_signals"": [""leadership"", ""bachelor_degree""], ""confidence"": ""high"", ""rep_rank"": 3, ""attempt"": 1, ""raw_output"": ""{\""community_id\"": 260, \""dominant_experience_level\"": \""mid\"", \""entry_accessibility\"": \""moderate_entry_barrier\"", \""community_label\"": \""Technical Recruitment\"", \""defining_skills\"": [\""recruiting\"", \""technical\"", \""talent\""], \""defining_responsibility_signals\"": [\""leadership\"", \""bachelor_degree\""] , \""confidence\"": \""high\""}""}]",11
261,42,junior,moderate_entry_barrier,Telecom Driver,"['driving', 'inventory management', 'heavy lifting']","['material delivery', 'coordination with foreman']",high,1.0,1.0,0.333,0.778,3,"technician, cable, engineer, software, entry, field, telecom, operations, assistant, data, nonstop, secretary","[{""community_id"": 261, ""dominant_experience_level"": ""junior"", ""entry_accessibility"": ""moderate_entry_barrier"", ""community_label"": ""Telecom Driver"", ""defining_skills"": [""driving"", ""inventory management"", ""heavy lifting""], ""defining_responsibility_signals"": [""material delivery"", ""coordination with foreman""], ""confidence"": ""high"", ""rep_rank"": 1, ""attempt"": 1, ""raw_output"": ""{\""community_id\"": 261, \""dominant_experience_level\"": \""junior\"", \""entry_accessibility\"": \""moderate_entry_barrier\"", \""community_label\"": \""Telecom Driver\"", \""defining_skills\"": [\""driving\"", \""inventory management\"", \""heavy lifting\""], \""defining_responsibility_signals\"": [\""material delivery\"", \""coordination with foreman\""] , \""confidence\"": \""high\""}""}, {""community_id"": 261, ""dominant_experience_level"": ""junior"", ""entry_accessibility"": ""moderate_entry_barrier"", ""community_label"": ""Warehouse Driver"", ""defining_skills"": [""driving"", ""inventory management"", ""heavy lifting""], ""defining_responsibility_signals"": [""material delivery"", ""coordination with foreman""], ""confidence"": ""high"", ""rep_rank"": 2, ""attempt"": 1, ""raw_output"": ""{\""community_id\"": 261, \""dominant_experience_level\"": \""junior\"", \""entry_accessibility\"": \""moderate_entry_barrier\"", \""community_label\"": \""Warehouse Driver\"", \""defining_skills\"": [\""driving\"", \""inventory management\"", \""heavy lifting\""], \""defining_responsibility_signals\"": [\""material delivery\"", \""coordination with foreman\""] , \""confidence\"": \""high\""}""}, {""community_id"": 261, ""dominant_experience_level"": ""junior"", ""entry_accessibility"": ""moderate_entry_barrier"", ""community_label"": ""Telecom Sales & Support"", ""defining_skills"": [""customer_service"", ""telemarketing"", ""outbound_sales""], ""defining_responsibility_signals"": [""handle_outbound_calls"", ""schedule_appointments""], ""confidence"": ""high"", ""rep_rank"": 3, ""attempt"": 1, ""raw_output"": ""{\""community_id\"": 261, \""dominant_experience_level\"": \""junior\"", \""entry_accessibility\"": \""moderate_entry_barrier\"", \""community_label\"": \""Telecom Sales & Support\"", \""defining_skills\"": [\""customer_service\"", \""telemarketing\"", \""outbound_sales\""], \""defining_responsibility_signals\"": [\""handle_outbound_calls\"", \""schedule_appointments\""] , \""confidence\"": \""high\""}""}]",11
262,42,junior,moderate_entry_barrier,Elementary School Teacher,"['Teaching', 'Elementary Education', 'Certification']","['Teach 4th Grade', 'Transfer Opportunity']",high,1.0,1.0,0.667,0.889,3,"school, teacher, 2024, 2025, start, elementary, high, enhanced, support, stipend, eligible, grade","[{""community_id"": 262, ""dominant_experience_level"": ""junior"", ""entry_accessibility"": ""moderate_entry_barrier"", ""community_label"": ""Elementary School Teacher"", ""defining_skills"": [""Teaching"", ""Elementary Education"", ""Certification""], ""defining_responsibility_signals"": [""Teach 4th Grade"", ""Transfer Opportunity""], ""confidence"": ""high"", ""rep_rank"": 1, ""attempt"": 1, ""raw_output"": ""{\""community_id\"": 262, \""dominant_experience_level\"": \""junior\"", \""entry_accessibility\"": \""moderate_entry_barrier\"", \""community_label\"": \""Elementary School Teacher\"", \""defining_skills\"": [\""Teaching\"", \""Elementary Education\"", \""Certification\""], \""defining_responsibility_signals\"": [\""Teach 4th Grade\"", \""Transfer Opportunity\""] , \""confidence\"": \""high\""}""}, {""community_id"": 262, ""dominant_experience_level"": ""junior"", ""entry_accessibility"": ""moderate_entry_barrier"", ""community_label"": ""Elementary School Teacher"", ""defining_skills"": [""English Language Development"", ""Certification Required"", ""Bachelor's Degree Required""], ""defining_responsibility_signals"": [""Enhanced Support"", ""Stipend Eligible""], ""confidence"": ""high"", ""rep_rank"": 2, ""attempt"": 1, ""raw_output"": ""{\""community_id\"": 262, \""dominant_experience_level\"": \""junior\"", \""entry_accessibility\"": \""moderate_entry_barrier\"", \""community_label\"": \""Elementary School Teacher\"", \""defining_skills\"": [\""English Language Development\"", \""Certification Required\"", \""Bachelor's Degree Required\""], \""defining_responsibility_signals\"": [\""Enhanced Support\"", \""Stipend Eligible\""] , \""confidence\"": \""high\""}""}, {""community_id"": 262, ""dominant_experience_level"": ""junior"", ""entry_accessibility"": ""moderate_entry_barrier"", ""community_label"": ""Elementary & High School Math Teachers"", ""defining_skills"": [""Teaching"", ""Math Curriculum"", ""Classroom Management""], ""defining_responsibility_signals"": [""Teach Math"", ""Support Students""], ""confidence"": ""high"", ""rep_rank"": 3, ""attempt"": 1, ""raw_output"": ""{\""community_id\"": 262, \""dominant_experience_level\"": \""junior\"", \""entry_accessibility\"": \""moderate_entry_barrier\"", \""community_label\"": \""Elementary & High School Math Teachers\"", \""defining_skills\"": [\""Teaching\"", \""Math Curriculum\"", \""Classroom Management\""], \""defining_responsibility_signals\"": [\""Teach Math\"", \""Support Students\""] , \""confidence\"": \""high\""}""}]",11
263,41,junior,moderate_entry_barrier,Retail Sales & Management,"['sales', 'retail', 'Sales']","['Drive Sales', 'Support Store Management']",high,1.0,1.0,0.333,0.778,3,"sales, retail, manager, store, cashier, floor, support, assistant, rack, outlet, inside, seasonal","[{""community_id"": 263, ""dominant_experience_level"": ""junior"", ""entry_accessibility"": ""moderate_entry_barrier"", ""community_label"": ""Retail Sales & Management"", ""defining_skills"": [""Sales"", ""Retail Management"", ""Customer Support""], ""defining_responsibility_signals"": [""Drive Sales"", ""Support Store Management""], ""confidence"": ""high"", ""rep_rank"": 1, ""attempt"": 1, ""raw_output"": ""{\""community_id\"": 263, \""dominant_experience_level\"": \""junior\"", \""entry_accessibility\"": \""moderate_entry_barrier\"", \""community_label\"": \""Retail Sales & Management\"", \""defining_skills\"": [\""Sales\"", \""Retail Management\"", \""Customer Support\""], \""defining_responsibility_signals\"": [\""Drive Sales\"", \""Support Store Management\""] , \""confidence\"": \""high\""}""}, {""community_id"": 263, ""dominant_experience_level"": ""junior"", ""entry_accessibility"": ""moderate_entry_barrier"", ""community_label"": ""Retail Sales Associate"", ""defining_skills"": [""sales"", ""retail"", ""customer support""], ""defining_responsibility_signals"": [""floor management"", ""cashiering""], ""confidence"": ""high"", ""rep_rank"": 2, ""attempt"": 1, ""raw_output"": ""{\""community_id\"": 263, \""dominant_experience_level\"": \""junior\"", \""entry_accessibility\"": \""moderate_entry_barrier\"", \""community_label\"": \""Retail Sales Associate\"", \""defining_skills\"": [\""sales\"", \""retail\"", \""customer support\""], \""defining_responsibility_signals\"": [\""floor management\"", \""cashiering\""] , \""confidence\"": \""high\""}""}, {""community_id"": 263, ""dominant_experience_level"": ""junior"", ""entry_accessibility"": ""moderate_entry_barrier"", ""community_label"": ""Retail Sales Management"", ""defining_skills"": [""sales"", ""retail"", ""manager""], ""defining_responsibility_signals"": [""store management"", ""team support""], ""confidence"": ""high"", ""rep_rank"": 3, ""attempt"": 1, ""raw_output"": ""{\""community_id\"": 263, \""dominant_experience_level\"": \""junior\"", \""entry_accessibility\"": \""moderate_entry_barrier\"", \""community_label\"": \""Retail Sales Management\"", \""defining_skills\"": [\""sales\"", \""retail\"", \""manager\""], \""defining_responsibility_signals\"": [\""store management\"", \""team support\""] , \""confidence\"": \""high\""}""}]",11
264,41,mid,moderate_entry_barrier,IT Systems Admin,"['network', 'system', 'Windows']","['oversee infrastructure', 'implement technical solutions']",high,1.0,1.0,0.333,0.778,3,"engineer, administrator, network, system, senior, architect, windows, infrastructure, systems, information, technology, cloud","[{""community_id"": 264, ""dominant_experience_level"": ""mid"", ""entry_accessibility"": ""moderate_entry_barrier"", ""community_label"": ""IT Systems Admin"", ""defining_skills"": [""Windows"", ""Cloud"", ""Network""], ""defining_responsibility_signals"": [""oversee infrastructure"", ""implement technical solutions""], ""confidence"": ""high"", ""rep_rank"": 1, ""attempt"": 1, ""raw_output"": ""{\""community_id\"": 264, \""dominant_experience_level\"": \""mid\"", \""entry_accessibility\"": \""moderate_entry_barrier\"", \""community_label\"": \""IT Systems Admin\"", \""defining_skills\"": [\""Windows\"", \""Cloud\"", \""Network\""], \""defining_responsibility_signals\"": [\""oversee infrastructure\"", \""implement technical solutions\""] , \""confidence\"": \""high\""}""}, {""community_id"": 264, ""dominant_experience_level"": ""mid"", ""entry_accessibility"": ""moderate_entry_barrier"", ""community_label"": ""IT Infrastructure & Cloud Services"", ""defining_skills"": [""network"", ""system"", ""cloud""], ""defining_responsibility_signals"": [""administrator"", ""architect""], ""confidence"": ""high"", ""rep_rank"": 2, ""attempt"": 1, ""raw_output"": ""{\""community_id\"": 264, \""dominant_experience_level\"": \""mid\"", \""entry_accessibility\"": \""moderate_entry_barrier\"", \""community_label\"": \""IT Infrastructure & Cloud Services\"", \""defining_skills\"": [\""network\"", \""system\"", \""cloud\""], \""defining_responsibility_signals\"": [\""administrator\"", \""architect\""] , \""confidence\"": \""high\""}""}, {""community_id"": 264, ""dominant_experience_level"": ""mid"", ""entry_accessibility"": ""moderate_entry_barrier"", ""community_label"": ""IT Infrastructure & Systems"", ""defining_skills"": [""network"", ""system"", ""windows""], ""defining_responsibility_signals"": [""infrastructure"", ""implementation""], ""confidence"": ""high"", ""rep_rank"": 3, ""attempt"": 1, ""raw_output"": ""{\""community_id\"": 264, \""dominant_experience_level\"": \""mid\"", \""entry_accessibility\"": \""moderate_entry_barrier\"", \""community_label\"": \""IT Infrastructure & Systems\"", \""defining_skills\"": [\""network\"", \""system\"", \""windows\""], \""defining_responsibility_signals\"": [\""infrastructure\"", \""implementation\""] , \""confidence\"": \""high\""}""}]",11
265,41,mid,moderate_entry_barrier,Executive Assistant,"['calendar management', 'event coordination', 'administrative']","['assist', 'coordinate']",high,1.0,1.0,0.667,0.889,3,"assistant, executive, administrative, firm, senior, coordinator, event, venture, capital, personal, office, project","[{""community_id"": 265, ""dominant_experience_level"": ""mid"", ""entry_accessibility"": ""moderate_entry_barrier"", ""community_label"": ""Executive Assistant"", ""defining_skills"": [""administrative"", ""event"", ""project""], ""defining_responsibility_signals"": [""assist"", ""coordinate""], ""confidence"": ""high"", ""rep_rank"": 1, ""attempt"": 1, ""raw_output"": ""{\""community_id\"": 265, \""dominant_experience_level\"": \""mid\"", \""entry_accessibility\"": \""moderate_entry_barrier\"", \""community_label\"": \""Executive Assistant\"", \""defining_skills\"": [\""administrative\"", \""event\"", \""project\""], \""defining_responsibility_signals\"": [\""assist\"", \""coordinate\""] , \""confidence\"": \""high\""}""}, {""community_id"": 265, ""dominant_experience_level"": ""mid"", ""entry_accessibility"": ""moderate_entry_barrier"", ""community_label"": ""Executive Assistant"", ""defining_skills"": [""calendar management"", ""event coordination"", ""team support""], ""defining_responsibility_signals"": [""heavy calendar management"", ""team support""], ""confidence"": ""high"", ""rep_rank"": 2, ""attempt"": 1, ""raw_output"": ""{\""community_id\"": 265, \""dominant_experience_level\"": \""mid\"", \""entry_accessibility\"": \""moderate_entry_barrier\"", \""community_label\"": \""Executive Assistant\"", \""defining_skills\"": [\""calendar management\"", \""event coordination\"", \""team support\""], \""defining_responsibility_signals\"": [\""heavy calendar management\"", \""team support\""] , \""confidence\"": \""high\""}""}, {""community_id"": 265, ""dominant_experience_level"": ""mid"", ""entry_accessibility"": ""moderate_entry_barrier"", ""community_label"": ""Executive Assistants"", ""defining_skills"": [""calendar management"", ""administrative support"", ""event coordination""], ""defining_responsibility_signals"": [""supports CEO"", ""temporary role""], ""confidence"": ""high"", ""rep_rank"": 3, ""attempt"": 1, ""raw_output"": ""{\""community_id\"": 265, \""dominant_experience_level\"": \""mid\"", \""entry_accessibility\"": \""moderate_entry_barrier\"", \""community_label\"": \""Executive Assistants\"", \""defining_skills\"": [\""calendar management\"", \""administrative support\"", \""event coordination\""], \""defining_responsibility_signals\"": [\""supports CEO\"", \""temporary role\""] , \""confidence\"": \""high\""}""}]",11
266,41,mid,moderate_entry_barrier,Paid Media Specialist,"['Paid Media', 'Campaign Management', 'Ad Agency Experience']","['Strategic Planning', 'Client Management']",high,1.0,1.0,0.333,0.778,3,"manager, marketing, media, paid, specialist, digital, senior, success, director, campaign, email, client","[{""community_id"": 266, ""dominant_experience_level"": ""mid"", ""entry_accessibility"": ""moderate_entry_barrier"", ""community_label"": ""Paid Media Specialist"", ""defining_skills"": [""Paid Media"", ""Campaign Management"", ""Ad Agency Experience""], ""defining_responsibility_signals"": [""Strategic Planning"", ""Client Management""], ""confidence"": ""high"", ""rep_rank"": 1, ""attempt"": 1, ""raw_output"": ""{\""community_id\"": 266, \""dominant_experience_level\"": \""mid\"", \""entry_accessibility\"": \""moderate_entry_barrier\"", \""community_label\"": \""Paid Media Specialist\"", \""defining_skills\"": [\""Paid Media\"", \""Campaign Management\"", \""Ad Agency Experience\""], \""defining_responsibility_signals\"": [\""Strategic Planning\"", \""Client Management\""] , \""confidence\"": \""high\""}""}, {""community_id"": 266, ""dominant_experience_level"": ""mid"", ""entry_accessibility"": ""moderate_entry_barrier"", ""community_label"": ""Paid Media Manager"", ""defining_skills"": [""Paid Media"", ""Digital Marketing"", ""Leadership""], ""defining_responsibility_signals"": [""Lead and Innovate"", ""Diverse Marketing Channels""], ""confidence"": ""high"", ""rep_rank"": 2, ""attempt"": 1, ""raw_output"": ""{\""community_id\"": 266, \""dominant_experience_level\"": \""mid\"", \""entry_accessibility\"": \""moderate_entry_barrier\"", \""community_label\"": \""Paid Media Manager\"", \""defining_skills\"": [\""Paid Media\"", \""Digital Marketing\"", \""Leadership\""], \""defining_responsibility_signals\"": [\""Lead and Innovate\"", \""Diverse Marketing Channels\""] , \""confidence\"": \""high\""}""}, {""community_id"": 266, ""dominant_experience_level"": ""mid"", ""entry_accessibility"": ""moderate_entry_barrier"", ""community_label"": ""Marketing & Media"", ""defining_skills"": [""media_buying"", ""analytical_skills"", ""marketing_strategy""], ""defining_responsibility_signals"": [""campaign_management"", ""client_relations""], ""confidence"": ""high"", ""rep_rank"": 3, ""attempt"": 1, ""raw_output"": ""{\""community_id\"": 266, \""dominant_experience_level\"": \""mid\"", \""entry_accessibility\"": \""moderate_entry_barrier\"", \""community_label\"": \""Marketing & Media\"", \""defining_skills\"": [\""media_buying\"", \""analytical_skills\"", \""marketing_strategy\""], \""defining_responsibility_signals\"": [\""campaign_management\"", \""client_relations\""] , \""confidence\"": \""high\""}""}]",11
267,41,mid,moderate_entry_barrier,SAP FICO Consultant,"['ABAP', 'SAP', 'FICO']","['project systems', 'functional']",high,1.0,1.0,0.333,0.778,3,"sap, consultant, developer, architect, fico, senior, functional, abap, business, advanced, application, programming","[{""community_id"": 267, ""dominant_experience_level"": ""mid"", ""entry_accessibility"": ""moderate_entry_barrier"", ""community_label"": ""SAP FICO Consultant"", ""defining_skills"": [""SAP"", ""FICO"", ""ABAP""], ""defining_responsibility_signals"": [""project systems"", ""functional""], ""confidence"": ""high"", ""rep_rank"": 1, ""attempt"": 1, ""raw_output"": ""{\""community_id\"": 267, \""dominant_experience_level\"": \""mid\"", \""entry_accessibility\"": \""moderate_entry_barrier\"", \""community_label\"": \""SAP FICO Consultant\"", \""defining_skills\"": [\""SAP\"", \""FICO\"", \""ABAP\""], \""defining_responsibility_signals\"": [\""project systems\"", \""functional\""] , \""confidence\"": \""high\""}""}, {""community_id"": 267, ""dominant_experience_level"": ""mid"", ""entry_accessibility"": ""moderate_entry_barrier"", ""community_label"": ""SAP SD/MM Consultant"", ""defining_skills"": [""SAP SD/MM"", ""ABAP"", ""Programming""], ""defining_responsibility_signals"": [""Leadership"", ""Project Management""], ""confidence"": ""high"", ""rep_rank"": 2, ""attempt"": 1, ""raw_output"": ""{\""community_id\"": 267, \""dominant_experience_level\"": \""mid\"", \""entry_accessibility\"": \""moderate_entry_barrier\"", \""community_label\"": \""SAP SD/MM Consultant\"", \""defining_skills\"": [\""SAP SD/MM\"", \""ABAP\"", \""Programming\""], \""defining_responsibility_signals\"": [\""Leadership\"", \""Project Management\""] , \""confidence\"": \""high\""}""}, {""community_id"": 267, ""dominant_experience_level"": ""mid"", ""entry_accessibility"": ""moderate_entry_barrier"", ""community_label"": ""SAP Business Consultant"", ""defining_skills"": [""SAP"", ""ABAP"", ""Object-Oriented Programming""], ""defining_responsibility_signals"": [""functional configuration"", ""collaborate with stakeholders""], ""confidence"": ""high"", ""rep_rank"": 3, ""attempt"": 1, ""raw_output"": ""{\""community_id\"": 267, \""dominant_experience_level\"": \""mid\"", \""entry_accessibility\"": \""moderate_entry_barrier\"", \""community_label\"": \""SAP Business Consultant\"", \""defining_skills\"": [\""SAP\"", \""ABAP\"", \""Object-Oriented Programming\""], \""defining_responsibility_signals\"": [\""functional configuration\"", \""collaborate with stakeholders\""] , \""confidence\"": \""high\""}""}]",11
268,41,mid,moderate_entry_barrier,Mechanical Design Engineer,"['mechanical design', 'structural analysis', 'clean energy']","['develop mechanical designs', 'oversee projects']",high,1.0,1.0,0.667,0.889,3,"engineer, mechanical, design, senior, project, structural, clean, energy, lead, engineering, research, product","[{""community_id"": 268, ""dominant_experience_level"": ""mid"", ""entry_accessibility"": ""moderate_entry_barrier"", ""community_label"": ""Mechanical Design Engineer"", ""defining_skills"": [""mechanical design"", ""project management"", ""lean culture""], ""defining_responsibility_signals"": [""develop mechanical designs"", ""oversee projects""], ""confidence"": ""high"", ""rep_rank"": 1, ""attempt"": 1, ""raw_output"": ""{\""community_id\"": 268, \""dominant_experience_level\"": \""mid\"", \""entry_accessibility\"": \""moderate_entry_barrier\"", \""community_label\"": \""Mechanical Design Engineer\"", \""defining_skills\"": [\""mechanical design\"", \""project management\"", \""lean culture\""], \""defining_responsibility_signals\"": [\""develop mechanical designs\"", \""oversee projects\""] , \""confidence\"": \""high\""}""}, {""community_id"": 268, ""dominant_experience_level"": ""mid"", ""entry_accessibility"": ""moderate_entry_barrier"", ""community_label"": ""Mechanical Design Engineer"", ""defining_skills"": [""mechanical design"", ""structural analysis"", ""clean energy""], ""defining_responsibility_signals"": [""independent design"", ""team collaboration""], ""confidence"": ""high"", ""rep_rank"": 2, ""attempt"": 1, ""raw_output"": ""{\""community_id\"": 268, \""dominant_experience_level\"": \""mid\"", \""entry_accessibility\"": \""moderate_entry_barrier\"", \""community_label\"": \""Mechanical Design Engineer\"", \""defining_skills\"": [\""mechanical design\"", \""structural analysis\"", \""clean energy\""], \""defining_responsibility_signals\"": [\""independent design\"", \""team collaboration\""] , \""confidence\"": \""high\""}""}, {""community_id"": 268, ""dominant_experience_level"": ""mid"", ""entry_accessibility"": ""moderate_entry_barrier"", ""community_label"": ""Mechanical Engineer"", ""defining_skills"": [""mechanical design"", ""structural analysis"", ""clean energy""], ""defining_responsibility_signals"": [""research"", ""project leadership""], ""confidence"": ""high"", ""rep_rank"": 3, ""attempt"": 1, ""raw_output"": ""{\""community_id\"": 268, \""dominant_experience_level\"": \""mid\"", \""entry_accessibility\"": \""moderate_entry_barrier\"", \""community_label\"": \""Mechanical Engineer\"", \""defining_skills\"": [\""mechanical design\"", \""structural analysis\"", \""clean energy\""], \""defining_responsibility_signals\"": [\""research\"", \""project leadership\""] , \""confidence\"": \""high\""}""}]",11
269,41,mid,moderate_entry_barrier,Claims Adjusters,"['claims investigation', 'negotiation', 'claims evaluation']","['investigation', 'negotiation']",high,1.0,1.0,0.333,0.778,3,"claims, senior, adjuster, property, specialist, examiner, representative, manager, workers, compensation, director, bodily","[{""community_id"": 269, ""dominant_experience_level"": ""mid"", ""entry_accessibility"": ""moderate_entry_barrier"", ""community_label"": ""Claims Adjusters"", ""defining_skills"": [""claims investigation"", ""negotiation"", ""claims evaluation""], ""defining_responsibility_signals"": [""investigation"", ""negotiation""], ""confidence"": ""high"", ""rep_rank"": 1, ""attempt"": 1, ""raw_output"": ""{\""community_id\"": 269, \""dominant_experience_level\"": \""mid\"", \""entry_accessibility\"": \""moderate_entry_barrier\"", \""community_label\"": \""Claims Adjusters\"", \""defining_skills\"": [\""claims investigation\"", \""negotiation\"", \""claims evaluation\""], \""defining_responsibility_signals\"": [\""investigation\"", \""negotiation\""] , \""confidence\"": \""high\""}""}, {""community_id"": 269, ""dominant_experience_level"": ""mid"", ""entry_accessibility"": ""moderate_entry_barrier"", ""community_label"": ""Casualty Claims"", ""defining_skills"": [""claims handling"", ""risk management"", ""auto liability""], ""defining_responsibility_signals"": [""first report handling"", ""claims control""], ""confidence"": ""high"", ""rep_rank"": 2, ""attempt"": 1, ""raw_output"": ""{\""community_id\"": 269, \""dominant_experience_level\"": \""mid\"", \""entry_accessibility\"": \""moderate_entry_barrier\"", \""community_label\"": \""Casualty Claims\"", \""defining_skills\"": [\""claims handling\"", \""risk management\"", \""auto liability\""], \""defining_responsibility_signals\"": [\""first report handling\"", \""claims control\""] , \""confidence\"": \""high\""}""}, {""community_id"": 269, ""dominant_experience_level"": ""mid"", ""entry_accessibility"": ""moderate_entry_barrier"", ""community_label"": ""Claims Specialist"", ""defining_skills"": [""claims processing"", ""workers compensation"", ""general liability""], ""defining_responsibility_signals"": [""analyzing"", ""processing""], ""confidence"": ""high"", ""rep_rank"": 3, ""attempt"": 1, ""raw_output"": ""{\""community_id\"": 269, \""dominant_experience_level\"": \""mid\"", \""entry_accessibility\"": \""moderate_entry_barrier\"", \""community_label\"": \""Claims Specialist\"", \""defining_skills\"": [\""claims processing\"", \""workers compensation\"", \""general liability\""], \""defining_responsibility_signals\"": [\""analyzing\"", \""processing\""] , \""confidence\"": \""high\""}""}]",11
270,41,junior,moderate_entry_barrier,Pest Control Technician,"['pest control', 'termite control', 'residential services']","['certification required', 'seasonal work available']",high,1.0,1.0,1.0,1.0,3,"technician, pest, control, termite, specialist, service, residential, services, trainee, sales, seasonal, home","[{""community_id"": 270, ""dominant_experience_level"": ""junior"", ""entry_accessibility"": ""moderate_entry_barrier"", ""community_label"": ""Pest Control Technician"", ""defining_skills"": [""pest control"", ""termite control"", ""residential services""], ""defining_responsibility_signals"": [""certification required"", ""seasonal work available""], ""confidence"": ""high"", ""rep_rank"": 1, ""attempt"": 1, ""raw_output"": ""{\""community_id\"": 270, \""dominant_experience_level\"": \""junior\"", \""entry_accessibility\"": \""moderate_entry_barrier\"", \""community_label\"": \""Pest Control Technician\"", \""defining_skills\"": [\""pest control\"", \""termite control\"", \""residential services\""], \""defining_responsibility_signals\"": [\""certification required\"", \""seasonal work available\""] , \""confidence\"": \""high\""}""}, {""community_id"": 270, ""dominant_experience_level"": ""junior"", ""entry_accessibility"": ""moderate_entry_barrier"", ""community_label"": ""Pest Control Technician"", ""defining_skills"": [""pest control"", ""termite control"", ""residential services""], ""defining_responsibility_signals"": [""certification required"", ""seasonal work available""], ""confidence"": ""high"", ""rep_rank"": 2, ""attempt"": 1, ""raw_output"": ""{\""community_id\"": 270, \""dominant_experience_level\"": \""junior\"", \""entry_accessibility\"": \""moderate_entry_barrier\"", \""community_label\"": \""Pest Control Technician\"", \""defining_skills\"": [\""pest control\"", \""termite control\"", \""residential services\""], \""defining_responsibility_signals\"": [\""certification required\"", \""seasonal work available\""] , \""confidence\"": \""high\""}""}, {""community_id"": 270, ""dominant_experience_level"": ""junior"", ""entry_accessibility"": ""moderate_entry_barrier"", ""community_label"": ""Pest Control Technician"", ""defining_skills"": [""pest control"", ""termite control"", ""residential services""], ""defining_responsibility_signals"": [""certification required"", ""seasonal work available""], ""confidence"": ""high"", ""rep_rank"": 3, ""attempt"": 1, ""raw_output"": ""{\""community_id\"": 270, \""dominant_experience_level\"": \""junior\"", \""entry_accessibility\"": \""moderate_entry_barrier\"", \""community_label\"": \""Pest Control Technician\"", \""defining_skills\"": [\""pest control\"", \""termite control\"", \""residential services\""], \""defining_responsibility_signals\"": [\""certification required\"", \""seasonal work available\""] , \""confidence\"": \""high\""}""}]",11
271,40,mid,moderate_entry_barrier,Finance & Accounting,"['financial_analysis', 'accounting', 'treasury']","['leadership', 'expansion']",high,1.0,1.0,0.333,0.778,3,"manager, finance, financial, accounting, analyst, director, specialist, accountant, controller, administrator, treasury, intern","[{""community_id"": 271, ""dominant_experience_level"": ""mid"", ""entry_accessibility"": ""moderate_entry_barrier"", ""community_label"": ""Finance & Accounting"", ""defining_skills"": [""financial_analysis"", ""accounting"", ""treasury""], ""defining_responsibility_signals"": [""leadership"", ""expansion""], ""confidence"": ""high"", ""rep_rank"": 1, ""attempt"": 1, ""raw_output"": ""{\""community_id\"": 271, \""dominant_experience_level\"": \""mid\"", \""entry_accessibility\"": \""moderate_entry_barrier\"", \""community_label\"": \""Finance & Accounting\"", \""defining_skills\"": [\""financial_analysis\"", \""accounting\"", \""treasury\""], \""defining_responsibility_signals\"": [\""leadership\"", \""expansion\""] , \""confidence\"": \""high\""}""}, {""community_id"": 271, ""dominant_experience_level"": ""mid"", ""entry_accessibility"": ""moderate_entry_barrier"", ""community_label"": ""Financial Management"", ""defining_skills"": [""financial analysis"", ""margin management"", ""budgeting""], ""defining_responsibility_signals"": [""oversee financial planning"", ""strategic decision making""], ""confidence"": ""high"", ""rep_rank"": 2, ""attempt"": 1, ""raw_output"": ""{\""community_id\"": 271, \""dominant_experience_level\"": \""mid\"", \""entry_accessibility\"": \""moderate_entry_barrier\"", \""community_label\"": \""Financial Management\"", \""defining_skills\"": [\""financial analysis\"", \""margin management\"", \""budgeting\""], \""defining_responsibility_signals\"": [\""oversee financial planning\"", \""strategic decision making\""] , \""confidence\"": \""high\""}""}, {""community_id"": 271, ""dominant_experience_level"": ""mid"", ""entry_accessibility"": ""moderate_entry_barrier"", ""community_label"": ""Finance & Accounting Management"", ""defining_skills"": [""financial_analysis"", ""accounting"", ""treasury_management""], ""defining_responsibility_signals"": [""lead_finance_team"", ""strategic_planning""], ""confidence"": ""high"", ""rep_rank"": 3, ""attempt"": 1, ""raw_output"": ""{\""community_id\"": 271, \""dominant_experience_level\"": \""mid\"", \""entry_accessibility\"": \""moderate_entry_barrier\"", \""community_label\"": \""Finance & Accounting Management\"", \""defining_skills\"": [\""financial_analysis\"", \""accounting\"", \""treasury_management\""], \""defining_responsibility_signals\"": [\""lead_finance_team\"", \""strategic_planning\""] , \""confidence\"": \""high\""}""}]",11
272,40,mid,moderate_entry_barrier,Retail Store Management,"['customer_service', 'store_management', 'team_leadership']","['manage_staff', 'oversee_store_operations']",high,1.0,1.0,0.667,0.889,3,"manager, store, restaurant, general, director, district, grocery, sales, business, development, shift, leader","[{""community_id"": 272, ""dominant_experience_level"": ""mid"", ""entry_accessibility"": ""moderate_entry_barrier"", ""community_label"": ""Retail Store Management"", ""defining_skills"": [""customer_service"", ""store_management"", ""team_leadership""], ""defining_responsibility_signals"": [""manage_staff"", ""oversee_store_operations""], ""confidence"": ""high"", ""rep_rank"": 1, ""attempt"": 1, ""raw_output"": ""{\""community_id\"": 272, \""dominant_experience_level\"": \""mid\"", \""entry_accessibility\"": \""moderate_entry_barrier\"", \""community_label\"": \""Retail Store Management\"", \""defining_skills\"": [\""customer_service\"", \""store_management\"", \""team_leadership\""], \""defining_responsibility_signals\"": [\""manage_staff\"", \""oversee_store_operations\""] , \""confidence\"": \""high\""}""}, {""community_id"": 272, ""dominant_experience_level"": ""mid"", ""entry_accessibility"": ""moderate_entry_barrier"", ""community_label"": ""Retail Management"", ""defining_skills"": [""sales"", ""business_development"", ""leadership""], ""defining_responsibility_signals"": [""manage_store"", ""lead_team""], ""confidence"": ""high"", ""rep_rank"": 2, ""attempt"": 1, ""raw_output"": ""{\""community_id\"": 272, \""dominant_experience_level\"": \""mid\"", \""entry_accessibility\"": \""moderate_entry_barrier\"", \""community_label\"": \""Retail Management\"", \""defining_skills\"": [\""sales\"", \""business_development\"", \""leadership\""], \""defining_responsibility_signals\"": [\""manage_store\"", \""lead_team\""] , \""confidence\"": \""high\""}""}, {""community_id"": 272, ""dominant_experience_level"": ""mid"", ""entry_accessibility"": ""moderate_entry_barrier"", ""community_label"": ""Retail Store Management"", ""defining_skills"": [""store management"", ""team leadership"", ""sales development""], ""defining_responsibility_signals"": [""oversee store operations"", ""manage staff""], ""confidence"": ""high"", ""rep_rank"": 3, ""attempt"": 1, ""raw_output"": ""{\""community_id\"": 272, \""dominant_experience_level\"": \""mid\"", \""entry_accessibility\"": \""moderate_entry_barrier\"", \""community_label\"": \""Retail Store Management\"", \""defining_skills\"": [\""store management\"", \""team leadership\"", \""sales development\""], \""defining_responsibility_signals\"": [\""oversee store operations\"", \""manage staff\""] , \""confidence\"": \""high\""}""}]",11
273,40,senior,moderate_entry_barrier,Supply Chain Management,"['operations management', 'supply chain management', 'logistics planning']","['leadership', 'strategic planning']",high,1.0,1.0,0.667,0.889,3,"operations, manager, director, supply, chain, senior, logistics, planner, coordinator, supervisor, shift, management","[{""community_id"": 273, ""dominant_experience_level"": ""senior"", ""entry_accessibility"": ""moderate_entry_barrier"", ""community_label"": ""Operations Management"", ""defining_skills"": [""supply chain management"", ""logistics planning"", ""operations management""], ""defining_responsibility_signals"": [""leadership"", ""strategic planning""], ""confidence"": ""high"", ""rep_rank"": 1, ""attempt"": 1, ""raw_output"": ""{\""community_id\"": 273, \""dominant_experience_level\"": \""senior\"", \""entry_accessibility\"": \""moderate_entry_barrier\"", \""community_label\"": \""Operations Management\"", \""defining_skills\"": [\""supply chain management\"", \""logistics planning\"", \""operations management\""], \""defining_responsibility_signals\"": [\""leadership\"", \""strategic planning\""] , \""confidence\"": \""high\""}""}, {""community_id"": 273, ""dominant_experience_level"": ""senior"", ""entry_accessibility"": ""moderate_entry_barrier"", ""community_label"": ""Supply Chain Management"", ""defining_skills"": [""operations management"", ""supply chain planning"", ""logistics coordination""], ""defining_responsibility_signals"": [""leadership"", ""team management""], ""confidence"": ""high"", ""rep_rank"": 2, ""attempt"": 1, ""raw_output"": ""{\""community_id\"": 273, \""dominant_experience_level\"": \""senior\"", \""entry_accessibility\"": \""moderate_entry_barrier\"", \""community_label\"": \""Supply Chain Management\"", \""defining_skills\"": [\""operations management\"", \""supply chain planning\"", \""logistics coordination\""], \""defining_responsibility_signals\"": [\""leadership\"", \""team management\""] , \""confidence\"": \""high\""}""}, {""community_id"": 273, ""dominant_experience_level"": ""senior"", ""entry_accessibility"": ""moderate_entry_barrier"", ""community_label"": ""Supply Chain Management"", ""defining_skills"": [""operations management"", ""supply chain management"", ""logistics planning""], ""defining_responsibility_signals"": [""leadership"", ""business transformation""], ""confidence"": ""high"", ""rep_rank"": 3, ""attempt"": 1, ""raw_output"": ""{\""community_id\"": 273, \""dominant_experience_level\"": \""senior\"", \""entry_accessibility\"": \""moderate_entry_barrier\"", \""community_label\"": \""Supply Chain Management\"", \""defining_skills\"": [\""operations management\"", \""supply chain management\"", \""logistics planning\""], \""defining_responsibility_signals\"": [\""leadership\"", \""business transformation\""] , \""confidence\"": \""high\""}""}]",11
274,40,junior,moderate_entry_barrier,Oral Surgery Scheduling Coordinator,"['scheduling', 'bilingual', 'coordination']","['patient_care', 'referral_management']",high,1.0,1.0,1.0,1.0,3,"coordinator, patient, referral, service, scheduling, ambulatory, nurse, specialist, center, clinic, front, desk","[{""community_id"": 274, ""dominant_experience_level"": ""junior"", ""entry_accessibility"": ""moderate_entry_barrier"", ""community_label"": ""Oral Surgery Scheduling Coordinator"", ""defining_skills"": [""bilingual"", ""scheduling"", ""coordination""], ""defining_responsibility_signals"": [""patient_care"", ""referral_management""], ""confidence"": ""high"", ""rep_rank"": 1, ""attempt"": 1, ""raw_output"": ""{\""community_id\"": 274, \""dominant_experience_level\"": \""junior\"", \""entry_accessibility\"": \""moderate_entry_barrier\"", \""community_label\"": \""Oral Surgery Scheduling Coordinator\"", \""defining_skills\"": [\""bilingual\"", \""scheduling\"", \""coordination\""], \""defining_responsibility_signals\"": [\""patient_care\"", \""referral_management\""] , \""confidence\"": \""high\""}""}, {""community_id"": 274, ""dominant_experience_level"": ""junior"", ""entry_accessibility"": ""moderate_entry_barrier"", ""community_label"": ""Oral Surgery Scheduling Coordinator"", ""defining_skills"": [""scheduling"", ""patient care"", ""referral management""], ""defining_responsibility_signals"": [""grow practice"", ""serve community""], ""confidence"": ""high"", ""rep_rank"": 2, ""attempt"": 1, ""raw_output"": ""{\""community_id\"": 274, \""dominant_experience_level\"": \""junior\"", \""entry_accessibility\"": \""moderate_entry_barrier\"", \""community_label\"": \""Oral Surgery Scheduling Coordinator\"", \""defining_skills\"": [\""scheduling\"", \""patient care\"", \""referral management\""], \""defining_responsibility_signals\"": [\""grow practice\"", \""serve community\""] , \""confidence\"": \""high\""}""}, {""community_id"": 274, ""dominant_experience_level"": ""junior"", ""entry_accessibility"": ""moderate_entry_barrier"", ""community_label"": ""Oral Surgery Scheduling Coordinator"", ""defining_skills"": [""patient_scheduling"", ""referral_management"", ""clinic_front_desk""], ""defining_responsibility_signals"": [""grow_practice"", ""serve_community""], ""confidence"": ""high"", ""rep_rank"": 3, ""attempt"": 1, ""raw_output"": ""{\""community_id\"": 274, \""dominant_experience_level\"": \""junior\"", \""entry_accessibility\"": \""moderate_entry_barrier\"", \""community_label\"": \""Oral Surgery Scheduling Coordinator\"", \""defining_skills\"": [\""patient_scheduling\"", \""referral_management\"", \""clinic_front_desk\""], \""defining_responsibility_signals\"": [\""grow_practice\"", \""serve_community\""] , \""confidence\"": \""high\""}""}]",11
275,40,mid,moderate_entry_barrier,Banking - Teller & Customer Service,"['customer_service', 'banking_operations', 'universal_banking']","['branch_management', 'customer_relationship_building']",high,1.0,1.0,1.0,1.0,3,"teller, banker, relationship, branch, universal, manager, customer, representative, ames, west, cons, bnkng","[{""community_id"": 275, ""dominant_experience_level"": ""mid"", ""entry_accessibility"": ""moderate_entry_barrier"", ""community_label"": ""Banking - Teller & Customer Service"", ""defining_skills"": [""customer_service"", ""banking_operations"", ""universal_banking""], ""defining_responsibility_signals"": [""branch_management"", ""customer_relationship_building""], ""confidence"": ""high"", ""rep_rank"": 1, ""attempt"": 1, ""raw_output"": ""{\""community_id\"": 275, \""dominant_experience_level\"": \""mid\"", \""entry_accessibility\"": \""moderate_entry_barrier\"", \""community_label\"": \""Banking - Teller & Customer Service\"", \""defining_skills\"": [\""customer_service\"", \""banking_operations\"", \""universal_banking\""], \""defining_responsibility_signals\"": [\""branch_management\"", \""customer_relationship_building\""] , \""confidence\"": \""high\""}""}, {""community_id"": 275, ""dominant_experience_level"": ""mid"", ""entry_accessibility"": ""moderate_entry_barrier"", ""community_label"": ""Banking - Teller & Customer Service"", ""defining_skills"": [""customer_service"", ""banking_operations"", ""universal_banking""], ""defining_responsibility_signals"": [""branch_management"", ""customer_relationship_building""], ""confidence"": ""high"", ""rep_rank"": 2, ""attempt"": 1, ""raw_output"": ""{\""community_id\"": 275, \""dominant_experience_level\"": \""mid\"", \""entry_accessibility\"": \""moderate_entry_barrier\"", \""community_label\"": \""Banking - Teller & Customer Service\"", \""defining_skills\"": [\""customer_service\"", \""banking_operations\"", \""universal_banking\""], \""defining_responsibility_signals\"": [\""branch_management\"", \""customer_relationship_building\""] , \""confidence\"": \""high\""}""}, {""community_id"": 275, ""dominant_experience_level"": ""mid"", ""entry_accessibility"": ""moderate_entry_barrier"", ""community_label"": ""Banking - Teller & Customer Service"", ""defining_skills"": [""customer_service"", ""banking_operations"", ""universal_banking""], ""defining_responsibility_signals"": [""branch_management"", ""customer_relationship_building""], ""confidence"": ""high"", ""rep_rank"": 3, ""attempt"": 1, ""raw_output"": ""{\""community_id\"": 275, \""dominant_experience_level\"": \""mid\"", \""entry_accessibility\"": \""moderate_entry_barrier\"", \""community_label\"": \""Banking - Teller & Customer Service\"", \""defining_skills\"": [\""customer_service\"", \""banking_operations\"", \""universal_banking\""], \""defining_responsibility_signals\"": [\""branch_management\"", \""customer_relationship_building\""] , \""confidence\"": \""high\""}""}]",12
276,40,mid,moderate_entry_barrier,Data Management,"['SQL', 'Data Governance', 'Database Systems']","['Analyze business requirements', 'Deliver quick results']",high,1.0,1.0,0.667,0.889,3,"data, engineer, developer, manager, analyst, senior, sql, governance, software, database, systems, enterprise","[{""community_id"": 276, ""dominant_experience_level"": ""mid"", ""entry_accessibility"": ""moderate_entry_barrier"", ""community_label"": ""Data Management"", ""defining_skills"": [""SQL"", ""Database Systems"", ""Data Governance""], ""defining_responsibility_signals"": [""Analyze business requirements"", ""Deliver quick results""], ""confidence"": ""high"", ""rep_rank"": 1, ""attempt"": 1, ""raw_output"": ""{\""community_id\"": 276, \""dominant_experience_level\"": \""mid\"", \""entry_accessibility\"": \""moderate_entry_barrier\"", \""community_label\"": \""Data Management\"", \""defining_skills\"": [\""SQL\"", \""Database Systems\"", \""Data Governance\""], \""defining_responsibility_signals\"": [\""Analyze business requirements\"", \""Deliver quick results\""] , \""confidence\"": \""high\""}""}, {""community_id"": 276, ""dominant_experience_level"": ""mid"", ""entry_accessibility"": ""moderate_entry_barrier"", ""community_label"": ""Data Management"", ""defining_skills"": [""SQL"", ""Data Governance"", ""Enterprise Systems""], ""defining_responsibility_signals"": [""Partner with engineers and product owners"", ""Ensure data quality""], ""confidence"": ""high"", ""rep_rank"": 2, ""attempt"": 1, ""raw_output"": ""{\""community_id\"": 276, \""dominant_experience_level\"": \""mid\"", \""entry_accessibility\"": \""moderate_entry_barrier\"", \""community_label\"": \""Data Management\"", \""defining_skills\"": [\""SQL\"", \""Data Governance\"", \""Enterprise Systems\""], \""defining_responsibility_signals\"": [\""Partner with engineers and product owners\"", \""Ensure data quality\""] , \""confidence\"": \""high\""}""}, {""community_id"": 276, ""dominant_experience_level"": ""mid"", ""entry_accessibility"": ""moderate_entry_barrier"", ""community_label"": ""Data Governance"", ""defining_skills"": [""SQL"", ""Data Governance"", ""Software Systems""], ""defining_responsibility_signals"": [""Leadership"", ""Analysis""], ""confidence"": ""high"", ""rep_rank"": 3, ""attempt"": 1, ""raw_output"": ""{\""community_id\"": 276, \""dominant_experience_level\"": \""mid\"", \""entry_accessibility\"": \""moderate_entry_barrier\"", \""community_label\"": \""Data Governance\"", \""defining_skills\"": [\""SQL\"", \""Data Governance\"", \""Software Systems\""], \""defining_responsibility_signals\"": [\""Leadership\"", \""Analysis\""] , \""confidence\"": \""high\""}""}]",12
277,40,junior,moderate_entry_barrier,Warehouse Operations,"['Forklift Operation', 'Material Handling', 'Shipping/Receiving']","['Shift Work', 'Team Leadership (Junior)']",high,1.0,1.0,0.333,0.778,3,"handler, material, operator, forklift, loader, shift, shipping, receiving, lead, 2nd, package, 3rd","[{""community_id"": 277, ""dominant_experience_level"": ""junior"", ""entry_accessibility"": ""moderate_entry_barrier"", ""community_label"": ""Warehouse Operations"", ""defining_skills"": [""Forklift Operation"", ""Material Handling"", ""Shipping/Receiving""], ""defining_responsibility_signals"": [""Shift Work"", ""Team Leadership (Junior)""], ""confidence"": ""high"", ""rep_rank"": 1, ""attempt"": 1, ""raw_output"": ""{\""community_id\"": 277, \""dominant_experience_level\"": \""junior\"", \""entry_accessibility\"": \""moderate_entry_barrier\"", \""community_label\"": \""Warehouse Operations\"", \""defining_skills\"": [\""Forklift Operation\"", \""Material Handling\"", \""Shipping/Receiving\""], \""defining_responsibility_signals\"": [\""Shift Work\"", \""Team Leadership (Junior)\""] , \""confidence\"": \""high\""}""}, {""community_id"": 277, ""dominant_experience_level"": ""junior"", ""entry_accessibility"": ""moderate_entry_barrier"", ""community_label"": ""Material Handler"", ""defining_skills"": [""Forklift Operation"", ""Loader Operation"", ""Package Handling""], ""defining_responsibility_signals"": [""Shift Work"", ""Shipping/Receiving""], ""confidence"": ""high"", ""rep_rank"": 2, ""attempt"": 1, ""raw_output"": ""{\""community_id\"": 277, \""dominant_experience_level\"": \""junior\"", \""entry_accessibility\"": \""moderate_entry_barrier\"", \""community_label\"": \""Material Handler\"", \""defining_skills\"": [\""Forklift Operation\"", \""Loader Operation\"", \""Package Handling\""], \""defining_responsibility_signals\"": [\""Shift Work\"", \""Shipping/Receiving\""] , \""confidence\"": \""high\""}""}, {""community_id"": 277, ""dominant_experience_level"": ""junior"", ""entry_accessibility"": ""moderate_entry_barrier"", ""community_label"": ""Material Handler/Forklift Operator"", ""defining_skills"": [""Forklift operation"", ""Material handling"", ""Shipping and receiving""], ""defining_responsibility_signals"": [""Shift work"", ""Team leadership (occasionally)""], ""confidence"": ""high"", ""rep_rank"": 3, ""attempt"": 1, ""raw_output"": ""{\""community_id\"": 277, \""dominant_experience_level\"": \""junior\"", \""entry_accessibility\"": \""moderate_entry_barrier\"", \""community_label\"": \""Material Handler/Forklift Operator\"", \""defining_skills\"": [\""Forklift operation\"", \""Material handling\"", \""Shipping and receiving\""], \""defining_responsibility_signals\"": [\""Shift work\"", \""Team leadership (occasionally)\""], \""confidence\"": \""high\""}""}]",12
278,40,mid,moderate_entry_barrier,Quality Management,"['Quality Assurance', 'Supplier Quality', 'Quality Control Systems']","['Leadership', 'Strategic Planning']",high,1.0,1.0,0.333,0.778,3,"quality, engineer, manager, assurance, supplier, specialist, control, systems, iii, supervisor, coordinator, director","[{""community_id"": 278, ""dominant_experience_level"": ""mid"", ""entry_accessibility"": ""moderate_entry_barrier"", ""community_label"": ""Quality Management"", ""defining_skills"": [""Quality Assurance"", ""Supplier Quality"", ""Quality Control Systems""], ""defining_responsibility_signals"": [""Leadership"", ""Strategic Planning""], ""confidence"": ""high"", ""rep_rank"": 1, ""attempt"": 1, ""raw_output"": ""{\""community_id\"": 278, \""dominant_experience_level\"": \""mid\"", \""entry_accessibility\"": \""moderate_entry_barrier\"", \""community_label\"": \""Quality Management\"", \""defining_skills\"": [\""Quality Assurance\"", \""Supplier Quality\"", \""Quality Control Systems\""], \""defining_responsibility_signals\"": [\""Leadership\"", \""Strategic Planning\""] , \""confidence\"": \""high\""}""}, {""community_id"": 278, ""dominant_experience_level"": ""mid"", ""entry_accessibility"": ""moderate_entry_barrier"", ""community_label"": ""Quality Assurance Supervisor"", ""defining_skills"": [""quality control"", ""team leadership"", ""customer complaint handling""], ""defining_responsibility_signals"": [""drive QA culture"", ""supervise and motivate team members""], ""confidence"": ""high"", ""rep_rank"": 2, ""attempt"": 1, ""raw_output"": ""{\""community_id\"": 278, \""dominant_experience_level\"": \""mid\"", \""entry_accessibility\"": \""moderate_entry_barrier\"", \""community_label\"": \""Quality Assurance Supervisor\"", \""defining_skills\"": [\""quality control\"", \""team leadership\"", \""customer complaint handling\""], \""defining_responsibility_signals\"": [\""drive QA culture\"", \""supervise and motivate team members\""] , \""confidence\"": \""high\""}""}, {""community_id"": 278, ""dominant_experience_level"": ""mid"", ""entry_accessibility"": ""moderate_entry_barrier"", ""community_label"": ""Quality Assurance"", ""defining_skills"": [""quality assurance"", ""supplier management"", ""systems control""], ""defining_responsibility_signals"": [""partner with external teams"", ""maximize quality operations""], ""confidence"": ""high"", ""rep_rank"": 3, ""attempt"": 1, ""raw_output"": ""{\""community_id\"": 278, \""dominant_experience_level\"": \""mid\"", \""entry_accessibility\"": \""moderate_entry_barrier\"", \""community_label\"": \""Quality Assurance\"", \""defining_skills\"": [\""quality assurance\"", \""supplier management\"", \""systems control\""], \""defining_responsibility_signals\"": [\""partner with external teams\"", \""maximize quality operations\""] , \""confidence\"": \""high\""}""}]",12
279,40,mid,moderate_entry_barrier,Cybersecurity Systems Engineer,"['security', 'cyber', 'systems']","['leadership', 'certification']",high,0.667,1.0,0.667,0.778,3,"security, engineer, systems, analyst, cyber, senior, specialist, manager, cybersecurity, threat, industrial, administrator","[{""community_id"": 279, ""dominant_experience_level"": ""mid"", ""entry_accessibility"": ""moderate_entry_barrier"", ""community_label"": ""Cybersecurity Systems Engineer/Analyst"", ""defining_skills"": [""network analysis"", ""cybersecurity"", ""threat analysis""], ""defining_responsibility_signals"": [""leadership"", ""certification""], ""confidence"": ""high"", ""rep_rank"": 1, ""attempt"": 1, ""raw_output"": ""{\""community_id\"": 279, \""dominant_experience_level\"": \""mid\"", \""entry_accessibility\"": \""moderate_entry_barrier\"", \""community_label\"": \""Cybersecurity Systems Engineer/Analyst\"", \""defining_skills\"": [\""network analysis\"", \""cybersecurity\"", \""threat analysis\""], \""defining_responsibility_signals\"": [\""leadership\"", \""certification\""] , \""confidence\"": \""high\""}""}, {""community_id"": 279, ""dominant_experience_level"": ""senior"", ""entry_accessibility"": ""moderate_entry_barrier"", ""community_label"": ""Cybersecurity Systems Engineer"", ""defining_skills"": [""security"", ""cyber"", ""systems""], ""defining_responsibility_signals"": [""threat"", ""industrial""], ""confidence"": ""high"", ""rep_rank"": 2, ""attempt"": 1, ""raw_output"": ""{\""community_id\"": 279, \""dominant_experience_level\"": \""senior\"", \""entry_accessibility\"": \""moderate_entry_barrier\"", \""community_label\"": \""Cybersecurity Systems Engineer\"", \""defining_skills\"": [\""security\"", \""cyber\"", \""systems\""], \""defining_responsibility_signals\"": [\""threat\"", \""industrial\""] , \""confidence\"": \""high\""}""}, {""community_id"": 279, ""dominant_experience_level"": ""mid"", ""entry_accessibility"": ""moderate_entry_barrier"", ""community_label"": ""Cybersecurity Systems Engineer"", ""defining_skills"": [""security"", ""cyber"", ""systems""], ""defining_responsibility_signals"": [""leadership"", ""clearance""], ""confidence"": ""high"", ""rep_rank"": 3, ""attempt"": 1, ""raw_output"": ""{\""community_id\"": 279, \""dominant_experience_level\"": \""mid\"", \""entry_accessibility\"": \""moderate_entry_barrier\"", \""community_label\"": \""Cybersecurity Systems Engineer\"", \""defining_skills\"": [\""security\"", \""cyber\"", \""systems\""], \""defining_responsibility_signals\"": [\""leadership\"", \""clearance\""] , \""confidence\"": \""high\""}""}]",12
280,40,mid,moderate_entry_barrier,UX Design,"['wireframing', 'CAD', '3D Modeling']","['Create Product Drawings', 'Provide Engineering Support']",high,1.0,1.0,0.667,0.889,3,"designer, engineer, design, product, user, experience, drafter, cad, technician, electrical, systems, senior","[{""community_id"": 280, ""dominant_experience_level"": ""mid"", ""entry_accessibility"": ""moderate_entry_barrier"", ""community_label"": ""CAD Designers"", ""defining_skills"": [""CAD"", ""3D Modeling"", ""Design""], ""defining_responsibility_signals"": [""Create Product Drawings"", ""Provide Engineering Support""], ""confidence"": ""high"", ""rep_rank"": 1, ""attempt"": 1, ""raw_output"": ""{\""community_id\"": 280, \""dominant_experience_level\"": \""mid\"", \""entry_accessibility\"": \""moderate_entry_barrier\"", \""community_label\"": \""CAD Designers\"", \""defining_skills\"": [\""CAD\"", \""3D Modeling\"", \""Design\""], \""defining_responsibility_signals\"": [\""Create Product Drawings\"", \""Provide Engineering Support\""] , \""confidence\"": \""high\""}""}, {""community_id"": 280, ""dominant_experience_level"": ""mid"", ""entry_accessibility"": ""moderate_entry_barrier"", ""community_label"": ""UX Design"", ""defining_skills"": [""wireframing"", ""user flows"", ""visual design""], ""defining_responsibility_signals"": [""create artifacts"", ""illustrate app functionality""], ""confidence"": ""high"", ""rep_rank"": 2, ""attempt"": 1, ""raw_output"": ""{\""community_id\"": 280, \""dominant_experience_level\"": \""mid\"", \""entry_accessibility\"": \""moderate_entry_barrier\"", \""community_label\"": \""UX Design\"", \""defining_skills\"": [\""wireframing\"", \""user flows\"", \""visual design\""], \""defining_responsibility_signals\"": [\""create artifacts\"", \""illustrate app functionality\""] , \""confidence\"": \""high\""}""}, {""community_id"": 280, ""dominant_experience_level"": ""mid"", ""entry_accessibility"": ""moderate_entry_barrier"", ""community_label"": ""UX Design"", ""defining_skills"": [""wireframing"", ""prototyping"", ""user_research""], ""defining_responsibility_signals"": [""design_user_interactions"", ""communicate_designs""], ""confidence"": ""high"", ""rep_rank"": 3, ""attempt"": 1, ""raw_output"": ""{\""community_id\"": 280, \""dominant_experience_level\"": \""mid\"", \""entry_accessibility\"": \""moderate_entry_barrier\"", \""community_label\"": \""UX Design\"", \""defining_skills\"": [\""wireframing\"", \""prototyping\"", \""user_research\""], \""defining_responsibility_signals\"": [\""design_user_interactions\"", \""communicate_designs\""] , \""confidence\"": \""high\""}""}]",12
281,40,junior,moderate_entry_barrier,Insurance Sales,"['sales', 'insurance', 'life']","['leadership', 'certification']",high,1.0,1.0,1.0,1.0,3,"insurance, sales, entry, life, agent, representative, specialist, 2692, minimal, experience, needed, 300k","[{""community_id"": 281, ""dominant_experience_level"": ""junior"", ""entry_accessibility"": ""moderate_entry_barrier"", ""community_label"": ""Insurance Sales"", ""defining_skills"": [""sales"", ""insurance"", ""life""], ""defining_responsibility_signals"": [""leadership"", ""certification""], ""confidence"": ""high"", ""rep_rank"": 1, ""attempt"": 1, ""raw_output"": ""{\""community_id\"": 281, \""dominant_experience_level\"": \""junior\"", \""entry_accessibility\"": \""moderate_entry_barrier\"", \""community_label\"": \""Insurance Sales\"", \""defining_skills\"": [\""sales\"", \""insurance\"", \""life\""], \""defining_responsibility_signals\"": [\""leadership\"", \""certification\""] , \""confidence\"": \""high\""}""}, {""community_id"": 281, ""dominant_experience_level"": ""junior"", ""entry_accessibility"": ""moderate_entry_barrier"", ""community_label"": ""Insurance Sales"", ""defining_skills"": [""sales"", ""insurance"", ""life""], ""defining_responsibility_signals"": [""grow sales career"", ""performance-driven environment""], ""confidence"": ""high"", ""rep_rank"": 2, ""attempt"": 1, ""raw_output"": ""{\""community_id\"": 281, \""dominant_experience_level\"": \""junior\"", \""entry_accessibility\"": \""moderate_entry_barrier\"", \""community_label\"": \""Insurance Sales\"", \""defining_skills\"": [\""sales\"", \""insurance\"", \""life\""], \""defining_responsibility_signals\"": [\""grow sales career\"", \""performance-driven environment\""] , \""confidence\"": \""high\""}""}, {""community_id"": 281, ""dominant_experience_level"": ""junior"", ""entry_accessibility"": ""moderate_entry_barrier"", ""community_label"": ""Insurance Sales"", ""defining_skills"": [""sales"", ""insurance"", ""life""], ""defining_responsibility_signals"": [""leadership"", ""certification""], ""confidence"": ""high"", ""rep_rank"": 3, ""attempt"": 1, ""raw_output"": ""{\""community_id\"": 281, \""dominant_experience_level\"": \""junior\"", \""entry_accessibility\"": \""moderate_entry_barrier\"", \""community_label\"": \""Insurance Sales\"", \""defining_skills\"": [\""sales\"", \""insurance\"", \""life\""], \""defining_responsibility_signals\"": [\""leadership\"", \""certification\""] , \""confidence\"": \""high\""}""}]",12
282,40,junior,moderate_entry_barrier,Senior Care Assistant,"['caregiving', 'resident interaction', 'assisting daily living activities']","['leadership potential', 'certification required']",high,1.0,1.0,0.667,0.889,3,"assistant, care, resident, living, days, director, crystal, brook, memory, attendant, residential, counselor","[{""community_id"": 282, ""dominant_experience_level"": ""junior"", ""entry_accessibility"": ""moderate_entry_barrier"", ""community_label"": ""Memory Care Assistant"", ""defining_skills"": [""caregiving"", ""resident interaction"", ""assisting daily living activities""], ""defining_responsibility_signals"": [""leadership potential"", ""certification required""], ""confidence"": ""high"", ""rep_rank"": 1, ""attempt"": 1, ""raw_output"": ""{\""community_id\"": 282, \""dominant_experience_level\"": \""junior\"", \""entry_accessibility\"": \""moderate_entry_barrier\"", \""community_label\"": \""Memory Care Assistant\"", \""defining_skills\"": [\""caregiving\"", \""resident interaction\"", \""assisting daily living activities\""], \""defining_responsibility_signals\"": [\""leadership potential\"", \""certification required\""] , \""confidence\"": \""high\""}""}, {""community_id"": 282, ""dominant_experience_level"": ""junior"", ""entry_accessibility"": ""moderate_entry_barrier"", ""community_label"": ""Senior Care Assistant"", ""defining_skills"": [""caregiving"", ""resident interaction"", ""assistance""], ""defining_responsibility_signals"": [""resident care"", ""community engagement""], ""confidence"": ""high"", ""rep_rank"": 2, ""attempt"": 1, ""raw_output"": ""{\""community_id\"": 282, \""dominant_experience_level\"": \""junior\"", \""entry_accessibility\"": \""moderate_entry_barrier\"", \""community_label\"": \""Senior Care Assistant\"", \""defining_skills\"": [\""caregiving\"", \""resident interaction\"", \""assistance\""], \""defining_responsibility_signals\"": [\""resident care\"", \""community engagement\""] , \""confidence\"": \""high\""}""}, {""community_id"": 282, ""dominant_experience_level"": ""junior"", ""entry_accessibility"": ""moderate_entry_barrier"", ""community_label"": ""Senior Care Assistant"", ""defining_skills"": [""Caregiving"", ""Resident Interaction"", ""Memory Care""], ""defining_responsibility_signals"": [""Leadership Potential"", ""Certification Preferred""], ""confidence"": ""high"", ""rep_rank"": 3, ""attempt"": 1, ""raw_output"": ""{\""community_id\"": 282, \""dominant_experience_level\"": \""junior\"", \""entry_accessibility\"": \""moderate_entry_barrier\"", \""community_label\"": \""Senior Care Assistant\"", \""defining_skills\"": [\""Caregiving\"", \""Resident Interaction\"", \""Memory Care\""], \""defining_responsibility_signals\"": [\""Leadership Potential\"", \""Certification Preferred\""] , \""confidence\"": \""high\""}""}]",12
283,40,junior,moderate_entry_barrier,Clinical Social Worker,"['social work', 'clinical care', 'health services']","['leadership potential', 'certification required']",high,1.0,1.0,1.0,1.0,3,"social, worker, care, clinical, work, director, services, health, lcsw, licensed, master, new","[{""community_id"": 283, ""dominant_experience_level"": ""junior"", ""entry_accessibility"": ""moderate_entry_barrier"", ""community_label"": ""Clinical Social Worker"", ""defining_skills"": [""social work"", ""clinical care"", ""health services""], ""defining_responsibility_signals"": [""leadership potential"", ""certification required""], ""confidence"": ""high"", ""rep_rank"": 1, ""attempt"": 1, ""raw_output"": ""{\""community_id\"": 283, \""dominant_experience_level\"": \""junior\"", \""entry_accessibility\"": \""moderate_entry_barrier\"", \""community_label\"": \""Clinical Social Worker\"", \""defining_skills\"": [\""social work\"", \""clinical care\"", \""health services\""], \""defining_responsibility_signals\"": [\""leadership potential\"", \""certification required\""] , \""confidence\"": \""high\""}""}, {""community_id"": 283, ""dominant_experience_level"": ""junior"", ""entry_accessibility"": ""moderate_entry_barrier"", ""community_label"": ""Clinical Social Worker"", ""defining_skills"": [""social work"", ""clinical care"", ""multidisciplinary teamwork""], ""defining_responsibility_signals"": [""develop care plans"", ""provide social work intervention""], ""confidence"": ""high"", ""rep_rank"": 2, ""attempt"": 1, ""raw_output"": ""{\""community_id\"": 283, \""dominant_experience_level\"": \""junior\"", \""entry_accessibility\"": \""moderate_entry_barrier\"", \""community_label\"": \""Clinical Social Worker\"", \""defining_skills\"": [\""social work\"", \""clinical care\"", \""multidisciplinary teamwork\""], \""defining_responsibility_signals\"": [\""develop care plans\"", \""provide social work intervention\""] , \""confidence\"": \""high\""}""}, {""community_id"": 283, ""dominant_experience_level"": ""junior"", ""entry_accessibility"": ""moderate_entry_barrier"", ""community_label"": ""Clinical Social Worker"", ""defining_skills"": [""clinical social work techniques"", ""psychosocial assessments"", ""intervention with high-risk patients""], ""defining_responsibility_signals"": [""consults"", ""assesses and intervenes with high-risk patients and their families""], ""confidence"": ""high"", ""rep_rank"": 3, ""attempt"": 1, ""raw_output"": ""{\""community_id\"": 283, \""dominant_experience_level\"": \""junior\"", \""entry_accessibility\"": \""moderate_entry_barrier\"", \""community_label\"": \""Clinical Social Worker\"", \""defining_skills\"": [\""clinical social work techniques\"", \""psychosocial assessments\"", \""intervention with high-risk patients\""], \""defining_responsibility_signals\"": [\""consults\"", \""assesses and intervenes with high-risk patients and their families\""] , \""confidence\"": \""high\""}""}]",12
284,40,mid,moderate_entry_barrier,Environmental Compliance Specialist,"['environmental compliance', 'air quality', 'consulting']","['solve complex challenges', 'create change']",high,1.0,1.0,0.667,0.889,3,"environmental, engineer, project, manager, scientist, specialist, senior, compliance, field, planner, assistant, laboratory","[{""community_id"": 284, ""dominant_experience_level"": ""mid"", ""entry_accessibility"": ""moderate_entry_barrier"", ""community_label"": ""Environmental Compliance Specialist"", ""defining_skills"": [""environmental compliance"", ""air quality"", ""consulting""], ""defining_responsibility_signals"": [""solve complex challenges"", ""create change""], ""confidence"": ""high"", ""rep_rank"": 1, ""attempt"": 1, ""raw_output"": ""{\""community_id\"": 284, \""dominant_experience_level\"": \""mid\"", \""entry_accessibility\"": \""moderate_entry_barrier\"", \""community_label\"": \""Environmental Compliance Specialist\"", \""defining_skills\"": [\""environmental compliance\"", \""air quality\"", \""consulting\""], \""defining_responsibility_signals\"": [\""solve complex challenges\"", \""create change\""] , \""confidence\"": \""high\""}""}, {""community_id"": 284, ""dominant_experience_level"": ""mid"", ""entry_accessibility"": ""moderate_entry_barrier"", ""community_label"": ""Environmental Project Management"", ""defining_skills"": [""Environmental Science"", ""Geology"", ""Engineering""], ""defining_responsibility_signals"": [""Site Investigation"", ""Remediation Activities""], ""confidence"": ""high"", ""rep_rank"": 2, ""attempt"": 1, ""raw_output"": ""{\""community_id\"": 284, \""dominant_experience_level\"": \""mid\"", \""entry_accessibility\"": \""moderate_entry_barrier\"", \""community_label\"": \""Environmental Project Management\"", \""defining_skills\"": [\""Environmental Science\"", \""Geology\"", \""Engineering\""], \""defining_responsibility_signals\"": [\""Site Investigation\"", \""Remediation Activities\""] , \""confidence\"": \""high\""}""}, {""community_id"": 284, ""dominant_experience_level"": ""mid"", ""entry_accessibility"": ""moderate_entry_barrier"", ""community_label"": ""Environmental Compliance Specialist"", ""defining_skills"": [""regulatory compliance"", ""industrial"", ""commercial""], ""defining_responsibility_signals"": [""client service"", ""project assistance""], ""confidence"": ""high"", ""rep_rank"": 3, ""attempt"": 1, ""raw_output"": ""{\""community_id\"": 284, \""dominant_experience_level\"": \""mid\"", \""entry_accessibility\"": \""moderate_entry_barrier\"", \""community_label\"": \""Environmental Compliance Specialist\"", \""defining_skills\"": [\""regulatory compliance\"", \""industrial\"", \""commercial\""], \""defining_responsibility_signals\"": [\""client service\"", \""project assistance\""] , \""confidence\"": \""high\""}""}]",12
285,40,junior,moderate_entry_barrier,Retail Sales Associate,"['sales', 'retail', 'operations']","['assistant', 'planner']",high,1.0,1.0,1.0,1.0,3,"sales, leader, retail, manager, keyholder, operations, expert, assistant, store, planner","[{""community_id"": 285, ""dominant_experience_level"": ""junior"", ""entry_accessibility"": ""moderate_entry_barrier"", ""community_label"": ""Retail Sales Associate"", ""defining_skills"": [""sales"", ""retail"", ""operations""], ""defining_responsibility_signals"": [""assist customers"", ""maintain store operations""], ""confidence"": ""high"", ""rep_rank"": 1, ""attempt"": 1, ""raw_output"": ""{\""community_id\"": 285, \""dominant_experience_level\"": \""junior\"", \""entry_accessibility\"": \""moderate_entry_barrier\"", \""community_label\"": \""Retail Sales Associate\"", \""defining_skills\"": [\""sales\"", \""retail\"", \""operations\""], \""defining_responsibility_signals\"": [\""assist customers\"", \""maintain store operations\""] , \""confidence\"": \""high\""}""}, {""community_id"": 285, ""dominant_experience_level"": ""junior"", ""entry_accessibility"": ""moderate_entry_barrier"", ""community_label"": ""Retail Sales Associate"", ""defining_skills"": [""sales"", ""retail"", ""operations""], ""defining_responsibility_signals"": [""assistant"", ""planner""], ""confidence"": ""high"", ""rep_rank"": 2, ""attempt"": 1, ""raw_output"": ""{\""community_id\"": 285, \""dominant_experience_level\"": \""junior\"", \""entry_accessibility\"": \""moderate_entry_barrier\"", \""community_label\"": \""Retail Sales Associate\"", \""defining_skills\"": [\""sales\"", \""retail\"", \""operations\""], \""defining_responsibility_signals\"": [\""assistant\"", \""planner\""] , \""confidence\"": \""high\""}""}, {""community_id"": 285, ""dominant_experience_level"": ""junior"", ""entry_accessibility"": ""moderate_entry_barrier"", ""community_label"": ""Retail Sales Associate"", ""defining_skills"": [""sales"", ""retail"", ""operations""], ""defining_responsibility_signals"": [""assistant"", ""planner""], ""confidence"": ""high"", ""rep_rank"": 3, ""attempt"": 1, ""raw_output"": ""{\""community_id\"": 285, \""dominant_experience_level\"": \""junior\"", \""entry_accessibility\"": \""moderate_entry_barrier\"", \""community_label\"": \""Retail Sales Associate\"", \""defining_skills\"": [\""sales\"", \""retail\"", \""operations\""], \""defining_responsibility_signals\"": [\""assistant\"", \""planner\""] , \""confidence\"": \""high\""}""}]",12
286,39,mid,moderate_entry_barrier,Emergency Room Nurse,"['emergency care', 'patient assessment', 'nursing care planning']","['assess physiological, emotional, and spiritual needs', 'plan and deliver nursing care']",high,1.0,1.0,0.667,0.889,3,"nurse, registered, emergency, room, prn, department, licensed, sign, care, lpn, operating, 10k","[{""community_id"": 286, ""dominant_experience_level"": ""mid"", ""entry_accessibility"": ""moderate_entry_barrier"", ""community_label"": ""Emergency Room Registered Nurse"", ""defining_skills"": [""emergency care"", ""patient assessment"", ""nursing care planning""], ""defining_responsibility_signals"": [""assess physiological, emotional, and spiritual needs"", ""plan and deliver nursing care""], ""confidence"": ""high"", ""rep_rank"": 1, ""attempt"": 1, ""raw_output"": ""{\""community_id\"": 286, \""dominant_experience_level\"": \""mid\"", \""entry_accessibility\"": \""moderate_entry_barrier\"", \""community_label\"": \""Emergency Room Registered Nurse\"", \""defining_skills\"": [\""emergency care\"", \""patient assessment\"", \""nursing care planning\""], \""defining_responsibility_signals\"": [\""assess physiological, emotional, and spiritual needs\"", \""plan and deliver nursing care\""] , \""confidence\"": \""high\""}""}, {""community_id"": 286, ""dominant_experience_level"": ""mid"", ""entry_accessibility"": ""moderate_entry_barrier"", ""community_label"": ""Emergency Room Nurse"", ""defining_skills"": [""Assessment"", ""Care Planning"", ""Patient Care""], ""defining_responsibility_signals"": [""Physiological Care"", ""Emotional Support""], ""confidence"": ""high"", ""rep_rank"": 2, ""attempt"": 1, ""raw_output"": ""{\""community_id\"": 286, \""dominant_experience_level\"": \""mid\"", \""entry_accessibility\"": \""moderate_entry_barrier\"", \""community_label\"": \""Emergency Room Nurse\"", \""defining_skills\"": [\""Assessment\"", \""Care Planning\"", \""Patient Care\""], \""defining_responsibility_signals\"": [\""Physiological Care\"", \""Emotional Support\""] , \""confidence\"": \""high\""}""}, {""community_id"": 286, ""dominant_experience_level"": ""mid"", ""entry_accessibility"": ""moderate_entry_barrier"", ""community_label"": ""Emergency Room Nurse"", ""defining_skills"": [""Emergency Care"", ""Critical Care"", ""12-hour Evening Shift""], ""defining_responsibility_signals"": [""Deliver Care to Emergent and Critical Patients"", ""Engage in Didactic Learning Sessions""], ""confidence"": ""high"", ""rep_rank"": 3, ""attempt"": 1, ""raw_output"": ""{\""community_id\"": 286, \""dominant_experience_level\"": \""mid\"", \""entry_accessibility\"": \""moderate_entry_barrier\"", \""community_label\"": \""Emergency Room Nurse\"", \""defining_skills\"": [\""Emergency Care\"", \""Critical Care\"", \""12-hour Evening Shift\""], \""defining_responsibility_signals\"": [\""Deliver Care to Emergent and Critical Patients\"", \""Engage in Didactic Learning Sessions\""] , \""confidence\"": \""high\""}""}]",12
287,39,junior,moderate_entry_barrier,Retail Cashier,"['customer_service', 'cash_handling', 'sales']","['floor_management', 'customer_interaction']",high,1.0,1.0,1.0,1.0,3,"cashier, store, clerk, sales, floor, food, service, host, customer, shift, teller, market","[{""community_id"": 287, ""dominant_experience_level"": ""junior"", ""entry_accessibility"": ""moderate_entry_barrier"", ""community_label"": ""Retail Cashier"", ""defining_skills"": [""customer_service"", ""cash_handling"", ""sales""], ""defining_responsibility_signals"": [""floor_management"", ""customer_interaction""], ""confidence"": ""high"", ""rep_rank"": 1, ""attempt"": 1, ""raw_output"": ""{\""community_id\"": 287, \""dominant_experience_level\"": \""junior\"", \""entry_accessibility\"": \""moderate_entry_barrier\"", \""community_label\"": \""Retail Cashier\"", \""defining_skills\"": [\""customer_service\"", \""cash_handling\"", \""sales\""], \""defining_responsibility_signals\"": [\""floor_management\"", \""customer_interaction\""] , \""confidence\"": \""high\""}""}, {""community_id"": 287, ""dominant_experience_level"": ""junior"", ""entry_accessibility"": ""moderate_entry_barrier"", ""community_label"": ""Retail Cashier"", ""defining_skills"": [""customer_service"", ""cash_handling"", ""sales""], ""defining_responsibility_signals"": [""floor_management"", ""customer_interaction""], ""confidence"": ""high"", ""rep_rank"": 2, ""attempt"": 1, ""raw_output"": ""{\""community_id\"": 287, \""dominant_experience_level\"": \""junior\"", \""entry_accessibility\"": \""moderate_entry_barrier\"", \""community_label\"": \""Retail Cashier\"", \""defining_skills\"": [\""customer_service\"", \""cash_handling\"", \""sales\""], \""defining_responsibility_signals\"": [\""floor_management\"", \""customer_interaction\""] , \""confidence\"": \""high\""}""}, {""community_id"": 287, ""dominant_experience_level"": ""junior"", ""entry_accessibility"": ""moderate_entry_barrier"", ""community_label"": ""Retail Cashier"", ""defining_skills"": [""customer_service"", ""cash_handling"", ""sales""], ""defining_responsibility_signals"": [""floor_management"", ""customer_interaction""], ""confidence"": ""high"", ""rep_rank"": 3, ""attempt"": 1, ""raw_output"": ""{\""community_id\"": 287, \""dominant_experience_level\"": \""junior\"", \""entry_accessibility\"": \""moderate_entry_barrier\"", \""community_label\"": \""Retail Cashier\"", \""defining_skills\"": [\""customer_service\"", \""cash_handling\"", \""sales\""], \""defining_responsibility_signals\"": [\""floor_management\"", \""customer_interaction\""] , \""confidence\"": \""high\""}""}]",12
288,39,senior,moderate_entry_barrier,Cloud Software Architecture,"['cloud', 'data', 'infrastructure']","['leadership', 'project_management']",high,0.667,1.0,0.333,0.667,3,"engineer, software, cloud, architect, senior, developer, iii, google, data, infrastructure, lead, back","[{""community_id"": 288, ""dominant_experience_level"": ""senior"", ""entry_accessibility"": ""moderate_entry_barrier"", ""community_label"": ""Cloud Software Architecture"", ""defining_skills"": [""cloud"", ""software"", ""data""], ""defining_responsibility_signals"": [""leadership"", ""project_management""], ""confidence"": ""high"", ""rep_rank"": 1, ""attempt"": 1, ""raw_output"": ""{\""community_id\"": 288, \""dominant_experience_level\"": \""senior\"", \""entry_accessibility\"": \""moderate_entry_barrier\"", \""community_label\"": \""Cloud Software Architecture\"", \""defining_skills\"": [\""cloud\"", \""software\"", \""data\""], \""defining_responsibility_signals\"": [\""leadership\"", \""project_management\""] , \""confidence\"": \""high\""}""}, {""community_id"": 288, ""dominant_experience_level"": ""senior"", ""entry_accessibility"": ""moderate_entry_barrier"", ""community_label"": ""Senior Software Engineers"", ""defining_skills"": [""cloud"", ""data"", ""infrastructure""], ""defining_responsibility_signals"": [""leadership"", ""architectural""], ""confidence"": ""high"", ""rep_rank"": 2, ""attempt"": 1, ""raw_output"": ""{\""community_id\"": 288, \""dominant_experience_level\"": \""senior\"", \""entry_accessibility\"": \""moderate_entry_barrier\"", \""community_label\"": \""Senior Software Engineers\"", \""defining_skills\"": [\""cloud\"", \""data\"", \""infrastructure\""], \""defining_responsibility_signals\"": [\""leadership\"", \""architectural\""] , \""confidence\"": \""high\""}""}, {""community_id"": 288, ""dominant_experience_level"": ""mid"", ""entry_accessibility"": ""moderate_entry_barrier"", ""community_label"": ""Software Engineering"", ""defining_skills"": [""cloud"", ""data"", ""infrastructure""], ""defining_responsibility_signals"": [""leadership"", ""problem_solving""], ""confidence"": ""high"", ""rep_rank"": 3, ""attempt"": 1, ""raw_output"": ""{\""community_id\"": 288, \""dominant_experience_level\"": \""mid\"", \""entry_accessibility\"": \""moderate_entry_barrier\"", \""community_label\"": \""Software Engineering\"", \""defining_skills\"": [\""cloud\"", \""data\"", \""infrastructure\""], \""defining_responsibility_signals\"": [\""leadership\"", \""problem_solving\""] , \""confidence\"": \""high\""}""}]",12
289,39,mid,moderate_entry_barrier,Business & Consulting,"['consulting', 'client_management', 'business development']","['leadership', 'certification']",high,1.0,1.0,0.333,0.778,3,"business, manager, development, consulting, consultant, client, director, entry, officer, commodity, analytics, nationals","[{""community_id"": 289, ""dominant_experience_level"": ""mid"", ""entry_accessibility"": ""moderate_entry_barrier"", ""community_label"": ""Business & Consulting"", ""defining_skills"": [""business development"", ""client management"", ""consulting""], ""defining_responsibility_signals"": [""leadership"", ""certification""], ""confidence"": ""high"", ""rep_rank"": 1, ""attempt"": 1, ""raw_output"": ""{\""community_id\"": 289, \""dominant_experience_level\"": \""mid\"", \""entry_accessibility\"": \""moderate_entry_barrier\"", \""community_label\"": \""Business & Consulting\"", \""defining_skills\"": [\""business development\"", \""client management\"", \""consulting\""], \""defining_responsibility_signals\"": [\""leadership\"", \""certification\""] , \""confidence\"": \""high\""}""}, {""community_id"": 289, ""dominant_experience_level"": ""mid"", ""entry_accessibility"": ""moderate_entry_barrier"", ""community_label"": ""Business Consulting"", ""defining_skills"": [""consulting"", ""client_management"", ""business_development""], ""defining_responsibility_signals"": [""leadership"", ""strategic_planning""], ""confidence"": ""high"", ""rep_rank"": 2, ""attempt"": 1, ""raw_output"": ""{\""community_id\"": 289, \""dominant_experience_level\"": \""mid\"", \""entry_accessibility\"": \""moderate_entry_barrier\"", \""community_label\"": \""Business Consulting\"", \""defining_skills\"": [\""consulting\"", \""client_management\"", \""business_development\""], \""defining_responsibility_signals\"": [\""leadership\"", \""strategic_planning\""] , \""confidence\"": \""high\""}""}, {""community_id"": 289, ""dominant_experience_level"": ""mid"", ""entry_accessibility"": ""moderate_entry_barrier"", ""community_label"": ""Business Consultant"", ""defining_skills"": [""consulting"", ""business_analysis"", ""client_management""], ""defining_responsibility_signals"": [""leadership"", ""team_management""], ""confidence"": ""high"", ""rep_rank"": 3, ""attempt"": 1, ""raw_output"": ""{\""community_id\"": 289, \""dominant_experience_level\"": \""mid\"", \""entry_accessibility\"": \""moderate_entry_barrier\"", \""community_label\"": \""Business Consultant\"", \""defining_skills\"": [\""consulting\"", \""business_analysis\"", \""client_management\""], \""defining_responsibility_signals\"": [\""leadership\"", \""team_management\""] , \""confidence\"": \""high\""}""}]",12
290,39,mid,moderate_entry_barrier,Radiology Technologist,"['Radiology', 'Computed Tomography (CT)', 'Healthcare']","['Travel', 'Nights']",high,1.0,1.0,1.0,1.0,3,"technologist, tech, sign, radiology, travel, ray, radiologic, per, hour, straight, nights, computed","[{""community_id"": 290, ""dominant_experience_level"": ""mid"", ""entry_accessibility"": ""moderate_entry_barrier"", ""community_label"": ""Radiology Technologist"", ""defining_skills"": [""Radiology"", ""Computed Tomography (CT)"", ""Healthcare""], ""defining_responsibility_signals"": [""Travel"", ""Nights""], ""confidence"": ""high"", ""rep_rank"": 1, ""attempt"": 1, ""raw_output"": ""{\""community_id\"": 290, \""dominant_experience_level\"": \""mid\"", \""entry_accessibility\"": \""moderate_entry_barrier\"", \""community_label\"": \""Radiology Technologist\"", \""defining_skills\"": [\""Radiology\"", \""Computed Tomography (CT)\"" , \""Healthcare\""], \""defining_responsibility_signals\"": [\""Travel\"", \""Nights\""] , \""confidence\"": \""high\""}""}, {""community_id"": 290, ""dominant_experience_level"": ""mid"", ""entry_accessibility"": ""moderate_entry_barrier"", ""community_label"": ""Radiology Technologist"", ""defining_skills"": [""Radiology"", ""Computed Tomography (CT)"", ""Healthcare""], ""defining_responsibility_signals"": [""Travel"", ""Nights""], ""confidence"": ""high"", ""rep_rank"": 2, ""attempt"": 1, ""raw_output"": ""{\""community_id\"": 290, \""dominant_experience_level\"": \""mid\"", \""entry_accessibility\"": \""moderate_entry_barrier\"", \""community_label\"": \""Radiology Technologist\"", \""defining_skills\"": [\""Radiology\"", \""Computed Tomography (CT)\"" , \""Healthcare\""], \""defining_responsibility_signals\"": [\""Travel\"", \""Nights\""] , \""confidence\"": \""high\""}""}, {""community_id"": 290, ""dominant_experience_level"": ""mid"", ""entry_accessibility"": ""moderate_entry_barrier"", ""community_label"": ""Radiology Technologist"", ""defining_skills"": [""Radiology"", ""Computed Tomography (CT)"", ""Healthcare""], ""defining_responsibility_signals"": [""Travel"", ""Nights""], ""confidence"": ""high"", ""rep_rank"": 3, ""attempt"": 1, ""raw_output"": ""{\""community_id\"": 290, \""dominant_experience_level\"": \""mid\"", \""entry_accessibility\"": \""moderate_entry_barrier\"", \""community_label\"": \""Radiology Technologist\"", \""defining_skills\"": [\""Radiology\"", \""Computed Tomography (CT)\"" , \""Healthcare\""], \""defining_responsibility_signals\"": [\""Travel\"", \""Nights\""] , \""confidence\"": \""high\""}""}]",12
291,39,junior,moderate_entry_barrier,Retail Stocking,"['stocking', 'retail', 'onsite']","['Shift Management', 'Teamwork']",high,1.0,1.0,1.0,1.0,3,"retail, stocking, manager, line, attendant, onsite, assistant, services, specialist, shift, employee, account","[{""community_id"": 291, ""dominant_experience_level"": ""junior"", ""entry_accessibility"": ""moderate_entry_barrier"", ""community_label"": ""Retail Stocking"", ""defining_skills"": [""Retail"", ""Stocking"", ""Onsite Services""], ""defining_responsibility_signals"": [""Shift Management"", ""Teamwork""], ""confidence"": ""high"", ""rep_rank"": 1, ""attempt"": 1, ""raw_output"": ""{\""community_id\"": 291, \""dominant_experience_level\"": \""junior\"", \""entry_accessibility\"": \""moderate_entry_barrier\"", \""community_label\"": \""Retail Stocking\"", \""defining_skills\"": [\""Retail\"", \""Stocking\"", \""Onsite Services\""], \""defining_responsibility_signals\"": [\""Shift Management\"", \""Teamwork\""] , \""confidence\"": \""high\""}""}, {""community_id"": 291, ""dominant_experience_level"": ""junior"", ""entry_accessibility"": ""moderate_entry_barrier"", ""community_label"": ""Retail Stocking"", ""defining_skills"": [""stocking"", ""retail"", ""onsite""], ""defining_responsibility_signals"": [""shift"", ""employee""], ""confidence"": ""high"", ""rep_rank"": 2, ""attempt"": 1, ""raw_output"": ""{\""community_id\"": 291, \""dominant_experience_level\"": \""junior\"", \""entry_accessibility\"": \""moderate_entry_barrier\"", \""community_label\"": \""Retail Stocking\"", \""defining_skills\"": [\""stocking\"", \""retail\"", \""onsite\""], \""defining_responsibility_signals\"": [\""shift\"", \""employee\""] , \""confidence\"": \""high\""}""}, {""community_id"": 291, ""dominant_experience_level"": ""junior"", ""entry_accessibility"": ""moderate_entry_barrier"", ""community_label"": ""Retail Stocking"", ""defining_skills"": [""stocking"", ""retail"", ""onsite""], ""defining_responsibility_signals"": [""manager"", ""assistant""], ""confidence"": ""high"", ""rep_rank"": 3, ""attempt"": 1, ""raw_output"": ""{\""community_id\"": 291, \""dominant_experience_level\"": \""junior\"", \""entry_accessibility\"": \""moderate_entry_barrier\"", \""community_label\"": \""Retail Stocking\"", \""defining_skills\"": [\""stocking\"", \""retail\"", \""onsite\""], \""defining_responsibility_signals\"": [\""manager\"", \""assistant\""] , \""confidence\"": \""high\""}""}]",12
292,39,mid,moderate_entry_barrier,Kitchen Management,"['culinary_leadership', 'hotel_kitchen_management', 'team_supervision']","['supervise_prep_cooks', 'manage_kitchen_staff']",high,1.0,1.0,0.667,0.889,3,"chef, sous, executive, kitchen, leader, hilton, hotel, cook, table, manager, supervisor, denver","[{""community_id"": 292, ""dominant_experience_level"": ""mid"", ""entry_accessibility"": ""moderate_entry_barrier"", ""community_label"": ""Hotel Executive Kitchen Staff"", ""defining_skills"": [""culinary_leadership"", ""hotel_kitchen_management"", ""team_supervision""], ""defining_responsibility_signals"": [""supervise_prep_cooks"", ""manage_kitchen_staff""], ""confidence"": ""high"", ""rep_rank"": 1, ""attempt"": 1, ""raw_output"": ""{\""community_id\"": 292, \""dominant_experience_level\"": \""mid\"", \""entry_accessibility\"": \""moderate_entry_barrier\"", \""community_label\"": \""Hotel Executive Kitchen Staff\"", \""defining_skills\"": [\""culinary_leadership\"", \""hotel_kitchen_management\"", \""team_supervision\""], \""defining_responsibility_signals\"": [\""supervise_prep_cooks\"", \""manage_kitchen_staff\""] , \""confidence\"": \""high\""}""}, {""community_id"": 292, ""dominant_experience_level"": ""mid"", ""entry_accessibility"": ""moderate_entry_barrier"", ""community_label"": ""Kitchen Management"", ""defining_skills"": [""culinary_experience"", ""leadership"", ""team_management""], ""defining_responsibility_signals"": [""oversee_kitchen_operations"", ""train_mentor_staff""], ""confidence"": ""high"", ""rep_rank"": 2, ""attempt"": 1, ""raw_output"": ""{\""community_id\"": 292, \""dominant_experience_level\"": \""mid\"", \""entry_accessibility\"": \""moderate_entry_barrier\"", \""community_label\"": \""Kitchen Management\"", \""defining_skills\"": [\""culinary_experience\"", \""leadership\"", \""team_management\""], \""defining_responsibility_signals\"": [\""oversee_kitchen_operations\"", \""train_mentor_staff\""] , \""confidence\"": \""high\""}""}, {""community_id"": 292, ""dominant_experience_level"": ""mid"", ""entry_accessibility"": ""moderate_entry_barrier"", ""community_label"": ""Kitchen Management"", ""defining_skills"": [""culinary_operations"", ""team_leadership"", ""career_growth""], ""defining_responsibility_signals"": [""spearhead_culinary_operations"", ""assemble_ambitious_team""], ""confidence"": ""high"", ""rep_rank"": 3, ""attempt"": 1, ""raw_output"": ""{\""community_id\"": 292, \""dominant_experience_level\"": \""mid\"", \""entry_accessibility\"": \""moderate_entry_barrier\"", \""community_label\"": \""Kitchen Management\"", \""defining_skills\"": [\""culinary_operations\"", \""team_leadership\"", \""career_growth\""], \""defining_responsibility_signals\"": [\""spearhead_culinary_operations\"", \""assemble_ambitious_team\""] , \""confidence\"": \""high\""}""}]",12
293,39,mid,moderate_entry_barrier,Front Office Management,"['Guest Service', 'Front Office Operations', 'Leadership']","['Assist in direction', 'Administer front office operations']",high,1.0,1.0,0.333,0.778,3,"front, manager, office, desk, assistant, agent, hotel, supervisor, hilton, operations, house, director","[{""community_id"": 293, ""dominant_experience_level"": ""mid"", ""entry_accessibility"": ""moderate_entry_barrier"", ""community_label"": ""Front Office Management"", ""defining_skills"": [""Guest Service"", ""Front Office Operations"", ""Leadership""], ""defining_responsibility_signals"": [""Assist in direction"", ""Administer front office operations""], ""confidence"": ""high"", ""rep_rank"": 1, ""attempt"": 1, ""raw_output"": ""{\""community_id\"": 293, \""dominant_experience_level\"": \""mid\"", \""entry_accessibility\"": \""moderate_entry_barrier\"", \""community_label\"": \""Front Office Management\"", \""defining_skills\"": [\""Guest Service\"", \""Front Office Operations\"", \""Leadership\""], \""defining_responsibility_signals\"": [\""Assist in direction\"", \""Administer front office operations\""] , \""confidence\"": \""high\""}""}, {""community_id"": 293, ""dominant_experience_level"": ""mid"", ""entry_accessibility"": ""moderate_entry_barrier"", ""community_label"": ""Front Office Manager"", ""defining_skills"": [""guest_relations"", ""hotel_checkin_checkout"", ""staff_management""], ""defining_responsibility_signals"": [""anticipate_guest_needs"", ""maintain_positive_guest_relations""], ""confidence"": ""high"", ""rep_rank"": 2, ""attempt"": 1, ""raw_output"": ""{\""community_id\"": 293, \""dominant_experience_level\"": \""mid\"", \""entry_accessibility\"": \""moderate_entry_barrier\"", \""community_label\"": \""Front Office Manager\"", \""defining_skills\"": [\""guest_relations\"", \""hotel_checkin_checkout\"", \""staff_management\""], \""defining_responsibility_signals\"": [\""anticipate_guest_needs\"", \""maintain_positive_guest_relations\""] , \""confidence\"": \""high\""}""}, {""community_id"": 293, ""dominant_experience_level"": ""mid"", ""entry_accessibility"": ""moderate_entry_barrier"", ""community_label"": ""Hotel Front Office Management"", ""defining_skills"": [""Guest Service"", ""Team Supervision"", ""Front Office Operations""], ""defining_responsibility_signals"": [""Supervising Staff"", ""Ensuring Guest Satisfaction""], ""confidence"": ""high"", ""rep_rank"": 3, ""attempt"": 1, ""raw_output"": ""{\""community_id\"": 293, \""dominant_experience_level\"": \""mid\"", \""entry_accessibility\"": \""moderate_entry_barrier\"", \""community_label\"": \""Hotel Front Office Management\"", \""defining_skills\"": [\""Guest Service\"", \""Team Supervision\"", \""Front Office Operations\""], \""defining_responsibility_signals\"": [\""Supervising Staff\"", \""Ensuring Guest Satisfaction\""] , \""confidence\"": \""high\""}""}]",12
294,39,mid,moderate_entry_barrier,EHS Management,"['EHS program development', 'Risk management', 'Regulatory compliance']","['Ensure employee well-being', 'Promote safety collaboration']",high,1.0,1.0,0.333,0.778,3,"ehs, manager, health, safety, environmental, specialist, site, senior, environment, hse, coordinator, leader","[{""community_id"": 294, ""dominant_experience_level"": ""mid"", ""entry_accessibility"": ""moderate_entry_barrier"", ""community_label"": ""EHS Management"", ""defining_skills"": [""EHS program development"", ""Risk management"", ""Regulatory compliance""], ""defining_responsibility_signals"": [""Ensure employee well-being"", ""Promote safety collaboration""], ""confidence"": ""high"", ""rep_rank"": 1, ""attempt"": 1, ""raw_output"": ""{\""community_id\"": 294, \""dominant_experience_level\"": \""mid\"", \""entry_accessibility\"": \""moderate_entry_barrier\"", \""community_label\"": \""EHS Management\"", \""defining_skills\"": [\""EHS program development\"", \""Risk management\"", \""Regulatory compliance\""], \""defining_responsibility_signals\"": [\""Ensure employee well-being\"", \""Promote safety collaboration\""] , \""confidence\"": \""high\""}""}, {""community_id"": 294, ""dominant_experience_level"": ""mid"", ""entry_accessibility"": ""moderate_entry_barrier"", ""community_label"": ""Health, Safety, & Environment (HSE) Specialist"", ""defining_skills"": [""EHS initiatives"", ""regulatory compliance"", ""safety promotion""], ""defining_responsibility_signals"": [""establish"", ""execute""], ""confidence"": ""high"", ""rep_rank"": 2, ""attempt"": 1, ""raw_output"": ""{\""community_id\"": 294, \""dominant_experience_level\"": \""mid\"", \""entry_accessibility\"": \""moderate_entry_barrier\"", \""community_label\"": \""Health, Safety, & Environment (HSE) Specialist\"", \""defining_skills\"": [\""EHS initiatives\"", \""regulatory compliance\"", \""safety promotion\""], \""defining_responsibility_signals\"": [\""establish\"", \""execute\""] , \""confidence\"": \""high\""}""}, {""community_id"": 294, ""dominant_experience_level"": ""mid"", ""entry_accessibility"": ""moderate_entry_barrier"", ""community_label"": ""Health, Safety, and Environment (HSE) Professionals"", ""defining_skills"": [""EHS"", ""Health & Safety"", ""Environmental Management""], ""defining_responsibility_signals"": [""Ensure Compliance"", ""Manage Projects & Programs""], ""confidence"": ""high"", ""rep_rank"": 3, ""attempt"": 1, ""raw_output"": ""{\""community_id\"": 294, \""dominant_experience_level\"": \""mid\"", \""entry_accessibility\"": \""moderate_entry_barrier\"", \""community_label\"": \""Health, Safety, and Environment (HSE) Professionals\"", \""defining_skills\"": [\""EHS\"", \""Health & Safety\"", \""Environmental Management\""], \""defining_responsibility_signals\"": [\""Ensure Compliance\"", \""Manage Projects & Programs\""] , \""confidence\"": \""high\""}""}]",12
295,39,mid,moderate_entry_barrier,Software Quality Assurance,"['automation', 'manual', 'software_testing']","['leadership', 'bachelor_degree']",high,1.0,1.0,0.667,0.889,3,"engineer, quality, test, assurance, tester, automation, lead, senior, software, manual, engineering, sdet","[{""community_id"": 295, ""dominant_experience_level"": ""mid"", ""entry_accessibility"": ""moderate_entry_barrier"", ""community_label"": ""Quality Assurance"", ""defining_skills"": [""automation"", ""manual"", ""software_testing""], ""defining_responsibility_signals"": [""leadership"", ""bachelor_degree""], ""confidence"": ""high"", ""rep_rank"": 1, ""attempt"": 1, ""raw_output"": ""{\""community_id\"": 295, \""dominant_experience_level\"": \""mid\"", \""entry_accessibility\"": \""moderate_entry_barrier\"", \""community_label\"": \""Quality Assurance\"", \""defining_skills\"": [\""automation\"", \""manual\"", \""software_testing\""], \""defining_responsibility_signals\"": [\""leadership\"", \""bachelor_degree\""] , \""confidence\"": \""high\""}""}, {""community_id"": 295, ""dominant_experience_level"": ""mid"", ""entry_accessibility"": ""moderate_entry_barrier"", ""community_label"": ""Software Quality Assurance"", ""defining_skills"": [""automation"", ""manual"", ""testing""], ""defining_responsibility_signals"": [""leadership"", ""global_thought_leadership""], ""confidence"": ""high"", ""rep_rank"": 2, ""attempt"": 1, ""raw_output"": ""{\""community_id\"": 295, \""dominant_experience_level\"": \""mid\"", \""entry_accessibility\"": \""moderate_entry_barrier\"", \""community_label\"": \""Software Quality Assurance\"", \""defining_skills\"": [\""automation\"", \""manual\"", \""testing\""], \""defining_responsibility_signals\"": [\""leadership\"", \""global_thought_leadership\""] , \""confidence\"": \""high\""}""}, {""community_id"": 295, ""dominant_experience_level"": ""mid"", ""entry_accessibility"": ""moderate_entry_barrier"", ""community_label"": ""Software Quality Assurance"", ""defining_skills"": [""Manual Testing"", ""Test Case Design"", ""Peer Review""], ""defining_responsibility_signals"": [""Test Execution"", ""Test Case Design""], ""confidence"": ""high"", ""rep_rank"": 3, ""attempt"": 1, ""raw_output"": ""{\""community_id\"": 295, \""dominant_experience_level\"": \""mid\"", \""entry_accessibility\"": \""moderate_entry_barrier\"", \""community_label\"": \""Software Quality Assurance\"", \""defining_skills\"": [\""Manual Testing\"", \""Test Case Design\"", \""Peer Review\""], \""defining_responsibility_signals\"": [\""Test Execution\"", \""Test Case Design\""] , \""confidence\"": \""high\""}""}]",12
296,39,senior,moderate_entry_barrier,AI Leadership,"['Product Management', 'AI/ML expertise', 'Leadership']","['Pilot AI growth', 'Architect AI-powered future']",high,1.0,1.0,0.333,0.778,3,"engineer, senior, product, learning, manager, machine, artificial, intelligence, scientist, chief, generative, applied","[{""community_id"": 296, ""dominant_experience_level"": ""senior"", ""entry_accessibility"": ""moderate_entry_barrier"", ""community_label"": ""AI Leadership"", ""defining_skills"": [""AI/ML expertise"", ""Leadership"", ""Product Management""], ""defining_responsibility_signals"": [""Pilot AI growth"", ""Architect AI-powered future""], ""confidence"": ""high"", ""rep_rank"": 1, ""attempt"": 1, ""raw_output"": ""{\""community_id\"": 296, \""dominant_experience_level\"": \""senior\"", \""entry_accessibility\"": \""moderate_entry_barrier\"", \""community_label\"": \""AI Leadership\"", \""defining_skills\"": [\""AI/ML expertise\"", \""Leadership\"", \""Product Management\""], \""defining_responsibility_signals\"": [\""Pilot AI growth\"", \""Architect AI-powered future\""] , \""confidence\"": \""high\""}""}, {""community_id"": 296, ""dominant_experience_level"": ""senior"", ""entry_accessibility"": ""moderate_entry_barrier"", ""community_label"": ""AI Engineer"", ""defining_skills"": [""AI"", ""Machine Learning"", ""Product Management""], ""defining_responsibility_signals"": [""Global Delivery"", ""Solution Evolution""], ""confidence"": ""high"", ""rep_rank"": 2, ""attempt"": 1, ""raw_output"": ""{\""community_id\"": 296, \""dominant_experience_level\"": \""senior\"", \""entry_accessibility\"": \""moderate_entry_barrier\"", \""community_label\"": \""AI Engineer\"", \""defining_skills\"": [\""AI\"", \""Machine Learning\"", \""Product Management\""], \""defining_responsibility_signals\"": [\""Global Delivery\"", \""Solution Evolution\""] , \""confidence\"": \""high\""}""}, {""community_id"": 296, ""dominant_experience_level"": ""senior"", ""entry_accessibility"": ""moderate_entry_barrier"", ""community_label"": ""AI Product Engineering"", ""defining_skills"": [""AI/ML"", ""Product Management"", ""Web App Development""], ""defining_responsibility_signals"": [""feature development"", ""team leadership""], ""confidence"": ""high"", ""rep_rank"": 3, ""attempt"": 1, ""raw_output"": ""{\""community_id\"": 296, \""dominant_experience_level\"": \""senior\"", \""entry_accessibility\"": \""moderate_entry_barrier\"", \""community_label\"": \""AI Product Engineering\"", \""defining_skills\"": [\""AI/ML\"", \""Product Management\"", \""Web App Development\""], \""defining_responsibility_signals\"": [\""feature development\"", \""team leadership\""] , \""confidence\"": \""high\""}""}]",12
297,39,junior,moderate_entry_barrier,Residential Care Support Specialist,"['caregiving', 'support', 'guidance']","['direct support', 'residential care']",high,1.0,1.0,0.333,0.778,3,"support, direct, professional, residential, dsp, specialist, counselor, children, personnel, assistant, helps, care","[{""community_id"": 297, ""dominant_experience_level"": ""junior"", ""entry_accessibility"": ""moderate_entry_barrier"", ""community_label"": ""Residential Care Support Specialist"", ""defining_skills"": [""caregiving"", ""support"", ""guidance""], ""defining_responsibility_signals"": [""direct support"", ""residential care""], ""confidence"": ""high"", ""rep_rank"": 1, ""attempt"": 1, ""raw_output"": ""{\""community_id\"": 297, \""dominant_experience_level\"": \""junior\"", \""entry_accessibility\"": \""moderate_entry_barrier\"", \""community_label\"": \""Residential Care Support Specialist\"", \""defining_skills\"": [\""caregiving\"", \""support\"", \""guidance\""], \""defining_responsibility_signals\"": [\""direct support\"", \""residential care\""] , \""confidence\"": \""high\""}""}, {""community_id"": 297, ""dominant_experience_level"": ""junior"", ""entry_accessibility"": ""moderate_entry_barrier"", ""community_label"": ""Caregiver/Support Specialist"", ""defining_skills"": [""caregiving"", ""support"", ""residential care""], ""defining_responsibility_signals"": [""direct support"", ""assist children""], ""confidence"": ""high"", ""rep_rank"": 2, ""attempt"": 1, ""raw_output"": ""{\""community_id\"": 297, \""dominant_experience_level\"": \""junior\"", \""entry_accessibility\"": \""moderate_entry_barrier\"", \""community_label\"": \""Caregiver/Support Specialist\"", \""defining_skills\"": [\""caregiving\"", \""support\"", \""residential care\""], \""defining_responsibility_signals\"": [\""direct support\"", \""assist children\""] , \""confidence\"": \""high\""}""}, {""community_id"": 297, ""dominant_experience_level"": ""junior"", ""entry_accessibility"": ""moderate_entry_barrier"", ""community_label"": ""Residential Care Specialist"", ""defining_skills"": [""Support"", ""Care"", ""Counseling""], ""defining_responsibility_signals"": [""Direct Support"", ""Professional Care""], ""confidence"": ""high"", ""rep_rank"": 3, ""attempt"": 1, ""raw_output"": ""{\""community_id\"": 297, \""dominant_experience_level\"": \""junior\"", \""entry_accessibility\"": \""moderate_entry_barrier\"", \""community_label\"": \""Residential Care Specialist\"", \""defining_skills\"": [\""Support\"", \""Care\"", \""Counseling\""], \""defining_responsibility_signals\"": [\""Direct Support\"", \""Professional Care\""] , \""confidence\"": \""high\""}""}]",12
298,38,mid,moderate_entry_barrier,NICU Staff Nurse,"['nursing', 'pediatric care', 'certification']","['health', 'care']",high,1.0,1.0,0.667,0.889,3,"nurse, registered, staff, services, center, health, nicu, practitioner, care, behavioral, clerical, provisional","[{""community_id"": 298, ""dominant_experience_level"": ""mid"", ""entry_accessibility"": ""moderate_entry_barrier"", ""community_label"": ""Behavioral Health Staff Nurse"", ""defining_skills"": [""nurse"", ""registered"", ""staff""], ""defining_responsibility_signals"": [""health"", ""care""], ""confidence"": ""high"", ""rep_rank"": 1, ""attempt"": 1, ""raw_output"": ""{\""community_id\"": 298, \""dominant_experience_level\"": \""mid\"", \""entry_accessibility\"": \""moderate_entry_barrier\"", \""community_label\"": \""Behavioral Health Staff Nurse\"", \""defining_skills\"": [\""nurse\"", \""registered\"", \""staff\""], \""defining_responsibility_signals\"": [\""health\"", \""care\""] , \""confidence\"": \""high\""}""}, {""community_id"": 298, ""dominant_experience_level"": ""mid"", ""entry_accessibility"": ""moderate_entry_barrier"", ""community_label"": ""NICU Staff Nurse"", ""defining_skills"": [""nursing"", ""pediatric care"", ""certification""], ""defining_responsibility_signals"": [""providing direct patient care"", ""collaborating with healthcare team""], ""confidence"": ""high"", ""rep_rank"": 2, ""attempt"": 1, ""raw_output"": ""{\""community_id\"": 298, \""dominant_experience_level\"": \""mid\"", \""entry_accessibility\"": \""moderate_entry_barrier\"", \""community_label\"": \""NICU Staff Nurse\"", \""defining_skills\"": [\""nursing\"", \""pediatric care\"", \""certification\""], \""defining_responsibility_signals\"": [\""providing direct patient care\"", \""collaborating with healthcare team\""] , \""confidence\"": \""high\""}""}, {""community_id"": 298, ""dominant_experience_level"": ""mid"", ""entry_accessibility"": ""moderate_entry_barrier"", ""community_label"": ""NICU Staff Nurse"", ""defining_skills"": [""nursing"", ""pediatric care"", ""certification""], ""defining_responsibility_signals"": [""patient care"", ""clinical outcomes""], ""confidence"": ""high"", ""rep_rank"": 3, ""attempt"": 1, ""raw_output"": ""{\""community_id\"": 298, \""dominant_experience_level\"": \""mid\"", \""entry_accessibility\"": \""moderate_entry_barrier\"", \""community_label\"": \""NICU Staff Nurse\"", \""defining_skills\"": [\""nursing\"", \""pediatric care\"", \""certification\""], \""defining_responsibility_signals\"": [\""patient care\"", \""clinical outcomes\""] , \""confidence\"": \""high\""}""}]",12
299,38,mid,moderate_entry_barrier,Business Development,"['leadership', 'sales', 'strategy']","['market expansion', 'organizational growth']",high,1.0,1.0,1.0,1.0,3,"business, development, manager, director, consultant, coordinator, executive, consulting, exciting, opportunity, alert, microsoft","[{""community_id"": 299, ""dominant_experience_level"": ""mid"", ""entry_accessibility"": ""moderate_entry_barrier"", ""community_label"": ""Business Development"", ""defining_skills"": [""sales"", ""leadership"", ""strategy""], ""defining_responsibility_signals"": [""market expansion"", ""organizational growth""], ""confidence"": ""high"", ""rep_rank"": 1, ""attempt"": 1, ""raw_output"": ""{\""community_id\"": 299, \""dominant_experience_level\"": \""mid\"", \""entry_accessibility\"": \""moderate_entry_barrier\"", \""community_label\"": \""Business Development\"", \""defining_skills\"": [\""sales\"", \""leadership\"", \""strategy\""], \""defining_responsibility_signals\"": [\""market expansion\"", \""organizational growth\""] , \""confidence\"": \""high\""}""}, {""community_id"": 299, ""dominant_experience_level"": ""mid"", ""entry_accessibility"": ""moderate_entry_barrier"", ""community_label"": ""Business Development"", ""defining_skills"": [""Microsoft"", ""Consulting"", ""Leadership""], ""defining_responsibility_signals"": [""Organizational Growth"", ""Market Expansion""], ""confidence"": ""high"", ""rep_rank"": 2, ""attempt"": 1, ""raw_output"": ""{\""community_id\"": 299, \""dominant_experience_level\"": \""mid\"", \""entry_accessibility\"": \""moderate_entry_barrier\"", \""community_label\"": \""Business Development\"", \""defining_skills\"": [\""Microsoft\"", \""Consulting\"", \""Leadership\""], \""defining_responsibility_signals\"": [\""Organizational Growth\"", \""Market Expansion\""] , \""confidence\"": \""high\""}""}, {""community_id"": 299, ""dominant_experience_level"": ""mid"", ""entry_accessibility"": ""moderate_entry_barrier"", ""community_label"": ""Business Development"", ""defining_skills"": [""consulting"", ""microsoft"", ""leadership""], ""defining_responsibility_signals"": [""rapid expansion"", ""market growth""], ""confidence"": ""high"", ""rep_rank"": 3, ""attempt"": 1, ""raw_output"": ""{\""community_id\"": 299, \""dominant_experience_level\"": \""mid\"", \""entry_accessibility\"": \""moderate_entry_barrier\"", \""community_label\"": \""Business Development\"", \""defining_skills\"": [\""consulting\"", \""microsoft\"", \""leadership\""], \""defining_responsibility_signals\"": [\""rapid expansion\"", \""market growth\""] , \""confidence\"": \""high\""}""}]",12
300,38,junior,moderate_entry_barrier,Retail Store Team Member,"['customer_service', 'merchandising', 'food_handling']","['shift_work', 'line_attendant']",high,1.0,1.0,1.0,1.0,3,"team, member, storewide, opportunities, attendant, line, shift, merchandiser, customer, service, representative, 1st","[{""community_id"": 300, ""dominant_experience_level"": ""junior"", ""entry_accessibility"": ""moderate_entry_barrier"", ""community_label"": ""Retail Store Team Member"", ""defining_skills"": [""customer_service"", ""merchandising"", ""food_handling""], ""defining_responsibility_signals"": [""shift_work"", ""line_attendant""], ""confidence"": ""high"", ""rep_rank"": 1, ""attempt"": 1, ""raw_output"": ""{\""community_id\"": 300, \""dominant_experience_level\"": \""junior\"", \""entry_accessibility\"": \""moderate_entry_barrier\"", \""community_label\"": \""Retail Store Team Member\"", \""defining_skills\"": [\""customer_service\"", \""merchandising\"", \""food_handling\""], \""defining_responsibility_signals\"": [\""shift_work\"", \""line_attendant\""] , \""confidence\"": \""high\""}""}, {""community_id"": 300, ""dominant_experience_level"": ""junior"", ""entry_accessibility"": ""moderate_entry_barrier"", ""community_label"": ""Retail Store Team Member"", ""defining_skills"": [""customer_service"", ""merchandising"", ""food_handling""], ""defining_responsibility_signals"": [""shift_work"", ""line_attendant""], ""confidence"": ""high"", ""rep_rank"": 2, ""attempt"": 1, ""raw_output"": ""{\""community_id\"": 300, \""dominant_experience_level\"": \""junior\"", \""entry_accessibility\"": \""moderate_entry_barrier\"", \""community_label\"": \""Retail Store Team Member\"", \""defining_skills\"": [\""customer_service\"", \""merchandising\"", \""food_handling\""], \""defining_responsibility_signals\"": [\""shift_work\"", \""line_attendant\""] , \""confidence\"": \""high\""}""}, {""community_id"": 300, ""dominant_experience_level"": ""junior"", ""entry_accessibility"": ""moderate_entry_barrier"", ""community_label"": ""Retail Store Team Member"", ""defining_skills"": [""customer_service"", ""merchandising"", ""food_handling""], ""defining_responsibility_signals"": [""shift_work"", ""line_attendant""], ""confidence"": ""high"", ""rep_rank"": 3, ""attempt"": 1, ""raw_output"": ""{\""community_id\"": 300, \""dominant_experience_level\"": \""junior\"", \""entry_accessibility\"": \""moderate_entry_barrier\"", \""community_label\"": \""Retail Store Team Member\"", \""defining_skills\"": [\""customer_service\"", \""merchandising\"", \""food_handling\""], \""defining_responsibility_signals\"": [\""shift_work\"", \""line_attendant\""] , \""confidence\"": \""high\""}""}]",13
301,38,mid,moderate_entry_barrier,Food Safety & Sanitation Management,"['food safety', 'sanitation', 'GMP, SSOP, HACCP compliance']","['leadership', 'planning and scheduling']",high,1.0,1.0,0.333,0.778,3,"supervisor, quality, production, sanitation, shift, 3rd, lab, housekeeping, assurance, inspector, custodial, auditor","[{""community_id"": 301, ""dominant_experience_level"": ""mid"", ""entry_accessibility"": ""moderate_entry_barrier"", ""community_label"": ""Food Safety & Sanitation Management"", ""defining_skills"": [""food safety"", ""sanitation"", ""GMP, SSOP, HACCP compliance""], ""defining_responsibility_signals"": [""leadership"", ""planning and scheduling""], ""confidence"": ""high"", ""rep_rank"": 1, ""attempt"": 1, ""raw_output"": ""{\""community_id\"": 301, \""dominant_experience_level\"": \""mid\"", \""entry_accessibility\"": \""moderate_entry_barrier\"", \""community_label\"": \""Food Safety & Sanitation Management\"", \""defining_skills\"": [\""food safety\"", \""sanitation\"", \""GMP, SSOP, HACCP compliance\""], \""defining_responsibility_signals\"": [\""leadership\"", \""planning and scheduling\""] , \""confidence\"": \""high\""}""}, {""community_id"": 301, ""dominant_experience_level"": ""mid"", ""entry_accessibility"": ""moderate_entry_barrier"", ""community_label"": ""Quality Assurance Inspector"", ""defining_skills"": [""auditing"", ""quality_control"", ""data_processing""], ""defining_responsibility_signals"": [""process_control"", ""supplier_quality""], ""confidence"": ""high"", ""rep_rank"": 2, ""attempt"": 1, ""raw_output"": ""{\""community_id\"": 301, \""dominant_experience_level\"": \""mid\"", \""entry_accessibility\"": \""moderate_entry_barrier\"", \""community_label\"": \""Quality Assurance Inspector\"", \""defining_skills\"": [\""auditing\"", \""quality_control\"", \""data_processing\""], \""defining_responsibility_signals\"": [\""process_control\"", \""supplier_quality\""] , \""confidence\"": \""high\""}""}, {""community_id"": 301, ""dominant_experience_level"": ""mid"", ""entry_accessibility"": ""moderate_entry_barrier"", ""community_label"": ""Quality Assurance"", ""defining_skills"": [""Quality Assurance"", ""Supervision"", ""Laboratory Management""], ""defining_responsibility_signals"": [""GMP Compliance"", ""Plant Quality Assurance""], ""confidence"": ""high"", ""rep_rank"": 3, ""attempt"": 1, ""raw_output"": ""{\""community_id\"": 301, \""dominant_experience_level\"": \""mid\"", \""entry_accessibility\"": \""moderate_entry_barrier\"", \""community_label\"": \""Quality Assurance\"", \""defining_skills\"": [\""Quality Assurance\"", \""Supervision\"", \""Laboratory Management\""], \""defining_responsibility_signals\"": [\""GMP Compliance\"", \""Plant Quality Assurance\""] , \""confidence\"": \""high\""}""}]",13
302,38,mid,moderate_entry_barrier,Software Systems Engineer,"['software', 'systems', 'test']","['support', 'development']",high,1.0,1.0,0.667,0.889,3,"engineer, software, senior, support, systems, test, development, engineers, 100, sse, 000, developer","[{""community_id"": 302, ""dominant_experience_level"": ""mid"", ""entry_accessibility"": ""moderate_entry_barrier"", ""community_label"": ""Software Systems Engineer"", ""defining_skills"": [""software"", ""systems"", ""test""], ""defining_responsibility_signals"": [""support"", ""development""], ""confidence"": ""high"", ""rep_rank"": 1, ""attempt"": 1, ""raw_output"": ""{\""community_id\"": 302, \""dominant_experience_level\"": \""mid\"", \""entry_accessibility\"": \""moderate_entry_barrier\"", \""community_label\"": \""Software Systems Engineer\"", \""defining_skills\"": [\""software\"", \""systems\"", \""test\""], \""defining_responsibility_signals\"": [\""support\"", \""development\""] , \""confidence\"": \""high\""}""}, {""community_id"": 302, ""dominant_experience_level"": ""mid"", ""entry_accessibility"": ""moderate_entry_barrier"", ""community_label"": ""Software Systems Engineer"", ""defining_skills"": [""software"", ""systems"", ""test""], ""defining_responsibility_signals"": [""support"", ""development""], ""confidence"": ""high"", ""rep_rank"": 2, ""attempt"": 1, ""raw_output"": ""{\""community_id\"": 302, \""dominant_experience_level\"": \""mid\"", \""entry_accessibility\"": \""moderate_entry_barrier\"", \""community_label\"": \""Software Systems Engineer\"", \""defining_skills\"": [\""software\"", \""systems\"", \""test\""], \""defining_responsibility_signals\"": [\""support\"", \""development\""] , \""confidence\"": \""high\""}""}, {""community_id"": 302, ""dominant_experience_level"": ""mid"", ""entry_accessibility"": ""moderate_entry_barrier"", ""community_label"": ""Software Engineer"", ""defining_skills"": [""automation engineering"", ""software development"", ""systems testing""], ""defining_responsibility_signals"": [""support"", ""senior level guidance""], ""confidence"": ""high"", ""rep_rank"": 3, ""attempt"": 1, ""raw_output"": ""{\""community_id\"": 302, \""dominant_experience_level\"": \""mid\"", \""entry_accessibility\"": \""moderate_entry_barrier\"", \""community_label\"": \""Software Engineer\"", \""defining_skills\"": [\""automation engineering\"", \""software development\"", \""systems testing\""] , \""defining_responsibility_signals\"": [\""support\"", \""senior level guidance\""] , \""confidence\"": \""high\""}""}]",13
303,38,mid,moderate_entry_barrier,Process Engineer,"['construction', 'GMP manufacturing', 'process equipment']","['leadership', 'ensure operability']",high,1.0,1.0,0.667,0.889,3,"engineer, quality, process, lead, manager, senior, control, mechanical, construction, principal, manufacturing, controls","[{""community_id"": 303, ""dominant_experience_level"": ""mid"", ""entry_accessibility"": ""moderate_entry_barrier"", ""community_label"": ""Process Engineer"", ""defining_skills"": [""GMP manufacturing"", ""process equipment"", ""engineering service support""], ""defining_responsibility_signals"": [""ensure operability"", ""coordinate engineering activities""], ""confidence"": ""high"", ""rep_rank"": 1, ""attempt"": 1, ""raw_output"": ""{\""community_id\"": 303, \""dominant_experience_level\"": \""mid\"", \""entry_accessibility\"": \""moderate_entry_barrier\"", \""community_label\"": \""Process Engineer\"", \""defining_skills\"": [\""GMP manufacturing\"", \""process equipment\"", \""engineering service support\""], \""defining_responsibility_signals\"": [\""ensure operability\"", \""coordinate engineering activities\""] , \""confidence\"": \""high\""}""}, {""community_id"": 303, ""dominant_experience_level"": ""mid"", ""entry_accessibility"": ""moderate_entry_barrier"", ""community_label"": ""Process Controls Engineer"", ""defining_skills"": [""process control"", ""mechanical engineering"", ""construction""], ""defining_responsibility_signals"": [""leadership"", ""collaboration""], ""confidence"": ""high"", ""rep_rank"": 2, ""attempt"": 1, ""raw_output"": ""{\""community_id\"": 303, \""dominant_experience_level\"": \""mid\"", \""entry_accessibility\"": \""moderate_entry_barrier\"", \""community_label\"": \""Process Controls Engineer\"", \""defining_skills\"": [\""process control\"", \""mechanical engineering\"", \""construction\""], \""defining_responsibility_signals\"": [\""leadership\"", \""collaboration\""] , \""confidence\"": \""high\""}""}, {""community_id"": 303, ""dominant_experience_level"": ""mid"", ""entry_accessibility"": ""moderate_entry_barrier"", ""community_label"": ""Process Engineer"", ""defining_skills"": [""process development"", ""mechanical"", ""construction""], ""defining_responsibility_signals"": [""leadership"", ""certification""], ""confidence"": ""high"", ""rep_rank"": 3, ""attempt"": 1, ""raw_output"": ""{\""community_id\"": 303, \""dominant_experience_level\"": \""mid\"", \""entry_accessibility\"": \""moderate_entry_barrier\"", \""community_label\"": \""Process Engineer\"", \""defining_skills\"": [\""process development\"", \""mechanical\"", \""construction\""], \""defining_responsibility_signals\"": [\""leadership\"", \""certification\""] , \""confidence\"": \""high\""}""}]",13
304,38,mid,moderate_entry_barrier,Financial Advisor,"['financial planning', 'wealth management', 'retirement planning']","['requires_certification', 'requires_bachelor']",high,1.0,1.0,0.667,0.889,3,"financial, advisor, wealth, consultant, professional, planning, management, services, retirement, senior, manager, kansas","[{""community_id"": 304, ""dominant_experience_level"": ""mid"", ""entry_accessibility"": ""moderate_entry_barrier"", ""community_label"": ""Financial Planning & Advisory"", ""defining_skills"": [""financial planning"", ""wealth management"", ""retirement planning""], ""defining_responsibility_signals"": [""client relationship management"", ""investment strategy development""], ""confidence"": ""high"", ""rep_rank"": 1, ""attempt"": 1, ""raw_output"": ""{\""community_id\"": 304, \""dominant_experience_level\"": \""mid\"", \""entry_accessibility\"": \""moderate_entry_barrier\"", \""community_label\"": \""Financial Planning & Advisory\"", \""defining_skills\"": [\""financial planning\"", \""wealth management\"", \""retirement planning\""], \""defining_responsibility_signals\"": [\""client relationship management\"", \""investment strategy development\""] , \""confidence\"": \""high\""}""}, {""community_id"": 304, ""dominant_experience_level"": ""mid"", ""entry_accessibility"": ""moderate_entry_barrier"", ""community_label"": ""Financial Advisor"", ""defining_skills"": [""financial planning"", ""wealth management"", ""retirement planning""], ""defining_responsibility_signals"": [""requires_certification"", ""requires_bachelor""], ""confidence"": ""high"", ""rep_rank"": 2, ""attempt"": 1, ""raw_output"": ""{\""community_id\"": 304, \""dominant_experience_level\"": \""mid\"", \""entry_accessibility\"": \""moderate_entry_barrier\"", \""community_label\"": \""Financial Advisor\"", \""defining_skills\"": [\""financial planning\"", \""wealth management\"", \""retirement planning\""], \""defining_responsibility_signals\"": [\""requires_certification\"", \""requires_bachelor\""] , \""confidence\"": \""high\""}""}, {""community_id"": 304, ""dominant_experience_level"": ""mid"", ""entry_accessibility"": ""moderate_entry_barrier"", ""community_label"": ""Financial Advisor"", ""defining_skills"": [""financial planning"", ""wealth management"", ""retirement planning""], ""defining_responsibility_signals"": [""requires_certification"", ""requires_bachelor""], ""confidence"": ""high"", ""rep_rank"": 3, ""attempt"": 1, ""raw_output"": ""{\""community_id\"": 304, \""dominant_experience_level\"": \""mid\"", \""entry_accessibility\"": \""moderate_entry_barrier\"", \""community_label\"": \""Financial Advisor\"", \""defining_skills\"": [\""financial planning\"", \""wealth management\"", \""retirement planning\""], \""defining_responsibility_signals\"": [\""requires_certification\"", \""requires_bachelor\""] , \""confidence\"": \""high\""}""}]",13
305,38,mid,moderate_entry_barrier,Treasury Management,"['sales', 'treasury management', 'analysis']","['identifying', 'selling']",high,1.0,1.0,1.0,1.0,3,"treasury, manager, management, senior, analyst, specialist, officer, support, vice, president, services, sales","[{""community_id"": 305, ""dominant_experience_level"": ""mid"", ""entry_accessibility"": ""moderate_entry_barrier"", ""community_label"": ""Treasury Management"", ""defining_skills"": [""treasury management"", ""sales"", ""analysis""], ""defining_responsibility_signals"": [""identifying"", ""selling""], ""confidence"": ""high"", ""rep_rank"": 1, ""attempt"": 1, ""raw_output"": ""{\""community_id\"": 305, \""dominant_experience_level\"": \""mid\"", \""entry_accessibility\"": \""moderate_entry_barrier\"", \""community_label\"": \""Treasury Management\"", \""defining_skills\"": [\""treasury management\"", \""sales\"", \""analysis\""], \""defining_responsibility_signals\"": [\""identifying\"", \""selling\""] , \""confidence\"": \""high\""}""}, {""community_id"": 305, ""dominant_experience_level"": ""mid"", ""entry_accessibility"": ""moderate_entry_barrier"", ""community_label"": ""Treasury Management"", ""defining_skills"": [""Treasury Management"", ""Strategic Leadership"", ""Cash Flow Optimization""], ""defining_responsibility_signals"": [""Oversees Payroll Treasury Functions"", ""Ensures Execution of Financial Transactions""], ""confidence"": ""high"", ""rep_rank"": 2, ""attempt"": 1, ""raw_output"": ""{\""community_id\"": 305, \""dominant_experience_level\"": \""mid\"", \""entry_accessibility\"": \""moderate_entry_barrier\"", \""community_label\"": \""Treasury Management\"", \""defining_skills\"": [\""Treasury Management\"", \""Strategic Leadership\"", \""Cash Flow Optimization\""], \""defining_responsibility_signals\"": [\""Oversees Payroll Treasury Functions\"", \""Ensures Execution of Financial Transactions\""] , \""confidence\"": \""high\""}""}, {""community_id"": 305, ""dominant_experience_level"": ""mid"", ""entry_accessibility"": ""moderate_entry_barrier"", ""community_label"": ""Treasury Management"", ""defining_skills"": [""sales"", ""business_development"", ""customer_service""], ""defining_responsibility_signals"": [""business_expansion"", ""customer_relationship_management""], ""confidence"": ""high"", ""rep_rank"": 3, ""attempt"": 1, ""raw_output"": ""{\""community_id\"": 305, \""dominant_experience_level\"": \""mid\"", \""entry_accessibility\"": \""moderate_entry_barrier\"", \""community_label\"": \""Treasury Management\"", \""defining_skills\"": [\""sales\"", \""business_development\"", \""customer_service\""], \""defining_responsibility_signals\"": [\""business_expansion\"", \""customer_relationship_management\""] , \""confidence\"": \""high\""}""}]",13
306,38,junior,moderate_entry_barrier,Phlebotomy Technician,"['phlebotomy', 'patient care', 'specimen handling']","['patient interaction', 'lab specimen preparation']",high,1.0,1.0,1.0,1.0,3,"phlebotomist, cardiology, technician, phlebotomy, days, hospital, cardiovascular, surgery, tech, certified, inpatient, shift","[{""community_id"": 306, ""dominant_experience_level"": ""junior"", ""entry_accessibility"": ""moderate_entry_barrier"", ""community_label"": ""Phlebotomy Technician"", ""defining_skills"": [""phlebotomy"", ""patient care"", ""specimen handling""], ""defining_responsibility_signals"": [""patient interaction"", ""lab specimen preparation""], ""confidence"": ""high"", ""rep_rank"": 1, ""attempt"": 1, ""raw_output"": ""{\""community_id\"": 306, \""dominant_experience_level\"": \""junior\"", \""entry_accessibility\"": \""moderate_entry_barrier\"", \""community_label\"": \""Phlebotomy Technician\"", \""defining_skills\"": [\""phlebotomy\"", \""patient care\"", \""specimen handling\""], \""defining_responsibility_signals\"": [\""patient interaction\"", \""lab specimen preparation\""] , \""confidence\"": \""high\""}""}, {""community_id"": 306, ""dominant_experience_level"": ""junior"", ""entry_accessibility"": ""moderate_entry_barrier"", ""community_label"": ""Phlebotomy Technician"", ""defining_skills"": [""phlebotomy"", ""patient care"", ""specimen handling""], ""defining_responsibility_signals"": [""patient interaction"", ""sample collection""], ""confidence"": ""high"", ""rep_rank"": 2, ""attempt"": 1, ""raw_output"": ""{\""community_id\"": 306, \""dominant_experience_level\"": \""junior\"", \""entry_accessibility\"": \""moderate_entry_barrier\"", \""community_label\"": \""Phlebotomy Technician\"", \""defining_skills\"": [\""phlebotomy\"", \""patient care\"", \""specimen handling\""], \""defining_responsibility_signals\"": [\""patient interaction\"", \""sample collection\""] , \""confidence\"": \""high\""}""}, {""community_id"": 306, ""dominant_experience_level"": ""junior"", ""entry_accessibility"": ""moderate_entry_barrier"", ""community_label"": ""Phlebotomy Technician"", ""defining_skills"": [""Phlebotomy"", ""Patient Care"", ""Specimen Handling""], ""defining_responsibility_signals"": [""Patient Interaction"", ""Lab Sample Preparation""], ""confidence"": ""high"", ""rep_rank"": 3, ""attempt"": 1, ""raw_output"": ""{\""community_id\"": 306, \""dominant_experience_level\"": \""junior\"", \""entry_accessibility\"": \""moderate_entry_barrier\"", \""community_label\"": \""Phlebotomy Technician\"", \""defining_skills\"": [\""Phlebotomy\"", \""Patient Care\"", \""Specimen Handling\""], \""defining_responsibility_signals\"": [\""Patient Interaction\"", \""Lab Sample Preparation\""] , \""confidence\"": \""high\""}""}]",13
307,38,mid,moderate_entry_barrier,Security Management,"['security', 'management', 'supervision']","['leadership', 'certification']",high,1.0,1.0,0.667,0.889,3,"security, officer, manager, specialist, supervisor, physical, clearance, program, site, personnel, team, stm","[{""community_id"": 307, ""dominant_experience_level"": ""mid"", ""entry_accessibility"": ""moderate_entry_barrier"", ""community_label"": ""Security Management"", ""defining_skills"": [""security"", ""management"", ""supervision""], ""defining_responsibility_signals"": [""leadership"", ""certification""], ""confidence"": ""high"", ""rep_rank"": 1, ""attempt"": 1, ""raw_output"": ""{\""community_id\"": 307, \""dominant_experience_level\"": \""mid\"", \""entry_accessibility\"": \""moderate_entry_barrier\"", \""community_label\"": \""Security Management\"", \""defining_skills\"": [\""security\"", \""management\"", \""supervision\""], \""defining_responsibility_signals\"": [\""leadership\"", \""certification\""] , \""confidence\"": \""high\""}""}, {""community_id"": 307, ""dominant_experience_level"": ""mid"", ""entry_accessibility"": ""moderate_entry_barrier"", ""community_label"": ""Security Management"", ""defining_skills"": [""security"", ""management"", ""team leadership""], ""defining_responsibility_signals"": [""program management"", ""personnel supervision""], ""confidence"": ""high"", ""rep_rank"": 2, ""attempt"": 1, ""raw_output"": ""{\""community_id\"": 307, \""dominant_experience_level\"": \""mid\"", \""entry_accessibility\"": \""moderate_entry_barrier\"", \""community_label\"": \""Security Management\"", \""defining_skills\"": [\""security\"", \""management\"", \""team leadership\""], \""defining_responsibility_signals\"": [\""program management\"", \""personnel supervision\""] , \""confidence\"": \""high\""}""}, {""community_id"": 307, ""dominant_experience_level"": ""mid"", ""entry_accessibility"": ""moderate_entry_barrier"", ""community_label"": ""Corporate Security"", ""defining_skills"": [""security"", ""patrol"", ""access_control""], ""defining_responsibility_signals"": [""team_management"", ""special_assignment""], ""confidence"": ""high"", ""rep_rank"": 3, ""attempt"": 1, ""raw_output"": ""{\""community_id\"": 307, \""dominant_experience_level\"": \""mid\"", \""entry_accessibility\"": \""moderate_entry_barrier\"", \""community_label\"": \""Corporate Security\"", \""defining_skills\"": [\""security\"", \""patrol\"", \""access_control\""], \""defining_responsibility_signals\"": [\""team_management\"", \""special_assignment\""] , \""confidence\"": \""high\""}""}]",13
308,38,mid,moderate_entry_barrier,Housekeeping & Maintenance,"['seasonal work', 'piecework', 'housekeeping']","['caring for properties', 'maintenance tasks']",high,1.0,1.0,1.0,1.0,3,"seasonal, housekeeper, piecework, specialist, property, caretaker, maintenance, runner, front, desk, linen, assistant","[{""community_id"": 308, ""dominant_experience_level"": ""mid"", ""entry_accessibility"": ""moderate_entry_barrier"", ""community_label"": ""Housekeeping & Maintenance"", ""defining_skills"": [""seasonal work"", ""piecework"", ""housekeeping""], ""defining_responsibility_signals"": [""caring for properties"", ""maintenance tasks""], ""confidence"": ""high"", ""rep_rank"": 1, ""attempt"": 1, ""raw_output"": ""{\""community_id\"": 308, \""dominant_experience_level\"": \""mid\"", \""entry_accessibility\"": \""moderate_entry_barrier\"", \""community_label\"": \""Housekeeping & Maintenance\"", \""defining_skills\"": [\""seasonal work\"", \""piecework\"", \""housekeeping\""], \""defining_responsibility_signals\"": [\""caring for properties\"", \""maintenance tasks\""] , \""confidence\"": \""high\""}""}, {""community_id"": 308, ""dominant_experience_level"": ""mid"", ""entry_accessibility"": ""moderate_entry_barrier"", ""community_label"": ""Housekeeping & Maintenance"", ""defining_skills"": [""seasonal work"", ""piecework"", ""housekeeping""], ""defining_responsibility_signals"": [""caring for properties"", ""maintenance tasks""], ""confidence"": ""high"", ""rep_rank"": 2, ""attempt"": 1, ""raw_output"": ""{\""community_id\"": 308, \""dominant_experience_level\"": \""mid\"", \""entry_accessibility\"": \""moderate_entry_barrier\"", \""community_label\"": \""Housekeeping & Maintenance\"", \""defining_skills\"": [\""seasonal work\"", \""piecework\"", \""housekeeping\""], \""defining_responsibility_signals\"": [\""caring for properties\"", \""maintenance tasks\""] , \""confidence\"": \""high\""}""}, {""community_id"": 308, ""dominant_experience_level"": ""mid"", ""entry_accessibility"": ""moderate_entry_barrier"", ""community_label"": ""Housekeeping & Maintenance"", ""defining_skills"": [""seasonal work"", ""piecework"", ""housekeeping""], ""defining_responsibility_signals"": [""caring local teams"", ""robust local teams""], ""confidence"": ""high"", ""rep_rank"": 3, ""attempt"": 1, ""raw_output"": ""{\""community_id\"": 308, \""dominant_experience_level\"": \""mid\"", \""entry_accessibility\"": \""moderate_entry_barrier\"", \""community_label\"": \""Housekeeping & Maintenance\"", \""defining_skills\"": [\""seasonal work\"", \""piecework\"", \""housekeeping\""], \""defining_responsibility_signals\"": [\""caring local teams\"", \""robust local teams\""] , \""confidence\"": \""high\""}""}]",13
309,38,mid,moderate_entry_barrier,Clinical Research,"['Clinical Trial Management', 'Data Management', 'Regulatory Compliance']","['Protocol Coordination', 'Data Collection & Maintenance']",high,1.0,1.0,1.0,1.0,3,"clinical, research, coordinator, site, specialist, trial, manager, monitoring, sub, investigator, physician, operations","[{""community_id"": 309, ""dominant_experience_level"": ""mid"", ""entry_accessibility"": ""moderate_entry_barrier"", ""community_label"": ""Clinical Research"", ""defining_skills"": [""Clinical Trial Management"", ""Data Management"", ""Regulatory Compliance""], ""defining_responsibility_signals"": [""Protocol Coordination"", ""Data Collection & Maintenance""], ""confidence"": ""high"", ""rep_rank"": 1, ""attempt"": 1, ""raw_output"": ""{\""community_id\"": 309, \""dominant_experience_level\"": \""mid\"", \""entry_accessibility\"": \""moderate_entry_barrier\"", \""community_label\"": \""Clinical Research\"", \""defining_skills\"": [\""Clinical Trial Management\"", \""Data Management\"", \""Regulatory Compliance\""], \""defining_responsibility_signals\"": [\""Protocol Coordination\"", \""Data Collection & Maintenance\""] , \""confidence\"": \""high\""}""}, {""community_id"": 309, ""dominant_experience_level"": ""mid"", ""entry_accessibility"": ""moderate_entry_barrier"", ""community_label"": ""Clinical Research"", ""defining_skills"": [""Clinical Trial Management"", ""Protocol Navigation"", ""Patient Care""], ""defining_responsibility_signals"": [""Coordinate Clinical Research"", ""Provide Protocol Navigation""], ""confidence"": ""high"", ""rep_rank"": 2, ""attempt"": 1, ""raw_output"": ""{\""community_id\"": 309, \""dominant_experience_level\"": \""mid\"", \""entry_accessibility\"": \""moderate_entry_barrier\"", \""community_label\"": \""Clinical Research\"", \""defining_skills\"": [\""Clinical Trial Management\"", \""Protocol Navigation\"", \""Patient Care\""], \""defining_responsibility_signals\"": [\""Coordinate Clinical Research\"", \""Provide Protocol Navigation\""] , \""confidence\"": \""high\""}""}, {""community_id"": 309, ""dominant_experience_level"": ""mid"", ""entry_accessibility"": ""moderate_entry_barrier"", ""community_label"": ""Clinical Research"", ""defining_skills"": [""clinical research"", ""trial management"", ""site monitoring""], ""defining_responsibility_signals"": [""coordinate"", ""manage trials""], ""confidence"": ""high"", ""rep_rank"": 3, ""attempt"": 1, ""raw_output"": ""{\""community_id\"": 309, \""dominant_experience_level\"": \""mid\"", \""entry_accessibility\"": \""moderate_entry_barrier\"", \""community_label\"": \""Clinical Research\"", \""defining_skills\"": [\""clinical research\"", \""trial management\"", \""site monitoring\""], \""defining_responsibility_signals\"": [\""coordinate\"", \""manage trials\""] , \""confidence\"": \""high\""}""}]",13
310,38,senior,moderate_entry_barrier,Clinical Territory Associate,"['shift management', 'medical science', 'liaison']","['leadership', 'certification']",high,1.0,1.0,0.333,0.778,3,"senior, shift, medical, science, liaison, engineer, supervisor, lead, rare, metabolic, disorders, forklift","[{""community_id"": 310, ""dominant_experience_level"": ""senior"", ""entry_accessibility"": ""moderate_entry_barrier"", ""community_label"": ""Clinical Territory Associate"", ""defining_skills"": [""medical science"", ""liaison"", ""engineering""], ""defining_responsibility_signals"": [""leadership"", ""certification""], ""confidence"": ""high"", ""rep_rank"": 1, ""attempt"": 1, ""raw_output"": ""{\""community_id\"": 310, \""dominant_experience_level\"": \""senior\"", \""entry_accessibility\"": \""moderate_entry_barrier\"", \""community_label\"": \""Clinical Territory Associate\"", \""defining_skills\"": [\""medical science\"", \""liaison\"", \""engineering\""], \""defining_responsibility_signals\"": [\""leadership\"", \""certification\""] , \""confidence\"": \""high\""}""}, {""community_id"": 310, ""dominant_experience_level"": ""senior"", ""entry_accessibility"": ""moderate_entry_barrier"", ""community_label"": ""Senior Medical Science Operations"", ""defining_skills"": [""shift management"", ""forklift operation"", ""medical science knowledge""], ""defining_responsibility_signals"": [""leadership"", ""liaison role""], ""confidence"": ""high"", ""rep_rank"": 2, ""attempt"": 1, ""raw_output"": ""{\""community_id\"": 310, \""dominant_experience_level\"": \""senior\"", \""entry_accessibility\"": \""moderate_entry_barrier\"", \""community_label\"": \""Senior Medical Science Operations\"", \""defining_skills\"": [\""shift management\"", \""forklift operation\"", \""medical science knowledge\""], \""defining_responsibility_signals\"": [\""leadership\"", \""liaison role\""] , \""confidence\"": \""high\""}""}, {""community_id"": 310, ""dominant_experience_level"": ""senior"", ""entry_accessibility"": ""moderate_entry_barrier"", ""community_label"": ""Life Sciences Operations"", ""defining_skills"": [""shift management"", ""supervisory experience"", ""certifications""], ""defining_responsibility_signals"": [""leadership"", ""team management""], ""confidence"": ""high"", ""rep_rank"": 3, ""attempt"": 1, ""raw_output"": ""{\""community_id\"": 310, \""dominant_experience_level\"": \""senior\"", \""entry_accessibility\"": \""moderate_entry_barrier\"", \""community_label\"": \""Life Sciences Operations\"", \""defining_skills\"": [\""shift management\"", \""supervisory experience\"", \""certifications\""], \""defining_responsibility_signals\"": [\""leadership\"", \""team management\""] , \""confidence\"": \""high\""}""}]",13
311,37,junior,moderate_entry_barrier,Payroll & Billing Specialist,"['billing', 'payroll processing', 'payroll']","['develop scalable processes', 'ensure timely and accurate global payroll submission and reporting']",high,1.0,1.0,0.667,0.889,3,"specialist, accounts, payroll, payable, billing, account, administrative, assistant, clerk, tax, receivable, manager","[{""community_id"": 311, ""dominant_experience_level"": ""junior"", ""entry_accessibility"": ""moderate_entry_barrier"", ""community_label"": ""Payroll & Billing Specialist"", ""defining_skills"": [""payroll"", ""billing"", ""accounting""], ""defining_responsibility_signals"": [""develop scalable processes"", ""ensure timely and accurate global payroll submission and reporting""], ""confidence"": ""high"", ""rep_rank"": 1, ""attempt"": 1, ""raw_output"": ""{\""community_id\"": 311, \""dominant_experience_level\"": \""junior\"", \""entry_accessibility\"": \""moderate_entry_barrier\"", \""community_label\"": \""Payroll & Billing Specialist\"", \""defining_skills\"": [\""payroll\"", \""billing\"", \""accounting\""], \""defining_responsibility_signals\"": [\""develop scalable processes\"", \""ensure timely and accurate global payroll submission and reporting\""] , \""confidence\"": \""high\""}""}, {""community_id"": 311, ""dominant_experience_level"": ""junior"", ""entry_accessibility"": ""moderate_entry_barrier"", ""community_label"": ""Payroll & Billing Specialist"", ""defining_skills"": [""payroll processing"", ""customer service"", ""problem solving""], ""defining_responsibility_signals"": [""monitor service delivery queues"", ""resolve payroll issues""], ""confidence"": ""high"", ""rep_rank"": 2, ""attempt"": 1, ""raw_output"": ""{\""community_id\"": 311, \""dominant_experience_level\"": \""junior\"", \""entry_accessibility\"": \""moderate_entry_barrier\"", \""community_label\"": \""Payroll & Billing Specialist\"", \""defining_skills\"": [\""payroll processing\"", \""customer service\"", \""problem solving\""], \""defining_responsibility_signals\"": [\""monitor service delivery queues\"", \""resolve payroll issues\""] , \""confidence\"": \""high\""}""}, {""community_id"": 311, ""dominant_experience_level"": ""junior"", ""entry_accessibility"": ""moderate_entry_barrier"", ""community_label"": ""Payroll & Accounts Specialist"", ""defining_skills"": [""payroll processing"", ""accounts payable"", ""billing""], ""defining_responsibility_signals"": [""timely processing"", ""administrative tasks""], ""confidence"": ""high"", ""rep_rank"": 3, ""attempt"": 1, ""raw_output"": ""{\""community_id\"": 311, \""dominant_experience_level\"": \""junior\"", \""entry_accessibility\"": \""moderate_entry_barrier\"", \""community_label\"": \""Payroll & Accounts Specialist\"", \""defining_skills\"": [\""payroll processing\"", \""accounts payable\"", \""billing\""], \""defining_responsibility_signals\"": [\""timely processing\"", \""administrative tasks\""] , \""confidence\"": \""high\""}""}]",13
312,37,mid,moderate_entry_barrier,Senior Customer Service Management,"['team leadership', 'customer service', 'customer service management']","['drive service excellence', 'lead team growth and development']",high,1.0,1.0,0.333,0.778,3,"manager, customer, service, success, specialist, lead, delivery, support, director, system, global, senior","[{""community_id"": 312, ""dominant_experience_level"": ""mid"", ""entry_accessibility"": ""moderate_entry_barrier"", ""community_label"": ""Senior Customer Service Management"", ""defining_skills"": [""customer service management"", ""team leadership"", ""service delivery improvement""], ""defining_responsibility_signals"": [""drive service excellence"", ""lead team growth and development""], ""confidence"": ""high"", ""rep_rank"": 1, ""attempt"": 1, ""raw_output"": ""{\""community_id\"": 312, \""dominant_experience_level\"": \""mid\"", \""entry_accessibility\"": \""moderate_entry_barrier\"", \""community_label\"": \""Senior Customer Service Management\"", \""defining_skills\"": [\""customer service management\"", \""team leadership\"", \""service delivery improvement\""], \""defining_responsibility_signals\"": [\""drive service excellence\"", \""lead team growth and development\""] , \""confidence\"": \""high\""}""}, {""community_id"": 312, ""dominant_experience_level"": ""mid"", ""entry_accessibility"": ""moderate_entry_barrier"", ""community_label"": ""Customer Support Management"", ""defining_skills"": [""customer service"", ""team leadership"", ""customer success""], ""defining_responsibility_signals"": [""lead team"", ""surpass customer expectations""], ""confidence"": ""high"", ""rep_rank"": 2, ""attempt"": 1, ""raw_output"": ""{\""community_id\"": 312, \""dominant_experience_level\"": \""mid\"", \""entry_accessibility\"": \""moderate_entry_barrier\"", \""community_label\"": \""Customer Support Management\"", \""defining_skills\"": [\""customer service\"", \""team leadership\"", \""customer success\""], \""defining_responsibility_signals\"": [\""lead team\"", \""surpass customer expectations\""] , \""confidence\"": \""high\""}""}, {""community_id"": 312, ""dominant_experience_level"": ""mid"", ""entry_accessibility"": ""moderate_entry_barrier"", ""community_label"": ""Customer Service Management"", ""defining_skills"": [""customer service"", ""managerial"", ""operations""], ""defining_responsibility_signals"": [""directs daily operations"", ""supports implementations and expansions""], ""confidence"": ""high"", ""rep_rank"": 3, ""attempt"": 1, ""raw_output"": ""{\""community_id\"": 312, \""dominant_experience_level\"": \""mid\"", \""entry_accessibility\"": \""moderate_entry_barrier\"", \""community_label\"": \""Customer Service Management\"", \""defining_skills\"": [\""customer service\"", \""managerial\"", \""operations\""], \""defining_responsibility_signals\"": [\""directs daily operations\"", \""supports implementations and expansions\""] , \""confidence\"": \""high\""}""}]",13
313,37,mid,moderate_entry_barrier,DevOps & Infrastructure Engineer,"['DevOps', 'Infrastructure', 'Cloud']","['Cloud-based Infrastructure Implementations', 'Traditional Infrastructure Implementations']",high,1.0,1.0,0.667,0.889,3,"engineer, devops, software, infrastructure, developer, network, systems, salesforce, site, reliability, engineering, manager","[{""community_id"": 313, ""dominant_experience_level"": ""mid"", ""entry_accessibility"": ""moderate_entry_barrier"", ""community_label"": ""DevOps Engineer"", ""defining_skills"": [""DevOps"", ""Infrastructure"", ""Cloud""], ""defining_responsibility_signals"": [""implementations"", ""designs""], ""confidence"": ""high"", ""rep_rank"": 1, ""attempt"": 1, ""raw_output"": ""{\""community_id\"": 313, \""dominant_experience_level\"": \""mid\"", \""entry_accessibility\"": \""moderate_entry_barrier\"", \""community_label\"": \""DevOps Engineer\"", \""defining_skills\"": [\""DevOps\"", \""Infrastructure\"", \""Cloud\""], \""defining_responsibility_signals\"": [\""implementations\"", \""designs\""] , \""confidence\"": \""high\""}""}, {""community_id"": 313, ""dominant_experience_level"": ""mid"", ""entry_accessibility"": ""moderate_entry_barrier"", ""community_label"": ""DevOps & Infrastructure Engineer"", ""defining_skills"": [""DevOps"", ""Infrastructure"", ""Software Engineering""], ""defining_responsibility_signals"": [""Cloud-based Infrastructure Implementations"", ""Traditional Infrastructure Implementations""], ""confidence"": ""high"", ""rep_rank"": 2, ""attempt"": 1, ""raw_output"": ""{\""community_id\"": 313, \""dominant_experience_level\"": \""mid\"", \""entry_accessibility\"": \""moderate_entry_barrier\"", \""community_label\"": \""DevOps & Infrastructure Engineer\"", \""defining_skills\"": [\""DevOps\"", \""Infrastructure\"", \""Software Engineering\""], \""defining_responsibility_signals\"": [\""Cloud-based Infrastructure Implementations\"", \""Traditional Infrastructure Implementations\""] , \""confidence\"": \""high\""}""}, {""community_id"": 313, ""dominant_experience_level"": ""mid"", ""entry_accessibility"": ""moderate_entry_barrier"", ""community_label"": ""DevOps & Infrastructure Engineer"", ""defining_skills"": [""DevOps"", ""Infrastructure"", ""Networking""], ""defining_responsibility_signals"": [""Cloud-based Infrastructure Implementations"", ""Traditional Infrastructure Implementations""], ""confidence"": ""high"", ""rep_rank"": 3, ""attempt"": 1, ""raw_output"": ""{\""community_id\"": 313, \""dominant_experience_level\"": \""mid\"", \""entry_accessibility\"": \""moderate_entry_barrier\"", \""community_label\"": \""DevOps & Infrastructure Engineer\"", \""defining_skills\"": [\""DevOps\"", \""Infrastructure\"", \""Networking\""], \""defining_responsibility_signals\"": [\""Cloud-based Infrastructure Implementations\"", \""Traditional Infrastructure Implementations\""] , \""confidence\"": \""high\""}""}]",13
314,37,junior,moderate_entry_barrier,Truck Driver,"['CDL', 'Delivery', 'Truck Driving']","['Customer Service', 'End-to-End Delivery']",high,1.0,1.0,0.333,0.778,3,"driver, cdl, truck, delivery, local, route, service, end, home, non, class, customer","[{""community_id"": 314, ""dominant_experience_level"": ""junior"", ""entry_accessibility"": ""moderate_entry_barrier"", ""community_label"": ""Truck Driver"", ""defining_skills"": [""CDL"", ""Delivery"", ""Local Route""], ""defining_responsibility_signals"": [""Customer Service"", ""End-to-End Delivery""], ""confidence"": ""high"", ""rep_rank"": 1, ""attempt"": 1, ""raw_output"": ""{\""community_id\"": 314, \""dominant_experience_level\"": \""junior\"", \""entry_accessibility\"": \""moderate_entry_barrier\"", \""community_label\"": \""Truck Driver\"", \""defining_skills\"": [\""CDL\"", \""Delivery\"", \""Local Route\""], \""defining_responsibility_signals\"": [\""Customer Service\"", \""End-to-End Delivery\""] , \""confidence\"": \""high\""}""}, {""community_id"": 314, ""dominant_experience_level"": ""junior"", ""entry_accessibility"": ""moderate_entry_barrier"", ""community_label"": ""CDL Driver"", ""defining_skills"": [""CDL"", ""Truck Driving"", ""Delivery""], ""defining_responsibility_signals"": [""Local Routes"", ""Customer Service""], ""confidence"": ""high"", ""rep_rank"": 2, ""attempt"": 1, ""raw_output"": ""{\""community_id\"": 314, \""dominant_experience_level\"": \""junior\"", \""entry_accessibility\"": \""moderate_entry_barrier\"", \""community_label\"": \""CDL Driver\"", \""defining_skills\"": [\""CDL\"", \""Truck Driving\"", \""Delivery\""], \""defining_responsibility_signals\"": [\""Local Routes\"", \""Customer Service\""] , \""confidence\"": \""high\""}""}, {""community_id"": 314, ""dominant_experience_level"": ""junior"", ""entry_accessibility"": ""moderate_entry_barrier"", ""community_label"": ""Local Delivery Driver"", ""defining_skills"": [""CDL"", ""Truck Driving"", ""Delivery""], ""defining_responsibility_signals"": [""Route Service"", ""Customer Service""], ""confidence"": ""high"", ""rep_rank"": 3, ""attempt"": 1, ""raw_output"": ""{\""community_id\"": 314, \""dominant_experience_level\"": \""junior\"", \""entry_accessibility\"": \""moderate_entry_barrier\"", \""community_label\"": \""Local Delivery Driver\"", \""defining_skills\"": [\""CDL\"", \""Truck Driving\"", \""Delivery\""], \""defining_responsibility_signals\"": [\""Route Service\"", \""Customer Service\""] , \""confidence\"": \""high\""}""}]",13
315,37,mid,moderate_entry_barrier,Azure Cloud Engineer,"['Azure', 'Cloud', 'SQL Database']","['Hybrid Cloud', 'Leadership Terms']",high,1.0,1.0,0.333,0.778,3,"azure, engineer, cloud, administrator, developer, architect, net, sql, database, microsoft, devops, network","[{""community_id"": 315, ""dominant_experience_level"": ""mid"", ""entry_accessibility"": ""moderate_entry_barrier"", ""community_label"": ""Azure Cloud Engineer"", ""defining_skills"": [""Azure"", ""Cloud"", ""SQL Database""], ""defining_responsibility_signals"": [""Hybrid Cloud"", ""Leadership Terms""], ""confidence"": ""high"", ""rep_rank"": 1, ""attempt"": 1, ""raw_output"": ""{\""community_id\"": 315, \""dominant_experience_level\"": \""mid\"", \""entry_accessibility\"": \""moderate_entry_barrier\"", \""community_label\"": \""Azure Cloud Engineer\"", \""defining_skills\"": [\""Azure\"", \""Cloud\"", \""SQL Database\""], \""defining_responsibility_signals\"": [\""Hybrid Cloud\"", \""Leadership Terms\""] , \""confidence\"": \""high\""}""}, {""community_id"": 315, ""dominant_experience_level"": ""mid"", ""entry_accessibility"": ""moderate_entry_barrier"", ""community_label"": ""Azure Cloud Administrator"", ""defining_skills"": [""Azure"", ""Cloud"", ""SQL""], ""defining_responsibility_signals"": [""build"", ""deploy""], ""confidence"": ""high"", ""rep_rank"": 2, ""attempt"": 1, ""raw_output"": ""{\""community_id\"": 315, \""dominant_experience_level\"": \""mid\"", \""entry_accessibility\"": \""moderate_entry_barrier\"", \""community_label\"": \""Azure Cloud Administrator\"", \""defining_skills\"": [\""Azure\"", \""Cloud\"", \""SQL\""], \""defining_responsibility_signals\"": [\""build\"", \""deploy\""] , \""confidence\"": \""high\""}""}, {""community_id"": 315, ""dominant_experience_level"": ""mid"", ""entry_accessibility"": ""moderate_entry_barrier"", ""community_label"": ""Azure Cloud Admin/DevOps"", ""defining_skills"": [""Azure"", ""Cloud"", ""SQL Database""], ""defining_responsibility_signals"": [""Manage and maintain Azure environment"", ""Collaborate with development teams""], ""confidence"": ""high"", ""rep_rank"": 3, ""attempt"": 1, ""raw_output"": ""{\""community_id\"": 315, \""dominant_experience_level\"": \""mid\"", \""entry_accessibility\"": \""moderate_entry_barrier\"", \""community_label\"": \""Azure Cloud Admin/DevOps\"", \""defining_skills\"": [\""Azure\"", \""Cloud\"", \""SQL Database\""], \""defining_responsibility_signals\"": [\""Manage and maintain Azure environment\"", \""Collaborate with development teams\""] , \""confidence\"": \""high\""}""}]",13
316,37,mid,moderate_entry_barrier,Financial Advisor,"['financial management', 'wealth planning', 'client relations']","['client service', 'asset management']",high,1.0,1.0,0.333,0.778,3,"financial, wealth, management, advisor, client, manager, specialist, service, senior, planning, asset, operations","[{""community_id"": 316, ""dominant_experience_level"": ""mid"", ""entry_accessibility"": ""moderate_entry_barrier"", ""community_label"": ""Financial Advisor"", ""defining_skills"": [""financial management"", ""wealth planning"", ""client relations""], ""defining_responsibility_signals"": [""client service"", ""asset management""], ""confidence"": ""high"", ""rep_rank"": 1, ""attempt"": 1, ""raw_output"": ""{\""community_id\"": 316, \""dominant_experience_level\"": \""mid\"", \""entry_accessibility\"": \""moderate_entry_barrier\"", \""community_label\"": \""Financial Advisor\"", \""defining_skills\"": [\""financial management\"", \""wealth planning\"", \""client relations\""], \""defining_responsibility_signals\"": [\""client service\"", \""asset management\""] , \""confidence\"": \""high\""}""}, {""community_id"": 316, ""dominant_experience_level"": ""mid"", ""entry_accessibility"": ""moderate_entry_barrier"", ""community_label"": ""Wealth Management"", ""defining_skills"": [""financial management"", ""advisory"", ""client relationship""], ""defining_responsibility_signals"": [""meet financial goals"", ""investment services""], ""confidence"": ""high"", ""rep_rank"": 2, ""attempt"": 1, ""raw_output"": ""{\""community_id\"": 316, \""dominant_experience_level\"": \""mid\"", \""entry_accessibility\"": \""moderate_entry_barrier\"", \""community_label\"": \""Wealth Management\"", \""defining_skills\"": [\""financial management\"", \""advisory\"", \""client relationship\""], \""defining_responsibility_signals\"": [\""meet financial goals\"", \""investment services\""] , \""confidence\"": \""high\""}""}, {""community_id"": 316, ""dominant_experience_level"": ""mid"", ""entry_accessibility"": ""moderate_entry_barrier"", ""community_label"": ""Financial Advisory"", ""defining_skills"": [""financial management"", ""client service"", ""attention to detail""], ""defining_responsibility_signals"": [""customer service"", ""career growth""], ""confidence"": ""high"", ""rep_rank"": 3, ""attempt"": 1, ""raw_output"": ""{\""community_id\"": 316, \""dominant_experience_level\"": \""mid\"", \""entry_accessibility\"": \""moderate_entry_barrier\"", \""community_label\"": \""Financial Advisory\"", \""defining_skills\"": [\""financial management\"", \""client service\"", \""attention to detail\""], \""defining_responsibility_signals\"": [\""customer service\"", \""career growth\""] , \""confidence\"": \""high\""}""}]",13
317,37,junior,moderate_entry_barrier,Healthcare Support,"['housekeeping', 'sterile', 'medical']","['maintain cleanliness', 'follow safety protocols']",high,1.0,1.0,0.667,0.889,3,"tech, technician, technologist, housekeeping, medical, aide, sterile, paramedic, torrington, site, cardiac, shift","[{""community_id"": 317, ""dominant_experience_level"": ""junior"", ""entry_accessibility"": ""moderate_entry_barrier"", ""community_label"": ""Healthcare Support"", ""defining_skills"": [""housekeeping"", ""medical"", ""sterile""], ""defining_responsibility_signals"": [""maintain cleanliness"", ""follow safety protocols""], ""confidence"": ""high"", ""rep_rank"": 1, ""attempt"": 1, ""raw_output"": ""{\""community_id\"": 317, \""dominant_experience_level\"": \""junior\"", \""entry_accessibility\"": \""moderate_entry_barrier\"", \""community_label\"": \""Healthcare Support\"", \""defining_skills\"": [\""housekeeping\"", \""medical\"", \""sterile\""], \""defining_responsibility_signals\"": [\""maintain cleanliness\"", \""follow safety protocols\""] , \""confidence\"": \""high\""}""}, {""community_id"": 317, ""dominant_experience_level"": ""junior"", ""entry_accessibility"": ""moderate_entry_barrier"", ""community_label"": ""Healthcare Support"", ""defining_skills"": [""housekeeping"", ""medical"", ""sterile""], ""defining_responsibility_signals"": [""maintain cleanliness"", ""follow safety protocols""], ""confidence"": ""high"", ""rep_rank"": 2, ""attempt"": 1, ""raw_output"": ""{\""community_id\"": 317, \""dominant_experience_level\"": \""junior\"", \""entry_accessibility\"": \""moderate_entry_barrier\"", \""community_label\"": \""Healthcare Support\"", \""defining_skills\"": [\""housekeeping\"", \""medical\"", \""sterile\""], \""defining_responsibility_signals\"": [\""maintain cleanliness\"", \""follow safety protocols\""] , \""confidence\"": \""high\""}""}, {""community_id"": 317, ""dominant_experience_level"": ""junior"", ""entry_accessibility"": ""moderate_entry_barrier"", ""community_label"": ""Housekeeping"", ""defining_skills"": [""cleaning"", ""sterile"", ""housekeeping""], ""defining_responsibility_signals"": [""evening shift"", ""full time""], ""confidence"": ""high"", ""rep_rank"": 3, ""attempt"": 1, ""raw_output"": ""{\""community_id\"": 317, \""dominant_experience_level\"": \""junior\"", \""entry_accessibility\"": \""moderate_entry_barrier\"", \""community_label\"": \""Housekeeping\"", \""defining_skills\"": [\""cleaning\"", \""sterile\"", \""housekeeping\""], \""defining_responsibility_signals\"": [\""evening shift\"", \""full time\""] , \""confidence\"": \""high\""}""}]",13
318,37,mid,moderate_entry_barrier,Retail Sales Management,"['sales', 'retail', 'business']","['leadership', 'bachelor_degree']",high,1.0,1.0,1.0,1.0,3,"sales, retail, manager, business, spanish, bilingual, account, smb, senior, field, technician, executive","[{""community_id"": 318, ""dominant_experience_level"": ""mid"", ""entry_accessibility"": ""moderate_entry_barrier"", ""community_label"": ""Retail Sales Management"", ""defining_skills"": [""sales"", ""retail"", ""business""], ""defining_responsibility_signals"": [""leadership"", ""bachelor_degree""], ""confidence"": ""high"", ""rep_rank"": 1, ""attempt"": 1, ""raw_output"": ""{\""community_id\"": 318, \""dominant_experience_level\"": \""mid\"", \""entry_accessibility\"": \""moderate_entry_barrier\"", \""community_label\"": \""Retail Sales Management\"", \""defining_skills\"": [\""sales\"", \""retail\"", \""business\""], \""defining_responsibility_signals\"": [\""leadership\"", \""bachelor_degree\""] , \""confidence\"": \""high\""}""}, {""community_id"": 318, ""dominant_experience_level"": ""mid"", ""entry_accessibility"": ""moderate_entry_barrier"", ""community_label"": ""Retail Sales Management"", ""defining_skills"": [""sales"", ""retail"", ""business""], ""defining_responsibility_signals"": [""leadership"", ""bachelor_degree""], ""confidence"": ""high"", ""rep_rank"": 2, ""attempt"": 1, ""raw_output"": ""{\""community_id\"": 318, \""dominant_experience_level\"": \""mid\"", \""entry_accessibility\"": \""moderate_entry_barrier\"", \""community_label\"": \""Retail Sales Management\"", \""defining_skills\"": [\""sales\"", \""retail\"", \""business\""], \""defining_responsibility_signals\"": [\""leadership\"", \""bachelor_degree\""] , \""confidence\"": \""high\""}""}, {""community_id"": 318, ""dominant_experience_level"": ""mid"", ""entry_accessibility"": ""moderate_entry_barrier"", ""community_label"": ""Retail Sales Management"", ""defining_skills"": [""sales"", ""retail"", ""business""], ""defining_responsibility_signals"": [""leadership"", ""bachelor_degree""], ""confidence"": ""high"", ""rep_rank"": 3, ""attempt"": 1, ""raw_output"": ""{\""community_id\"": 318, \""dominant_experience_level\"": \""mid\"", \""entry_accessibility\"": \""moderate_entry_barrier\"", \""community_label\"": \""Retail Sales Management\"", \""defining_skills\"": [\""sales\"", \""retail\"", \""business\""], \""defining_responsibility_signals\"": [\""leadership\"", \""bachelor_degree\""] , \""confidence\"": \""high\""}""}]",13
319,37,junior,moderate_entry_barrier,Optical Sales Associate,"['optician', 'sales', 'optical']","['shift', 'store']",high,1.0,1.0,0.333,0.778,3,"optician, licensed, oakley, target, optical, shift, lenscrafters, apprentice, sales, store, manager, account","[{""community_id"": 319, ""dominant_experience_level"": ""junior"", ""entry_accessibility"": ""moderate_entry_barrier"", ""community_label"": ""Optical Sales Associate"", ""defining_skills"": [""optician"", ""sales"", ""optical""], ""defining_responsibility_signals"": [""shift"", ""store""], ""confidence"": ""high"", ""rep_rank"": 1, ""attempt"": 1, ""raw_output"": ""{\""community_id\"": 319, \""dominant_experience_level\"": \""junior\"", \""entry_accessibility\"": \""moderate_entry_barrier\"", \""community_label\"": \""Optical Sales Associate\"", \""defining_skills\"": [\""optician\"", \""sales\"", \""optical\""], \""defining_responsibility_signals\"": [\""shift\"", \""store\""] , \""confidence\"": \""high\""}""}, {""community_id"": 319, ""dominant_experience_level"": ""junior"", ""entry_accessibility"": ""moderate_entry_barrier"", ""community_label"": ""Optical Store Specialist"", ""defining_skills"": [""optician"", ""lens"", ""sales""], ""defining_responsibility_signals"": [""store maintenance"", ""projects""], ""confidence"": ""high"", ""rep_rank"": 2, ""attempt"": 1, ""raw_output"": ""{\""community_id\"": 319, \""dominant_experience_level\"": \""junior\"", \""entry_accessibility\"": \""moderate_entry_barrier\"", \""community_label\"": \""Optical Store Specialist\"", \""defining_skills\"": [\""optician\"", \""lens\"", \""sales\""], \""defining_responsibility_signals\"": [\""store maintenance\"", \""projects\""] , \""confidence\"": \""high\""}""}, {""community_id"": 319, ""dominant_experience_level"": ""junior"", ""entry_accessibility"": ""moderate_entry_barrier"", ""community_label"": ""Optical Sales & Support"", ""defining_skills"": [""optician"", ""sales"", ""optical""], ""defining_responsibility_signals"": [""technical support"", ""customer service""], ""confidence"": ""high"", ""rep_rank"": 3, ""attempt"": 1, ""raw_output"": ""{\""community_id\"": 319, \""dominant_experience_level\"": \""junior\"", \""entry_accessibility\"": \""moderate_entry_barrier\"", \""community_label\"": \""Optical Sales & Support\"", \""defining_skills\"": [\""optician\"", \""sales\"", \""optical\""], \""defining_responsibility_signals\"": [\""technical support\"", \""customer service\""] , \""confidence\"": \""high\""}""}]",13
320,37,mid,moderate_entry_barrier,Restaurant Management,"['Restaurant Management', 'Team Leadership', 'Food Preparation']","['Hiring and Training', 'Shift Management']",high,1.0,1.0,1.0,1.0,3,"restaurant, manager, shift, assistant, crewmember, hourly, cashier, leader, general, cook, mid, crew","[{""community_id"": 320, ""dominant_experience_level"": ""mid"", ""entry_accessibility"": ""moderate_entry_barrier"", ""community_label"": ""Restaurant Management"", ""defining_skills"": [""Restaurant Management"", ""Team Leadership"", ""Food Preparation""], ""defining_responsibility_signals"": [""Hiring and Training"", ""Shift Management""], ""confidence"": ""high"", ""rep_rank"": 1, ""attempt"": 1, ""raw_output"": ""{\""community_id\"": 320, \""dominant_experience_level\"": \""mid\"", \""entry_accessibility\"": \""moderate_entry_barrier\"", \""community_label\"": \""Restaurant Management\"", \""defining_skills\"": [\""Restaurant Management\"", \""Team Leadership\"", \""Food Preparation\""], \""defining_responsibility_signals\"": [\""Hiring and Training\"", \""Shift Management\""] , \""confidence\"": \""high\""}""}, {""community_id"": 320, ""dominant_experience_level"": ""mid"", ""entry_accessibility"": ""moderate_entry_barrier"", ""community_label"": ""Restaurant Management"", ""defining_skills"": [""Restaurant Management"", ""Team Leadership"", ""Customer Service""], ""defining_responsibility_signals"": [""Hiring and Training"", ""Shift Management""], ""confidence"": ""high"", ""rep_rank"": 2, ""attempt"": 1, ""raw_output"": ""{\""community_id\"": 320, \""dominant_experience_level\"": \""mid\"", \""entry_accessibility\"": \""moderate_entry_barrier\"", \""community_label\"": \""Restaurant Management\"", \""defining_skills\"": [\""Restaurant Management\"", \""Team Leadership\"", \""Customer Service\""], \""defining_responsibility_signals\"": [\""Hiring and Training\"", \""Shift Management\""] , \""confidence\"": \""high\""}""}, {""community_id"": 320, ""dominant_experience_level"": ""mid"", ""entry_accessibility"": ""moderate_entry_barrier"", ""community_label"": ""Restaurant Management"", ""defining_skills"": [""Restaurant Management"", ""Team Leadership"", ""Food Preparation""], ""defining_responsibility_signals"": [""Hiring and Training"", ""Shift Management""], ""confidence"": ""high"", ""rep_rank"": 3, ""attempt"": 1, ""raw_output"": ""{\""community_id\"": 320, \""dominant_experience_level\"": \""mid\"", \""entry_accessibility\"": \""moderate_entry_barrier\"", \""community_label\"": \""Restaurant Management\"", \""defining_skills\"": [\""Restaurant Management\"", \""Team Leadership\"", \""Food Preparation\""], \""defining_responsibility_signals\"": [\""Hiring and Training\"", \""Shift Management\""] , \""confidence\"": \""high\""}""}]",13
321,37,junior,moderate_entry_barrier,Customer Service,"['Customer Service', 'Sales', 'Assistant']","['Leadership', 'General Management']",high,1.0,1.0,1.0,1.0,3,"customer, service, manager, site, car, wash, shop, assistant, lead, general, sales, advisor","[{""community_id"": 321, ""dominant_experience_level"": ""junior"", ""entry_accessibility"": ""moderate_entry_barrier"", ""community_label"": ""Customer Service"", ""defining_skills"": [""Customer Service"", ""Sales"", ""Assistant""], ""defining_responsibility_signals"": [""Leadership"", ""General Management""], ""confidence"": ""high"", ""rep_rank"": 1, ""attempt"": 1, ""raw_output"": ""{\""community_id\"": 321, \""dominant_experience_level\"": \""junior\"", \""entry_accessibility\"": \""moderate_entry_barrier\"", \""community_label\"": \""Customer Service\"", \""defining_skills\"": [\""Customer Service\"", \""Sales\"", \""Assistant\""], \""defining_responsibility_signals\"": [\""Leadership\"", \""General Management\""] , \""confidence\"": \""high\""}""}, {""community_id"": 321, ""dominant_experience_level"": ""junior"", ""entry_accessibility"": ""moderate_entry_barrier"", ""community_label"": ""Customer Service"", ""defining_skills"": [""customer service"", ""sales"", ""assistant""], ""defining_responsibility_signals"": [""leadership"", ""general management""], ""confidence"": ""high"", ""rep_rank"": 2, ""attempt"": 1, ""raw_output"": ""{\""community_id\"": 321, \""dominant_experience_level\"": \""junior\"", \""entry_accessibility\"": \""moderate_entry_barrier\"", \""community_label\"": \""Customer Service\"", \""defining_skills\"": [\""customer service\"", \""sales\"", \""assistant\""], \""defining_responsibility_signals\"": [\""leadership\"", \""general management\""] , \""confidence\"": \""high\""}""}, {""community_id"": 321, ""dominant_experience_level"": ""junior"", ""entry_accessibility"": ""moderate_entry_barrier"", ""community_label"": ""Customer Service"", ""defining_skills"": [""Customer Service"", ""Sales"", ""Assistant""], ""defining_responsibility_signals"": [""Leadership"", ""General Management""], ""confidence"": ""high"", ""rep_rank"": 3, ""attempt"": 1, ""raw_output"": ""{\""community_id\"": 321, \""dominant_experience_level\"": \""junior\"", \""entry_accessibility\"": \""moderate_entry_barrier\"", \""community_label\"": \""Customer Service\"", \""defining_skills\"": [\""Customer Service\"", \""Sales\"", \""Assistant\""], \""defining_responsibility_signals\"": [\""Leadership\"", \""General Management\""] , \""confidence\"": \""high\""}""}]",13
322,37,junior,moderate_entry_barrier,Early Education Teacher,"['Kindergarten', 'English as a Second Language (ESL)', 'Grade 4']","['Teaching', 'Resource Development']",high,1.0,1.0,0.667,0.889,3,"2024, teacher, 2025, grade, kindergarten, general, resource, learning, english, academy, social, french","[{""community_id"": 322, ""dominant_experience_level"": ""junior"", ""entry_accessibility"": ""moderate_entry_barrier"", ""community_label"": ""Early Education Teacher"", ""defining_skills"": [""Kindergarten"", ""Grade 4"", ""English as a Second Language (ESL)""], ""defining_responsibility_signals"": [""Teaching"", ""Resource Development""], ""confidence"": ""high"", ""rep_rank"": 1, ""attempt"": 1, ""raw_output"": ""{\""community_id\"": 322, \""dominant_experience_level\"": \""junior\"", \""entry_accessibility\"": \""moderate_entry_barrier\"", \""community_label\"": \""Early Education Teacher\"", \""defining_skills\"": [\""Kindergarten\"", \""Grade 4\"", \""English as a Second Language (ESL)\""], \""defining_responsibility_signals\"": [\""Teaching\"", \""Resource Development\""] , \""confidence\"": \""high\""}""}, {""community_id"": 322, ""dominant_experience_level"": ""junior"", ""entry_accessibility"": ""moderate_entry_barrier"", ""community_label"": ""Early Education Teacher"", ""defining_skills"": [""Kindergarten"", ""Grade 5"", ""English as a Second Language (ESL)""], ""defining_responsibility_signals"": [""Teaching"", ""Resource Development""], ""confidence"": ""high"", ""rep_rank"": 2, ""attempt"": 1, ""raw_output"": ""{\""community_id\"": 322, \""dominant_experience_level\"": \""junior\"", \""entry_accessibility\"": \""moderate_entry_barrier\"", \""community_label\"": \""Early Education Teacher\"", \""defining_skills\"": [\""Kindergarten\"", \""Grade 5\"", \""English as a Second Language (ESL)\""], \""defining_responsibility_signals\"": [\""Teaching\"", \""Resource Development\""] , \""confidence\"": \""high\""}""}, {""community_id"": 322, ""dominant_experience_level"": ""junior"", ""entry_accessibility"": ""moderate_entry_barrier"", ""community_label"": ""Early Childhood Education"", ""defining_skills"": [""Kindergarten"", ""English"", ""French""], ""defining_responsibility_signals"": [""Teaching"", ""Resource creation""], ""confidence"": ""high"", ""rep_rank"": 3, ""attempt"": 1, ""raw_output"": ""{\""community_id\"": 322, \""dominant_experience_level\"": \""junior\"", \""entry_accessibility\"": \""moderate_entry_barrier\"", \""community_label\"": \""Early Childhood Education\"", \""defining_skills\"": [\""Kindergarten\"", \""English\"", \""French\""], \""defining_responsibility_signals\"": [\""Teaching\"", \""Resource creation\""] , \""confidence\"": \""high\""}""}]",13
323,37,mid,moderate_entry_barrier,Surveillance Investigator,"['investigation', 'surveillance', 'background checks']","['experience required', 'certification needed']",high,1.0,1.0,1.0,1.0,3,"investigator, surveillance, background, experienced, credentialed, experience, dhs, needed, nationwide, potential, not, required","[{""community_id"": 323, ""dominant_experience_level"": ""mid"", ""entry_accessibility"": ""moderate_entry_barrier"", ""community_label"": ""Surveillance Investigator"", ""defining_skills"": [""investigation"", ""surveillance"", ""background checks""], ""defining_responsibility_signals"": [""experience required"", ""certification needed""], ""confidence"": ""high"", ""rep_rank"": 1, ""attempt"": 1, ""raw_output"": ""{\""community_id\"": 323, \""dominant_experience_level\"": \""mid\"", \""entry_accessibility\"": \""moderate_entry_barrier\"", \""community_label\"": \""Surveillance Investigator\"", \""defining_skills\"": [\""investigation\"", \""surveillance\"", \""background checks\""], \""defining_responsibility_signals\"": [\""experience required\"", \""certification needed\""] , \""confidence\"": \""high\""}""}, {""community_id"": 323, ""dominant_experience_level"": ""mid"", ""entry_accessibility"": ""moderate_entry_barrier"", ""community_label"": ""Surveillance Investigator"", ""defining_skills"": [""investigation"", ""surveillance"", ""background checks""], ""defining_responsibility_signals"": [""experience required"", ""certification needed""], ""confidence"": ""high"", ""rep_rank"": 2, ""attempt"": 1, ""raw_output"": ""{\""community_id\"": 323, \""dominant_experience_level\"": \""mid\"", \""entry_accessibility\"": \""moderate_entry_barrier\"", \""community_label\"": \""Surveillance Investigator\"", \""defining_skills\"": [\""investigation\"", \""surveillance\"", \""background checks\""], \""defining_responsibility_signals\"": [\""experience required\"", \""certification needed\""] , \""confidence\"": \""high\""}""}, {""community_id"": 323, ""dominant_experience_level"": ""mid"", ""entry_accessibility"": ""moderate_entry_barrier"", ""community_label"": ""Surveillance Investigator"", ""defining_skills"": [""investigation"", ""surveillance"", ""background checks""], ""defining_responsibility_signals"": [""experience"", ""credentialed""], ""confidence"": ""high"", ""rep_rank"": 3, ""attempt"": 1, ""raw_output"": ""{\""community_id\"": 323, \""dominant_experience_level\"": \""mid\"", \""entry_accessibility\"": \""moderate_entry_barrier\"", \""community_label\"": \""Surveillance Investigator\"", \""defining_skills\"": [\""investigation\"", \""surveillance\"", \""background checks\""], \""defining_responsibility_signals\"": [\""experience\"", \""credentialed\""] , \""confidence\"": \""high\""}""}]",13
324,36,mid,moderate_entry_barrier,Medical Surgical Nurse,"['nursing', 'medical_surgery', 'patient_care']","['certification_required', 'leadership_not_required']",high,1.0,1.0,1.0,1.0,3,"nurse, med, surg, registered, state, nursing, assistant, stna, ltac, tested, icu, manager","[{""community_id"": 324, ""dominant_experience_level"": ""mid"", ""entry_accessibility"": ""moderate_entry_barrier"", ""community_label"": ""Medical Surgical Nurse"", ""defining_skills"": [""nursing"", ""medical_surgery"", ""patient_care""], ""defining_responsibility_signals"": [""certification_required"", ""leadership_not_required""], ""confidence"": ""high"", ""rep_rank"": 1, ""attempt"": 1, ""raw_output"": ""{\""community_id\"": 324, \""dominant_experience_level\"": \""mid\"", \""entry_accessibility\"": \""moderate_entry_barrier\"", \""community_label\"": \""Medical Surgical Nurse\"", \""defining_skills\"": [\""nursing\"", \""medical_surgery\"", \""patient_care\""], \""defining_responsibility_signals\"": [\""certification_required\"", \""leadership_not_required\""], \""confidence\"": \""high\""}""}, {""community_id"": 324, ""dominant_experience_level"": ""mid"", ""entry_accessibility"": ""moderate_entry_barrier"", ""community_label"": ""Medical Surgical Nurse"", ""defining_skills"": [""nursing"", ""medical_surgery"", ""patient_care""], ""defining_responsibility_signals"": [""certification_required"", ""leadership_not_required""], ""confidence"": ""high"", ""rep_rank"": 2, ""attempt"": 1, ""raw_output"": ""{\""community_id\"": 324, \""dominant_experience_level\"": \""mid\"", \""entry_accessibility\"": \""moderate_entry_barrier\"", \""community_label\"": \""Medical Surgical Nurse\"", \""defining_skills\"": [\""nursing\"", \""medical_surgery\"", \""patient_care\""], \""defining_responsibility_signals\"": [\""certification_required\"", \""leadership_not_required\""], \""confidence\"": \""high\""}""}, {""community_id"": 324, ""dominant_experience_level"": ""mid"", ""entry_accessibility"": ""moderate_entry_barrier"", ""community_label"": ""Medical Surgical Nurse"", ""defining_skills"": [""nursing"", ""medical_surgery"", ""patient_care""], ""defining_responsibility_signals"": [""certification_required"", ""leadership_not_required""], ""confidence"": ""high"", ""rep_rank"": 3, ""attempt"": 1, ""raw_output"": ""{\""community_id\"": 324, \""dominant_experience_level\"": \""mid\"", \""entry_accessibility\"": \""moderate_entry_barrier\"", \""community_label\"": \""Medical Surgical Nurse\"", \""defining_skills\"": [\""nursing\"", \""medical_surgery\"", \""patient_care\""], \""defining_responsibility_signals\"": [\""certification_required\"", \""leadership_not_required\""], \""confidence\"": \""high\""}""}]",13
