community_id,community_size,dominant_experience_level,entry_accessibility,community_label,defining_skills,defining_responsibility_signals,confidence,level_agreement,access_agreement,label_agreement,overall_agreement,calls_used,top_title_keywords,raw_call_outputs,batch_id
125,75,mid,moderate_entry_barrier,Environmental Health & Safety,"['safety', 'health', 'environmental']","['managerial oversight', 'regulatory compliance']",high,1.0,1.0,0.333,0.778,3,"safety, specialist, manager, health, environmental, security, compliance, coordinator, asset, protection, senior, intern","[{""community_id"": 125, ""dominant_experience_level"": ""mid"", ""entry_accessibility"": ""moderate_entry_barrier"", ""community_label"": ""Environmental Health & Safety"", ""defining_skills"": [""safety"", ""health"", ""environmental""], ""defining_responsibility_signals"": [""managerial oversight"", ""regulatory compliance""], ""confidence"": ""high"", ""rep_rank"": 1, ""attempt"": 1, ""raw_output"": ""{\""community_id\"": 125, \""dominant_experience_level\"": \""mid\"", \""entry_accessibility\"": \""moderate_entry_barrier\"", \""community_label\"": \""Environmental Health & Safety\"", \""defining_skills\"": [\""safety\"", \""health\"", \""environmental\""], \""defining_responsibility_signals\"": [\""managerial oversight\"", \""regulatory compliance\""] , \""confidence\"": \""high\""}""}, {""community_id"": 125, ""dominant_experience_level"": ""mid"", ""entry_accessibility"": ""moderate_entry_barrier"", ""community_label"": ""Health & Safety Specialist"", ""defining_skills"": [""safety"", ""health"", ""environmental""], ""defining_responsibility_signals"": [""manager"", ""coordinator""], ""confidence"": ""high"", ""rep_rank"": 2, ""attempt"": 1, ""raw_output"": ""{\""community_id\"": 125, \""dominant_experience_level\"": \""mid\"", \""entry_accessibility\"": \""moderate_entry_barrier\"", \""community_label\"": \""Health & Safety Specialist\"", \""defining_skills\"": [\""safety\"", \""health\"", \""environmental\""], \""defining_responsibility_signals\"": [\""manager\"", \""coordinator\""] , \""confidence\"": \""high\""}""}, {""community_id"": 125, ""dominant_experience_level"": ""mid"", ""entry_accessibility"": ""moderate_entry_barrier"", ""community_label"": ""Safety & Compliance"", ""defining_skills"": [""safety"", ""compliance"", ""health & safety management""], ""defining_responsibility_signals"": [""coordinate"", ""ensure compliance""], ""confidence"": ""high"", ""rep_rank"": 3, ""attempt"": 1, ""raw_output"": ""{\""community_id\"": 125, \""dominant_experience_level\"": \""mid\"", \""entry_accessibility\"": \""moderate_entry_barrier\"", \""community_label\"": \""Safety & Compliance\"", \""defining_skills\"": [\""safety\"", \""compliance\"", \""health & safety management\""], \""defining_responsibility_signals\"": [\""coordinate\"", \""ensure compliance\""] , \""confidence\"": \""high\""}""}]",6
126,75,junior,moderate_entry_barrier,Manufacturing Quality Engineering,"['quality', 'manufacturing', 'machine']","['leadership', 'certification']",high,1.0,1.0,0.333,0.778,3,"engineer, shift, quality, operator, manager, manufacturing, 2nd, specialist, machine, inspector, technician, 3rd","[{""community_id"": 126, ""dominant_experience_level"": ""junior"", ""entry_accessibility"": ""moderate_entry_barrier"", ""community_label"": ""Manufacturing Quality Engineering"", ""defining_skills"": [""quality"", ""manufacturing"", ""machine""], ""defining_responsibility_signals"": [""leadership"", ""certification""], ""confidence"": ""high"", ""rep_rank"": 1, ""attempt"": 1, ""raw_output"": ""{\""community_id\"": 126, \""dominant_experience_level\"": \""junior\"", \""entry_accessibility\"": \""moderate_entry_barrier\"", \""community_label\"": \""Manufacturing Quality Engineering\"", \""defining_skills\"": [\""quality\"", \""manufacturing\"", \""machine\""], \""defining_responsibility_signals\"": [\""leadership\"", \""certification\""] , \""confidence\"": \""high\""}""}, {""community_id"": 126, ""dominant_experience_level"": ""junior"", ""entry_accessibility"": ""moderate_entry_barrier"", ""community_label"": ""Manufacturing Quality"", ""defining_skills"": [""engineer"", ""quality"", ""operator""], ""defining_responsibility_signals"": [""shift"", ""machine""], ""confidence"": ""high"", ""rep_rank"": 2, ""attempt"": 1, ""raw_output"": ""{\""community_id\"": 126, \""dominant_experience_level\"": \""junior\"", \""entry_accessibility\"": \""moderate_entry_barrier\"", \""community_label\"": \""Manufacturing Quality\"", \""defining_skills\"": [\""engineer\"", \""quality\"", \""operator\""], \""defining_responsibility_signals\"": [\""shift\"", \""machine\""] , \""confidence\"": \""high\""}""}, {""community_id"": 126, ""dominant_experience_level"": ""junior"", ""entry_accessibility"": ""moderate_entry_barrier"", ""community_label"": ""Manufacturing Operations"", ""defining_skills"": [""production planning"", ""quality control"", ""machine operation""], ""defining_responsibility_signals"": [""leadership"", ""certification""], ""confidence"": ""high"", ""rep_rank"": 3, ""attempt"": 1, ""raw_output"": ""{\""community_id\"": 126, \""dominant_experience_level\"": \""junior\"", \""entry_accessibility\"": \""moderate_entry_barrier\"", \""community_label\"": \""Manufacturing Operations\"", \""defining_skills\"": [\""production planning\"", \""quality control\"", \""machine operation\""], \""defining_responsibility_signals\"": [\""leadership\"", \""certification\""] , \""confidence\"": \""high\""}""}]",6
127,74,mid,moderate_entry_barrier,Financial Analysts,"['financial analysis', 'data analysis', 'business planning']","['exposure to various aspects of finance', 'contribution to business growth']",high,1.0,1.0,0.667,0.889,3,"analyst, financial, senior, business, planning, analysis, finance, data, analytics, credit, professional, pricing","[{""community_id"": 127, ""dominant_experience_level"": ""mid"", ""entry_accessibility"": ""moderate_entry_barrier"", ""community_label"": ""Financial Analysts"", ""defining_skills"": [""financial analysis"", ""data analysis"", ""business planning""], ""defining_responsibility_signals"": [""exposure to various aspects of finance"", ""contribution to business growth""], ""confidence"": ""high"", ""rep_rank"": 1, ""attempt"": 1, ""raw_output"": ""{\""community_id\"": 127, \""dominant_experience_level\"": \""mid\"", \""entry_accessibility\"": \""moderate_entry_barrier\"", \""community_label\"": \""Financial Analysts\"", \""defining_skills\"": [\""financial analysis\"", \""data analysis\"", \""business planning\""], \""defining_responsibility_signals\"": [\""exposure to various aspects of finance\"", \""contribution to business growth\""] , \""confidence\"": \""high\""}""}, {""community_id"": 127, ""dominant_experience_level"": ""mid"", ""entry_accessibility"": ""moderate_entry_barrier"", ""community_label"": ""Senior Financial Analysts"", ""defining_skills"": [""financial analysis"", ""budgeting"", ""reporting""], ""defining_responsibility_signals"": [""forecasting"", ""monthly reporting""], ""confidence"": ""high"", ""rep_rank"": 2, ""attempt"": 1, ""raw_output"": ""{\""community_id\"": 127, \""dominant_experience_level\"": \""mid\"", \""entry_accessibility\"": \""moderate_entry_barrier\"", \""community_label\"": \""Senior Financial Analysts\"", \""defining_skills\"": [\""financial analysis\"", \""budgeting\"", \""reporting\""], \""defining_responsibility_signals\"": [\""forecasting\"", \""monthly reporting\""] , \""confidence\"": \""high\""}""}, {""community_id"": 127, ""dominant_experience_level"": ""mid"", ""entry_accessibility"": ""moderate_entry_barrier"", ""community_label"": ""Financial Analysts"", ""defining_skills"": [""financial analysis"", ""data analysis"", ""credit analysis""], ""defining_responsibility_signals"": [""purchase order management"", ""reconciliation""], ""confidence"": ""high"", ""rep_rank"": 3, ""attempt"": 1, ""raw_output"": ""{\""community_id\"": 127, \""dominant_experience_level\"": \""mid\"", \""entry_accessibility\"": \""moderate_entry_barrier\"", \""community_label\"": \""Financial Analysts\"", \""defining_skills\"": [\""financial analysis\"", \""data analysis\"", \""credit analysis\""], \""defining_responsibility_signals\"": [\""purchase order management\"", \""reconciliation\""] , \""confidence\"": \""high\""}""}]",6
128,74,junior,moderate_entry_barrier,Retail Sales,"['Sales', 'Customer Service', 'Retail Operations']","['Sales Targets', 'Customer Interaction']",high,1.0,1.0,1.0,1.0,3,"sunglass, hut, sales, manager, store, mall, assistant, gallatin, valley, freeport, village, station","[{""community_id"": 128, ""dominant_experience_level"": ""junior"", ""entry_accessibility"": ""moderate_entry_barrier"", ""community_label"": ""Retail Sales"", ""defining_skills"": [""Sales"", ""Customer Service"", ""Retail Operations""], ""defining_responsibility_signals"": [""Sales Targets"", ""Customer Interaction""], ""confidence"": ""high"", ""rep_rank"": 1, ""attempt"": 1, ""raw_output"": ""{\""community_id\"": 128, \""dominant_experience_level\"": \""junior\"", \""entry_accessibility\"": \""moderate_entry_barrier\"", \""community_label\"": \""Retail Sales\"", \""defining_skills\"": [\""Sales\"", \""Customer Service\"", \""Retail Operations\""], \""defining_responsibility_signals\"": [\""Sales Targets\"", \""Customer Interaction\""] , \""confidence\"": \""high\""}""}, {""community_id"": 128, ""dominant_experience_level"": ""junior"", ""entry_accessibility"": ""moderate_entry_barrier"", ""community_label"": ""Retail Sales"", ""defining_skills"": [""Sales"", ""Customer Service"", ""Retail Operations""], ""defining_responsibility_signals"": [""Sales Targets"", ""Customer Interaction""], ""confidence"": ""high"", ""rep_rank"": 2, ""attempt"": 1, ""raw_output"": ""{\""community_id\"": 128, \""dominant_experience_level\"": \""junior\"", \""entry_accessibility\"": \""moderate_entry_barrier\"", \""community_label\"": \""Retail Sales\"", \""defining_skills\"": [\""Sales\"", \""Customer Service\"", \""Retail Operations\""], \""defining_responsibility_signals\"": [\""Sales Targets\"", \""Customer Interaction\""] , \""confidence\"": \""high\""}""}, {""community_id"": 128, ""dominant_experience_level"": ""junior"", ""entry_accessibility"": ""moderate_entry_barrier"", ""community_label"": ""Retail Sales"", ""defining_skills"": [""Sales"", ""Customer Service"", ""Retail Operations""], ""defining_responsibility_signals"": [""Sales Management"", ""Team Leadership""], ""confidence"": ""high"", ""rep_rank"": 3, ""attempt"": 1, ""raw_output"": ""{\""community_id\"": 128, \""dominant_experience_level\"": \""junior\"", \""entry_accessibility\"": \""moderate_entry_barrier\"", \""community_label\"": \""Retail Sales\"", \""defining_skills\"": [\""Sales\"", \""Customer Service\"", \""Retail Operations\""], \""defining_responsibility_signals\"": [\""Sales Management\"", \""Team Leadership\""] , \""confidence\"": \""high\""}""}]",6
129,73,mid,moderate_entry_barrier,Banking Account Specialist,"['commercial_banking', 'client_relationship', 'account_management']","['certification', 'leadership']",high,1.0,1.0,0.667,0.889,3,"account, manager, specialist, client, commercial, banking, lines, personal, relationship, branch, consultant, assistant","[{""community_id"": 129, ""dominant_experience_level"": ""mid"", ""entry_accessibility"": ""moderate_entry_barrier"", ""community_label"": ""Banking Account Specialist"", ""defining_skills"": [""client_relationship"", ""commercial_banking"", ""account_management""], ""defining_responsibility_signals"": [""leadership_terms"", ""certification""], ""confidence"": ""high"", ""rep_rank"": 1, ""attempt"": 1, ""raw_output"": ""{\""community_id\"": 129, \""dominant_experience_level\"": \""mid\"", \""entry_accessibility\"": \""moderate_entry_barrier\"", \""community_label\"": \""Banking Account Specialist\"", \""defining_skills\"": [\""client_relationship\"", \""commercial_banking\"", \""account_management\""], \""defining_responsibility_signals\"": [\""leadership_terms\"", \""certification\""] , \""confidence\"": \""high\""}""}, {""community_id"": 129, ""dominant_experience_level"": ""mid"", ""entry_accessibility"": ""moderate_entry_barrier"", ""community_label"": ""Banking Account Specialist"", ""defining_skills"": [""client relationship"", ""commercial banking"", ""personal banking""], ""defining_responsibility_signals"": [""leadership"", ""certification""], ""confidence"": ""high"", ""rep_rank"": 2, ""attempt"": 1, ""raw_output"": ""{\""community_id\"": 129, \""dominant_experience_level\"": \""mid\"", \""entry_accessibility\"": \""moderate_entry_barrier\"", \""community_label\"": \""Banking Account Specialist\"", \""defining_skills\"": [\""client relationship\"", \""commercial banking\"", \""personal banking\""], \""defining_responsibility_signals\"": [\""leadership\"", \""certification\""] , \""confidence\"": \""high\""}""}, {""community_id"": 129, ""dominant_experience_level"": ""mid"", ""entry_accessibility"": ""moderate_entry_barrier"", ""community_label"": ""Banking Account Management"", ""defining_skills"": [""client_relationship_management"", ""commercial_banking"", ""personal_banking""], ""defining_responsibility_signals"": [""leadership"", ""certification""], ""confidence"": ""high"", ""rep_rank"": 3, ""attempt"": 1, ""raw_output"": ""{\""community_id\"": 129, \""dominant_experience_level\"": \""mid\"", \""entry_accessibility\"": \""moderate_entry_barrier\"", \""community_label\"": \""Banking Account Management\"", \""defining_skills\"": [\""client_relationship_management\"", \""commercial_banking\"", \""personal_banking\""], \""defining_responsibility_signals\"": [\""leadership\"", \""certification\""] , \""confidence\"": \""high\""}""}]",6
130,72,junior,moderate_entry_barrier,Manufacturing Admin,"['administrative', 'operational', 'logistical']","['comply with cgmp', 'provide support']",high,1.0,1.0,0.333,0.778,3,"technician, coordinator, operator, shift, production, facilities, quality, maintenance, manufacturing, support, 3rd, help","[{""community_id"": 130, ""dominant_experience_level"": ""junior"", ""entry_accessibility"": ""moderate_entry_barrier"", ""community_label"": ""Manufacturing Admin"", ""defining_skills"": [""administrative"", ""operational"", ""logistical""], ""defining_responsibility_signals"": [""comply with cgmp"", ""provide support""], ""confidence"": ""high"", ""rep_rank"": 1, ""attempt"": 1, ""raw_output"": ""{\""community_id\"": 130, \""dominant_experience_level\"": \""junior\"", \""entry_accessibility\"": \""moderate_entry_barrier\"", \""community_label\"": \""Manufacturing Admin\"", \""defining_skills\"": [\""administrative\"", \""operational\"", \""logistical\""], \""defining_responsibility_signals\"": [\""comply with cgmp\"", \""provide support\""] , \""confidence\"": \""high\""}""}, {""community_id"": 130, ""dominant_experience_level"": ""junior"", ""entry_accessibility"": ""moderate_entry_barrier"", ""community_label"": ""Manufacturing Operators"", ""defining_skills"": [""machine operation"", ""production support"", ""teamwork""], ""defining_responsibility_signals"": [""general production support"", ""manufacturing team support""], ""confidence"": ""high"", ""rep_rank"": 2, ""attempt"": 1, ""raw_output"": ""{\""community_id\"": 130, \""dominant_experience_level\"": \""junior\"", \""entry_accessibility\"": \""moderate_entry_barrier\"", \""community_label\"": \""Manufacturing Operators\"", \""defining_skills\"": [\""machine operation\"", \""production support\"", \""teamwork\""], \""defining_responsibility_signals\"": [\""general production support\"", \""manufacturing team support\""] , \""confidence\"": \""high\""}""}, {""community_id"": 130, ""dominant_experience_level"": ""junior"", ""entry_accessibility"": ""moderate_entry_barrier"", ""community_label"": ""Quality Assurance Documentation Coordinator"", ""defining_skills"": [""documentation"", ""process improvement"", ""database management""], ""defining_responsibility_signals"": [""develop and maintain processes"", ""ensure accuracy and accessibility of records""], ""confidence"": ""high"", ""rep_rank"": 3, ""attempt"": 1, ""raw_output"": ""{\""community_id\"": 130, \""dominant_experience_level\"": \""junior\"", \""entry_accessibility\"": \""moderate_entry_barrier\"", \""community_label\"": \""Quality Assurance Documentation Coordinator\"", \""defining_skills\"": [\""documentation\"", \""process improvement\"", \""database management\""], \""defining_responsibility_signals\"": [\""develop and maintain processes\"", \""ensure accuracy and accessibility of records\""] , \""confidence\"": \""high\""}""}]",6
131,72,junior,moderate_entry_barrier,Dialysis Technician,"['patient care', 'sterile processing', 'dialysis']","['provide patient care', 'operate dialysis equipment']",high,1.0,1.0,1.0,1.0,3,"care, technician, patient, tech, pct, emergency, surgery, radiology, medical, sterile, processing, services","[{""community_id"": 131, ""dominant_experience_level"": ""junior"", ""entry_accessibility"": ""moderate_entry_barrier"", ""community_label"": ""Dialysis Technician"", ""defining_skills"": [""patient care"", ""dialysis equipment operation"", ""sterile processing""], ""defining_responsibility_signals"": [""provide patient care"", ""operate dialysis equipment""], ""confidence"": ""high"", ""rep_rank"": 1, ""attempt"": 1, ""raw_output"": ""{\""community_id\"": 131, \""dominant_experience_level\"": \""junior\"", \""entry_accessibility\"": \""moderate_entry_barrier\"", \""community_label\"": \""Dialysis Technician\"", \""defining_skills\"": [\""patient care\"", \""dialysis equipment operation\"", \""sterile processing\""], \""defining_responsibility_signals\"": [\""provide patient care\"", \""operate dialysis equipment\""] , \""confidence\"": \""high\""}""}, {""community_id"": 131, ""dominant_experience_level"": ""junior"", ""entry_accessibility"": ""moderate_entry_barrier"", ""community_label"": ""Dialysis Technician"", ""defining_skills"": [""patient care"", ""dialysis"", ""sterile processing""], ""defining_responsibility_signals"": [""provide patient care"", ""operate dialysis equipment""], ""confidence"": ""high"", ""rep_rank"": 2, ""attempt"": 1, ""raw_output"": ""{\""community_id\"": 131, \""dominant_experience_level\"": \""junior\"", \""entry_accessibility\"": \""moderate_entry_barrier\"", \""community_label\"": \""Dialysis Technician\"", \""defining_skills\"": [\""patient care\"", \""dialysis\"", \""sterile processing\""], \""defining_responsibility_signals\"": [\""provide patient care\"", \""operate dialysis equipment\""] , \""confidence\"": \""high\""}""}, {""community_id"": 131, ""dominant_experience_level"": ""junior"", ""entry_accessibility"": ""moderate_entry_barrier"", ""community_label"": ""Dialysis Technician"", ""defining_skills"": [""patient care"", ""dialysis"", ""sterile processing""], ""defining_responsibility_signals"": [""leadership"", ""certification""], ""confidence"": ""high"", ""rep_rank"": 3, ""attempt"": 1, ""raw_output"": ""{\""community_id\"": 131, \""dominant_experience_level\"": \""junior\"", \""entry_accessibility\"": \""moderate_entry_barrier\"", \""community_label\"": \""Dialysis Technician\"", \""defining_skills\"": [\""patient care\"", \""dialysis\"", \""sterile processing\""], \""defining_responsibility_signals\"": [\""leadership\"", \""certification\""] , \""confidence\"": \""high\""}""}]",6
132,72,mid,moderate_entry_barrier,Senior Java Engineer,"['Java', 'Software Architecture', 'Application Development']","['Technical Leadership', 'Problem Solving']",high,0.667,1.0,0.333,0.667,3,"engineer, software, senior, java, developer, lead, stack, architect, application, development, manager, end","[{""community_id"": 132, ""dominant_experience_level"": ""mid"", ""entry_accessibility"": ""moderate_entry_barrier"", ""community_label"": ""Senior Java Engineer"", ""defining_skills"": [""Java"", ""Software Architecture"", ""Application Development""], ""defining_responsibility_signals"": [""Technical Leadership"", ""Problem Solving""], ""confidence"": ""high"", ""rep_rank"": 1, ""attempt"": 1, ""raw_output"": ""{\""community_id\"": 132, \""dominant_experience_level\"": \""mid\"", \""entry_accessibility\"": \""moderate_entry_barrier\"", \""community_label\"": \""Senior Java Engineer\"", \""defining_skills\"": [\""Java\"", \""Software Architecture\"", \""Application Development\""], \""defining_responsibility_signals\"": [\""Technical Leadership\"", \""Problem Solving\""] , \""confidence\"": \""high\""}""}, {""community_id"": 132, ""dominant_experience_level"": ""senior"", ""entry_accessibility"": ""moderate_entry_barrier"", ""community_label"": ""Senior Backend Software Engineers"", ""defining_skills"": [""java"", ""go"", ""leadership""], ""defining_responsibility_signals"": [""build"", ""pioneer""], ""confidence"": ""high"", ""rep_rank"": 2, ""attempt"": 1, ""raw_output"": ""{\""community_id\"": 132, \""dominant_experience_level\"": \""senior\"", \""entry_accessibility\"": \""moderate_entry_barrier\"", \""community_label\"": \""Senior Backend Software Engineers\"", \""defining_skills\"": [\""java\"", \""go\"", \""leadership\""], \""defining_responsibility_signals\"": [\""build\"", \""pioneer\""] , \""confidence\"": \""high\""}""}, {""community_id"": 132, ""dominant_experience_level"": ""mid"", ""entry_accessibility"": ""moderate_entry_barrier"", ""community_label"": ""Senior Java Software Engineer"", ""defining_skills"": [""Java"", ""Software Architecture"", ""Application Development""], ""defining_responsibility_signals"": [""Technical Leadership"", ""Complex Project Management""], ""confidence"": ""high"", ""rep_rank"": 3, ""attempt"": 1, ""raw_output"": ""{\""community_id\"": 132, \""dominant_experience_level\"": \""mid\"", \""entry_accessibility\"": \""moderate_entry_barrier\"", \""community_label\"": \""Senior Java Software Engineer\"", \""defining_skills\"": [\""Java\"", \""Software Architecture\"", \""Application Development\""], \""defining_responsibility_signals\"": [\""Technical Leadership\"", \""Complex Project Management\""] , \""confidence\"": \""high\""}""}]",6
133,72,mid,moderate_entry_barrier,Software Quality Assurance,"['automation', 'testing', 'software']","['end-to-end testing', 'functional requirements']",high,1.0,1.0,0.667,0.889,3,"engineer, quality, assurance, software, senior, automation, tester, analyst, developer, test, lead, manual","[{""community_id"": 133, ""dominant_experience_level"": ""mid"", ""entry_accessibility"": ""moderate_entry_barrier"", ""community_label"": ""QA Automation Engineer"", ""defining_skills"": [""automation"", ""testing"", ""software""], ""defining_responsibility_signals"": [""end-to-end testing"", ""functional requirements""], ""confidence"": ""high"", ""rep_rank"": 1, ""attempt"": 1, ""raw_output"": ""{\""community_id\"": 133, \""dominant_experience_level\"": \""mid\"", \""entry_accessibility\"": \""moderate_entry_barrier\"", \""community_label\"": \""QA Automation Engineer\"", \""defining_skills\"": [\""automation\"", \""testing\"", \""software\""], \""defining_responsibility_signals\"": [\""end-to-end testing\"", \""functional requirements\""] , \""confidence\"": \""high\""}""}, {""community_id"": 133, ""dominant_experience_level"": ""mid"", ""entry_accessibility"": ""moderate_entry_barrier"", ""community_label"": ""Software Quality Assurance"", ""defining_skills"": [""automation"", ""testing"", ""frameworks""], ""defining_responsibility_signals"": [""create"", ""improve""], ""confidence"": ""high"", ""rep_rank"": 2, ""attempt"": 1, ""raw_output"": ""{\""community_id\"": 133, \""dominant_experience_level\"": \""mid\"", \""entry_accessibility\"": \""moderate_entry_barrier\"", \""community_label\"": \""Software Quality Assurance\"", \""defining_skills\"": [\""automation\"", \""testing\"", \""frameworks\""], \""defining_responsibility_signals\"": [\""create\"", \""improve\""] , \""confidence\"": \""high\""}""}, {""community_id"": 133, ""dominant_experience_level"": ""mid"", ""entry_accessibility"": ""moderate_entry_barrier"", ""community_label"": ""Software Quality Assurance"", ""defining_skills"": [""automation"", ""manual testing"", ""software development""], ""defining_responsibility_signals"": [""leadership"", ""bachelor's degree""], ""confidence"": ""high"", ""rep_rank"": 3, ""attempt"": 1, ""raw_output"": ""{\""community_id\"": 133, \""dominant_experience_level\"": \""mid\"", \""entry_accessibility\"": \""moderate_entry_barrier\"", \""community_label\"": \""Software Quality Assurance\"", \""defining_skills\"": [\""automation\"", \""manual testing\"", \""software development\""], \""defining_responsibility_signals\"": [\""leadership\"", \""bachelor's degree\""] , \""confidence\"": \""high\""}""}]",6
134,72,junior,moderate_entry_barrier,Patient Access,"['patient registration', 'data entry', 'insurance processing']","['busy environment', 'weekend work']",high,1.0,1.0,0.333,0.778,3,"assistant, medical, patient, access, representative, specialist, office, coordinator, dental, administrative, hygiene, services","[{""community_id"": 134, ""dominant_experience_level"": ""junior"", ""entry_accessibility"": ""moderate_entry_barrier"", ""community_label"": ""Patient Access"", ""defining_skills"": [""patient registration"", ""data entry"", ""insurance processing""], ""defining_responsibility_signals"": [""busy environment"", ""weekend work""], ""confidence"": ""high"", ""rep_rank"": 1, ""attempt"": 1, ""raw_output"": ""{\""community_id\"": 134, \""dominant_experience_level\"": \""junior\"", \""entry_accessibility\"": \""moderate_entry_barrier\"", \""community_label\"": \""Patient Access\"", \""defining_skills\"": [\""patient registration\"", \""data entry\"", \""insurance processing\""], \""defining_responsibility_signals\"": [\""busy environment\"", \""weekend work\""] , \""confidence\"": \""high\""}""}, {""community_id"": 134, ""dominant_experience_level"": ""junior"", ""entry_accessibility"": ""moderate_entry_barrier"", ""community_label"": ""Patient Access Service Representative"", ""defining_skills"": [""patient interaction"", ""administrative tasks"", ""access services""], ""defining_responsibility_signals"": [""initial contact"", ""patient access admitting services""], ""confidence"": ""high"", ""rep_rank"": 2, ""attempt"": 1, ""raw_output"": ""{\""community_id\"": 134, \""dominant_experience_level\"": \""junior\"", \""entry_accessibility\"": \""moderate_entry_barrier\"", \""community_label\"": \""Patient Access Service Representative\"", \""defining_skills\"": [\""patient interaction\"", \""administrative tasks\"", \""access services\""], \""defining_responsibility_signals\"": [\""initial contact\"", \""patient access admitting services\""] , \""confidence\"": \""high\""}""}, {""community_id"": 134, ""dominant_experience_level"": ""junior"", ""entry_accessibility"": ""moderate_entry_barrier"", ""community_label"": ""Medical Administrative Support"", ""defining_skills"": [""patient_access"", ""record_management"", ""administrative_services""], ""defining_responsibility_signals"": [""fulfill_record_requests"", ""ensure_appropriate_managment""], ""confidence"": ""high"", ""rep_rank"": 3, ""attempt"": 1, ""raw_output"": ""{\""community_id\"": 134, \""dominant_experience_level\"": \""junior\"", \""entry_accessibility\"": \""moderate_entry_barrier\"", \""community_label\"": \""Medical Administrative Support\"", \""defining_skills\"": [\""patient_access\"", \""record_management\"", \""administrative_services\""], \""defining_responsibility_signals\"": [\""fulfill_record_requests\"", \""ensure_appropriate_managment\""] , \""confidence\"": \""high\""}""}]",6
135,72,junior,moderate_entry_barrier,Manufacturing Assembly,"['mechanical assembly', 'mechanical', 'assembly']","['assembles building materials', 'processes materials']",high,1.0,1.0,0.667,0.889,3,"assembler, shift, mechanical, welder, 1st, engineer, 2nd, 3rd, mechanic, senior, heavy, general","[{""community_id"": 135, ""dominant_experience_level"": ""junior"", ""entry_accessibility"": ""moderate_entry_barrier"", ""community_label"": ""Manufacturing Assembly"", ""defining_skills"": [""mechanical"", ""assembly"", ""manufacturing""], ""defining_responsibility_signals"": [""assembles building materials"", ""processes materials""], ""confidence"": ""high"", ""rep_rank"": 1, ""attempt"": 1, ""raw_output"": ""{\""community_id\"": 135, \""dominant_experience_level\"": \""junior\"", \""entry_accessibility\"": \""moderate_entry_barrier\"", \""community_label\"": \""Manufacturing Assembly\"", \""defining_skills\"": [\""mechanical\"", \""assembly\"", \""manufacturing\""], \""defining_responsibility_signals\"": [\""assembles building materials\"", \""processes materials\""] , \""confidence\"": \""high\""}""}, {""community_id"": 135, ""dominant_experience_level"": ""junior"", ""entry_accessibility"": ""moderate_entry_barrier"", ""community_label"": ""Gas Turbine Assemblers"", ""defining_skills"": [""mechanical assembly"", ""piping systems"", ""gas turbine components""], ""defining_responsibility_signals"": [""erect"", ""adjust fit components""], ""confidence"": ""high"", ""rep_rank"": 2, ""attempt"": 1, ""raw_output"": ""{\""community_id\"": 135, \""dominant_experience_level\"": \""junior\"", \""entry_accessibility\"": \""moderate_entry_barrier\"", \""community_label\"": \""Gas Turbine Assemblers\"", \""defining_skills\"": [\""mechanical assembly\"", \""piping systems\"", \""gas turbine components\""], \""defining_responsibility_signals\"": [\""erect\"", \""adjust fit components\""] , \""confidence\"": \""high\""}""}, {""community_id"": 135, ""dominant_experience_level"": ""junior"", ""entry_accessibility"": ""moderate_entry_barrier"", ""community_label"": ""Manufacturing Assembly"", ""defining_skills"": [""mechanical assembly"", ""shift work"", ""welding""], ""defining_responsibility_signals"": [""onsite work"", ""OT and weekend availability""], ""confidence"": ""high"", ""rep_rank"": 3, ""attempt"": 1, ""raw_output"": ""{\""community_id\"": 135, \""dominant_experience_level\"": \""junior\"", \""entry_accessibility\"": \""moderate_entry_barrier\"", \""community_label\"": \""Manufacturing Assembly\"", \""defining_skills\"": [\""mechanical assembly\"", \""shift work\"", \""welding\""], \""defining_responsibility_signals\"": [\""onsite work\"", \""OT and weekend availability\""] , \""confidence\"": \""high\""}""}]",6
136,70,mid,moderate_entry_barrier,Entertainment & Media Management,"['product management', 'brand planning', 'content creation']","['leadership', 'strategic planning']",high,1.0,1.0,0.333,0.778,3,"manager, product, senior, director, engineer, producer, sales, data, assistant, xfinity, retail, video","[{""community_id"": 136, ""dominant_experience_level"": ""mid"", ""entry_accessibility"": ""moderate_entry_barrier"", ""community_label"": ""Entertainment & Media Management"", ""defining_skills"": [""brand planning"", ""content creation"", ""distribution strategy""], ""defining_responsibility_signals"": [""leadership"", ""strategic planning""], ""confidence"": ""high"", ""rep_rank"": 1, ""attempt"": 1, ""raw_output"": ""{\""community_id\"": 136, \""dominant_experience_level\"": \""mid\"", \""entry_accessibility\"": \""moderate_entry_barrier\"", \""community_label\"": \""Entertainment & Media Management\"", \""defining_skills\"": [\""brand planning\"", \""content creation\"", \""distribution strategy\""], \""defining_responsibility_signals\"": [\""leadership\"", \""strategic planning\""] , \""confidence\"": \""high\""}""}, {""community_id"": 136, ""dominant_experience_level"": ""mid"", ""entry_accessibility"": ""moderate_entry_barrier"", ""community_label"": ""Entertainment & Media Product Management"", ""defining_skills"": [""product management"", ""content distribution"", ""entertainment industry knowledge""], ""defining_responsibility_signals"": [""leadership"", ""strategic planning""], ""confidence"": ""high"", ""rep_rank"": 2, ""attempt"": 1, ""raw_output"": ""{\""community_id\"": 136, \""dominant_experience_level\"": \""mid\"", \""entry_accessibility\"": \""moderate_entry_barrier\"", \""community_label\"": \""Entertainment & Media Product Management\"", \""defining_skills\"": [\""product management\"", \""content distribution\"", \""entertainment industry knowledge\""], \""defining_responsibility_signals\"": [\""leadership\"", \""strategic planning\""] , \""confidence\"": \""high\""}""}, {""community_id"": 136, ""dominant_experience_level"": ""mid"", ""entry_accessibility"": ""moderate_entry_barrier"", ""community_label"": ""Media & Entertainment Management"", ""defining_skills"": [""product management"", ""sales"", ""data analysis""], ""defining_responsibility_signals"": [""audience development"", ""content creation""], ""confidence"": ""high"", ""rep_rank"": 3, ""attempt"": 1, ""raw_output"": ""{\""community_id\"": 136, \""dominant_experience_level\"": \""mid\"", \""entry_accessibility\"": \""moderate_entry_barrier\"", \""community_label\"": \""Media & Entertainment Management\"", \""defining_skills\"": [\""product management\"", \""sales\"", \""data analysis\""], \""defining_responsibility_signals\"": [\""audience development\"", \""content creation\""] , \""confidence\"": \""high\""}""}]",6
137,70,junior,moderate_entry_barrier,Auto Glass Technician,"['Glass repair', 'Installation', 'Technical skills']","['Trainee', 'Seasonal work']",high,1.0,1.0,1.0,1.0,3,"auto, glass, technician, trainee, installation, repair, specialist, seasonal, service, master, general, manager","[{""community_id"": 137, ""dominant_experience_level"": ""junior"", ""entry_accessibility"": ""moderate_entry_barrier"", ""community_label"": ""Auto Glass Technician"", ""defining_skills"": [""Glass repair"", ""Installation"", ""Technical skills""], ""defining_responsibility_signals"": [""Trainee"", ""Seasonal work""], ""confidence"": ""high"", ""rep_rank"": 1, ""attempt"": 1, ""raw_output"": ""{\""community_id\"": 137, \""dominant_experience_level\"": \""junior\"", \""entry_accessibility\"": \""moderate_entry_barrier\"", \""community_label\"": \""Auto Glass Technician\"", \""defining_skills\"": [\""Glass repair\"", \""Installation\"", \""Technical skills\""], \""defining_responsibility_signals\"": [\""Trainee\"", \""Seasonal work\""] , \""confidence\"": \""high\""}""}, {""community_id"": 137, ""dominant_experience_level"": ""junior"", ""entry_accessibility"": ""moderate_entry_barrier"", ""community_label"": ""Auto Glass Technician"", ""defining_skills"": [""Glass repair"", ""Installation"", ""Technical skills""], ""defining_responsibility_signals"": [""Trainee"", ""Seasonal work""], ""confidence"": ""high"", ""rep_rank"": 2, ""attempt"": 1, ""raw_output"": ""{\""community_id\"": 137, \""dominant_experience_level\"": \""junior\"", \""entry_accessibility\"": \""moderate_entry_barrier\"", \""community_label\"": \""Auto Glass Technician\"", \""defining_skills\"": [\""Glass repair\"", \""Installation\"", \""Technical skills\""], \""defining_responsibility_signals\"": [\""Trainee\"", \""Seasonal work\""] , \""confidence\"": \""high\""}""}, {""community_id"": 137, ""dominant_experience_level"": ""junior"", ""entry_accessibility"": ""moderate_entry_barrier"", ""community_label"": ""Auto Glass Technician"", ""defining_skills"": [""Glass repair"", ""Installation"", ""Technical skills""], ""defining_responsibility_signals"": [""Trainee"", ""Seasonal work""], ""confidence"": ""high"", ""rep_rank"": 3, ""attempt"": 1, ""raw_output"": ""{\""community_id\"": 137, \""dominant_experience_level\"": \""junior\"", \""entry_accessibility\"": \""moderate_entry_barrier\"", \""community_label\"": \""Auto Glass Technician\"", \""defining_skills\"": [\""Glass repair\"", \""Installation\"", \""Technical skills\""], \""defining_responsibility_signals\"": [\""Trainee\"", \""Seasonal work\""] , \""confidence\"": \""high\""}""}]",6
138,69,mid,moderate_entry_barrier,Healthcare Project Management,"['project management', 'team leadership', 'digital technologies']","['team collaboration', 'technology implementation']",high,1.0,1.0,1.0,1.0,3,"project, manager, program, senior, management, coordinator, implementation, director, digital, engineer, research, experienced","[{""community_id"": 138, ""dominant_experience_level"": ""mid"", ""entry_accessibility"": ""moderate_entry_barrier"", ""community_label"": ""Healthcare Project Management"", ""defining_skills"": [""project management"", ""team leadership"", ""digital technologies""], ""defining_responsibility_signals"": [""team collaboration"", ""technology implementation""], ""confidence"": ""high"", ""rep_rank"": 1, ""attempt"": 1, ""raw_output"": ""{\""community_id\"": 138, \""dominant_experience_level\"": \""mid\"", \""entry_accessibility\"": \""moderate_entry_barrier\"", \""community_label\"": \""Healthcare Project Management\"", \""defining_skills\"": [\""project management\"", \""team leadership\"", \""digital technologies\""], \""defining_responsibility_signals\"": [\""team collaboration\"", \""technology implementation\""] , \""confidence\"": \""high\""}""}, {""community_id"": 138, ""dominant_experience_level"": ""mid"", ""entry_accessibility"": ""moderate_entry_barrier"", ""community_label"": ""Healthcare Project Management"", ""defining_skills"": [""project management"", ""team leadership"", ""digital technologies""], ""defining_responsibility_signals"": [""team collaboration"", ""technology implementation""], ""confidence"": ""high"", ""rep_rank"": 2, ""attempt"": 1, ""raw_output"": ""{\""community_id\"": 138, \""dominant_experience_level\"": \""mid\"", \""entry_accessibility\"": \""moderate_entry_barrier\"", \""community_label\"": \""Healthcare Project Management\"", \""defining_skills\"": [\""project management\"", \""team leadership\"", \""digital technologies\""], \""defining_responsibility_signals\"": [\""team collaboration\"", \""technology implementation\""] , \""confidence\"": \""high\""}""}, {""community_id"": 138, ""dominant_experience_level"": ""mid"", ""entry_accessibility"": ""moderate_entry_barrier"", ""community_label"": ""Healthcare Project Management"", ""defining_skills"": [""project management"", ""team leadership"", ""digital health""], ""defining_responsibility_signals"": [""implement projects"", ""lead teams""], ""confidence"": ""high"", ""rep_rank"": 3, ""attempt"": 1, ""raw_output"": ""{\""community_id\"": 138, \""dominant_experience_level\"": \""mid\"", \""entry_accessibility\"": \""moderate_entry_barrier\"", \""community_label\"": \""Healthcare Project Management\"", \""defining_skills\"": [\""project management\"", \""team leadership\"", \""digital health\""], \""defining_responsibility_signals\"": [\""implement projects\"", \""lead teams\""] , \""confidence\"": \""high\""}""}]",6
139,68,mid,moderate_entry_barrier,Manufacturing Production Management,"['maintenance', 'technical', 'mechanical']","['leadership', 'supervisor']",high,1.0,1.0,0.333,0.778,3,"maintenance, technician, supervisor, manager, mechanic, shift, manufacturing, production, service, technical, mechanical, director","[{""community_id"": 139, ""dominant_experience_level"": ""mid"", ""entry_accessibility"": ""moderate_entry_barrier"", ""community_label"": ""Manufacturing Production Management"", ""defining_skills"": [""maintenance"", ""technical"", ""mechanical""], ""defining_responsibility_signals"": [""supervisor"", ""manager""], ""confidence"": ""high"", ""rep_rank"": 1, ""attempt"": 1, ""raw_output"": ""{\""community_id\"": 139, \""dominant_experience_level\"": \""mid\"", \""entry_accessibility\"": \""moderate_entry_barrier\"", \""community_label\"": \""Manufacturing Production Management\"", \""defining_skills\"": [\""maintenance\"", \""technical\"", \""mechanical\""], \""defining_responsibility_signals\"": [\""supervisor\"", \""manager\""] , \""confidence\"": \""high\""}""}, {""community_id"": 139, ""dominant_experience_level"": ""mid"", ""entry_accessibility"": ""moderate_entry_barrier"", ""community_label"": ""Manufacturing Maintenance Supervisor"", ""defining_skills"": [""maintenance"", ""technical"", ""mechanical""], ""defining_responsibility_signals"": [""leadership"", ""team_management""], ""confidence"": ""high"", ""rep_rank"": 2, ""attempt"": 1, ""raw_output"": ""{\""community_id\"": 139, \""dominant_experience_level\"": \""mid\"", \""entry_accessibility\"": \""moderate_entry_barrier\"", \""community_label\"": \""Manufacturing Maintenance Supervisor\"", \""defining_skills\"": [\""maintenance\"", \""technical\"", \""mechanical\""], \""defining_responsibility_signals\"": [\""leadership\"", \""team_management\""] , \""confidence\"": \""high\""}""}, {""community_id"": 139, ""dominant_experience_level"": ""mid"", ""entry_accessibility"": ""moderate_entry_barrier"", ""community_label"": ""Maintenance & Production Management"", ""defining_skills"": [""maintenance"", ""technical"", ""mechanical""], ""defining_responsibility_signals"": [""leadership"", ""capital_projects""], ""confidence"": ""high"", ""rep_rank"": 3, ""attempt"": 1, ""raw_output"": ""{\""community_id\"": 139, \""dominant_experience_level\"": \""mid\"", \""entry_accessibility\"": \""moderate_entry_barrier\"", \""community_label\"": \""Maintenance & Production Management\"", \""defining_skills\"": [\""maintenance\"", \""technical\"", \""mechanical\""], \""defining_responsibility_signals\"": [\""leadership\"", \""capital_projects\""] , \""confidence\"": \""high\""}""}]",6
140,68,mid,moderate_entry_barrier,Dialysis Nurse,"['nursing', 'dialysis', 'patient_care']","['care_for_patients_with_kidney_disease', 'work_in_outpatient_center']",high,1.0,1.0,1.0,1.0,3,"nurse, registered, licensed, practical, acute, vocational, dialysis, float, travel, per, week, nonexempt","[{""community_id"": 140, ""dominant_experience_level"": ""mid"", ""entry_accessibility"": ""moderate_entry_barrier"", ""community_label"": ""Dialysis Nurse"", ""defining_skills"": [""nursing"", ""dialysis"", ""patient_care""], ""defining_responsibility_signals"": [""care_for_patients_with_kidney_disease"", ""work_in_outpatient_center""], ""confidence"": ""high"", ""rep_rank"": 1, ""attempt"": 1, ""raw_output"": ""{\""community_id\"": 140, \""dominant_experience_level\"": \""mid\"", \""entry_accessibility\"": \""moderate_entry_barrier\"", \""community_label\"": \""Dialysis Nurse\"", \""defining_skills\"": [\""nursing\"", \""dialysis\"", \""patient_care\""], \""defining_responsibility_signals\"": [\""care_for_patients_with_kidney_disease\"", \""work_in_outpatient_center\""] , \""confidence\"": \""high\""}""}, {""community_id"": 140, ""dominant_experience_level"": ""mid"", ""entry_accessibility"": ""moderate_entry_barrier"", ""community_label"": ""Dialysis Nurse"", ""defining_skills"": [""nursing"", ""dialysis"", ""patient_care""], ""defining_responsibility_signals"": [""care_for_patients_with_kidney_disease"", ""work_in_outpatient_setting""], ""confidence"": ""high"", ""rep_rank"": 2, ""attempt"": 1, ""raw_output"": ""{\""community_id\"": 140, \""dominant_experience_level\"": \""mid\"", \""entry_accessibility\"": \""moderate_entry_barrier\"", \""community_label\"": \""Dialysis Nurse\"", \""defining_skills\"": [\""nursing\"", \""dialysis\"", \""patient_care\""], \""defining_responsibility_signals\"": [\""care_for_patients_with_kidney_disease\"", \""work_in_outpatient_setting\""] , \""confidence\"": \""high\""}""}, {""community_id"": 140, ""dominant_experience_level"": ""mid"", ""entry_accessibility"": ""moderate_entry_barrier"", ""community_label"": ""Dialysis Nurse"", ""defining_skills"": [""nursing"", ""dialysis"", ""patient_care""], ""defining_responsibility_signals"": [""care_for_patients_with_kidney_disease"", ""work_in_outpatient_center""], ""confidence"": ""high"", ""rep_rank"": 3, ""attempt"": 1, ""raw_output"": ""{\""community_id\"": 140, \""dominant_experience_level\"": \""mid\"", \""entry_accessibility\"": \""moderate_entry_barrier\"", \""community_label\"": \""Dialysis Nurse\"", \""defining_skills\"": [\""nursing\"", \""dialysis\"", \""patient_care\""], \""defining_responsibility_signals\"": [\""care_for_patients_with_kidney_disease\"", \""work_in_outpatient_center\""] , \""confidence\"": \""high\""}""}]",6
141,68,junior,moderate_entry_barrier,Field Service Technician,"['renewables', 'operations', 'security']","['services', 'tech']",high,1.0,1.0,1.0,1.0,3,"field, service, technician, engineer, services, tech, specialist, renewables, iii, operations, senior, security","[{""community_id"": 141, ""dominant_experience_level"": ""junior"", ""entry_accessibility"": ""moderate_entry_barrier"", ""community_label"": ""Field Service Technician"", ""defining_skills"": [""renewables"", ""operations"", ""security""], ""defining_responsibility_signals"": [""services"", ""tech""], ""confidence"": ""high"", ""rep_rank"": 1, ""attempt"": 1, ""raw_output"": ""{\""community_id\"": 141, \""dominant_experience_level\"": \""junior\"", \""entry_accessibility\"": \""moderate_entry_barrier\"", \""community_label\"": \""Field Service Technician\"", \""defining_skills\"": [\""renewables\"", \""operations\"", \""security\""], \""defining_responsibility_signals\"": [\""services\"", \""tech\""] , \""confidence\"": \""high\""}""}, {""community_id"": 141, ""dominant_experience_level"": ""junior"", ""entry_accessibility"": ""moderate_entry_barrier"", ""community_label"": ""Field Service Technician"", ""defining_skills"": [""renewables"", ""operations"", ""security""], ""defining_responsibility_signals"": [""field service"", ""technician""], ""confidence"": ""high"", ""rep_rank"": 2, ""attempt"": 1, ""raw_output"": ""{\""community_id\"": 141, \""dominant_experience_level\"": \""junior\"", \""entry_accessibility\"": \""moderate_entry_barrier\"", \""community_label\"": \""Field Service Technician\"", \""defining_skills\"": [\""renewables\"", \""operations\"", \""security\""], \""defining_responsibility_signals\"": [\""field service\"", \""technician\""] , \""confidence\"": \""high\""}""}, {""community_id"": 141, ""dominant_experience_level"": ""junior"", ""entry_accessibility"": ""moderate_entry_barrier"", ""community_label"": ""Field Service Technician"", ""defining_skills"": [""renewables"", ""operations"", ""security""], ""defining_responsibility_signals"": [""services"", ""tech""], ""confidence"": ""high"", ""rep_rank"": 3, ""attempt"": 1, ""raw_output"": ""{\""community_id\"": 141, \""dominant_experience_level\"": \""junior\"", \""entry_accessibility\"": \""moderate_entry_barrier\"", \""community_label\"": \""Field Service Technician\"", \""defining_skills\"": [\""renewables\"", \""operations\"", \""security\""], \""defining_responsibility_signals\"": [\""services\"", \""tech\""] , \""confidence\"": \""high\""}""}]",6
142,68,mid,moderate_entry_barrier,Web Developers (.NET & Angular),"['C#', '.NET', 'Angular']","['design', 'develop and maintain web applications']",high,1.0,1.0,0.333,0.778,3,"developer, senior, net, engineer, software, dotnet, stack, lead, angular, junior, core, web","[{""community_id"": 142, ""dominant_experience_level"": ""mid"", ""entry_accessibility"": ""moderate_entry_barrier"", ""community_label"": ""Web Developers (.NET & Angular)"", ""defining_skills"": [""C#"", "".NET"", ""JavaScript Frameworks (Node.js, Angular/AngularJS)""], ""defining_responsibility_signals"": [""design"", ""develop and maintain web applications""], ""confidence"": ""high"", ""rep_rank"": 1, ""attempt"": 1, ""raw_output"": ""{\""community_id\"": 142, \""dominant_experience_level\"": \""mid\"", \""entry_accessibility\"": \""moderate_entry_barrier\"", \""community_label\"": \""Web Developers (.NET & Angular)\"", \""defining_skills\"": [\""C#\"", \"".NET\"", \""JavaScript Frameworks (Node.js, Angular/AngularJS)\""], \""defining_responsibility_signals\"": [\""design\"", \""develop and maintain web applications\""] , \""confidence\"": \""high\""}""}, {""community_id"": 142, ""dominant_experience_level"": ""mid"", ""entry_accessibility"": ""moderate_entry_barrier"", ""community_label"": ""Full Stack Angular .NET Developer"", ""defining_skills"": [""Angular"", "".NET"", ""C#""], ""defining_responsibility_signals"": [""leadership"", ""core product development""], ""confidence"": ""high"", ""rep_rank"": 2, ""attempt"": 1, ""raw_output"": ""{\""community_id\"": 142, \""dominant_experience_level\"": \""mid\"", \""entry_accessibility\"": \""moderate_entry_barrier\"", \""community_label\"": \""Full Stack Angular .NET Developer\"", \""defining_skills\"": [\""Angular\"", \"".NET\"", \""C#\""], \""defining_responsibility_signals\"": [\""leadership\"", \""core product development\""] , \""confidence\"": \""high\""}""}, {""community_id"": 142, ""dominant_experience_level"": ""mid"", ""entry_accessibility"": ""moderate_entry_barrier"", ""community_label"": ""DotNet Web Developers"", ""defining_skills"": [""DotNet"", ""Angular"", ""Classic ASP.Net""], ""defining_responsibility_signals"": [""cloud_experience"", ""web_development""], ""confidence"": ""high"", ""rep_rank"": 3, ""attempt"": 1, ""raw_output"": ""{\""community_id\"": 142, \""dominant_experience_level\"": \""mid\"", \""entry_accessibility\"": \""moderate_entry_barrier\"", \""community_label\"": \""DotNet Web Developers\"", \""defining_skills\"": [\""DotNet\"", \""Angular\"", \""Classic ASP.Net\""], \""defining_responsibility_signals\"": [\""cloud_experience\"", \""web_development\""] , \""confidence\"": \""high\""}""}]",6
143,68,mid,moderate_entry_barrier,Corporate Legal,"['paralegal', 'corporate', 'real_estate']","['litigation', 'senior_legal']",high,1.0,1.0,0.333,0.778,3,"paralegal, corporate, real, estate, litigation, senior, legal, house, manager, investment, director, defense","[{""community_id"": 143, ""dominant_experience_level"": ""mid"", ""entry_accessibility"": ""moderate_entry_barrier"", ""community_label"": ""Corporate Legal"", ""defining_skills"": [""paralegal"", ""corporate"", ""real_estate""], ""defining_responsibility_signals"": [""litigation"", ""senior_legal""], ""confidence"": ""high"", ""rep_rank"": 1, ""attempt"": 1, ""raw_output"": ""{\""community_id\"": 143, \""dominant_experience_level\"": \""mid\"", \""entry_accessibility\"": \""moderate_entry_barrier\"", \""community_label\"": \""Corporate Legal\"", \""defining_skills\"": [\""paralegal\"", \""corporate\"", \""real_estate\""], \""defining_responsibility_signals\"": [\""litigation\"", \""senior_legal\""] , \""confidence\"": \""high\""}""}, {""community_id"": 143, ""dominant_experience_level"": ""mid"", ""entry_accessibility"": ""moderate_entry_barrier"", ""community_label"": ""Real Estate Investment Legal"", ""defining_skills"": [""paralegal"", ""corporate law"", ""real estate investment""], ""defining_responsibility_signals"": [""cross-functional collaboration"", ""deal coordination and closing""], ""confidence"": ""high"", ""rep_rank"": 2, ""attempt"": 1, ""raw_output"": ""{\""community_id\"": 143, \""dominant_experience_level\"": \""mid\"", \""entry_accessibility\"": \""moderate_entry_barrier\"", \""community_label\"": \""Real Estate Investment Legal\"", \""defining_skills\"": [\""paralegal\"", \""corporate law\"", \""real estate investment\""], \""defining_responsibility_signals\"": [\""cross-functional collaboration\"", \""deal coordination and closing\""] , \""confidence\"": \""high\""}""}, {""community_id"": 143, ""dominant_experience_level"": ""mid"", ""entry_accessibility"": ""moderate_entry_barrier"", ""community_label"": ""Corporate Paralegal & Real Estate Litigation"", ""defining_skills"": [""paralegal"", ""corporate"", ""real estate litigation""], ""defining_responsibility_signals"": [""deliver top-quality solutions"", ""play a crucial role""], ""confidence"": ""high"", ""rep_rank"": 3, ""attempt"": 1, ""raw_output"": ""{\""community_id\"": 143, \""dominant_experience_level\"": \""mid\"", \""entry_accessibility\"": \""moderate_entry_barrier\"", \""community_label\"": \""Corporate Paralegal & Real Estate Litigation\"", \""defining_skills\"": [\""paralegal\"", \""corporate\"", \""real estate litigation\""], \""defining_responsibility_signals\"": [\""deliver top-quality solutions\"", \""play a crucial role\""] , \""confidence\"": \""high\""}""}]",6
144,67,mid,moderate_entry_barrier,Travel Medical Surgical RN,"['telemetry', 'home health care', 'coordination']","['leadership', 'certification']",high,1.0,1.0,0.333,0.778,3,"nurse, registered, travel, per, med, care, week, telemetry, surg, health, home, coordinator","[{""community_id"": 144, ""dominant_experience_level"": ""mid"", ""entry_accessibility"": ""moderate_entry_barrier"", ""community_label"": ""Travel Medical Surgical RN"", ""defining_skills"": [""telemetry"", ""home health care"", ""coordination""], ""defining_responsibility_signals"": [""leadership"", ""certification""], ""confidence"": ""high"", ""rep_rank"": 1, ""attempt"": 1, ""raw_output"": ""{\""community_id\"": 144, \""dominant_experience_level\"": \""mid\"", \""entry_accessibility\"": \""moderate_entry_barrier\"", \""community_label\"": \""Travel Medical Surgical RN\"", \""defining_skills\"": [\""telemetry\"", \""home health care\"", \""coordination\""], \""defining_responsibility_signals\"": [\""leadership\"", \""certification\""] , \""confidence\"": \""high\""}""}, {""community_id"": 144, ""dominant_experience_level"": ""mid"", ""entry_accessibility"": ""moderate_entry_barrier"", ""community_label"": ""Travel Nurse"", ""defining_skills"": [""Telemetry"", ""Surgical Care"", ""Home Health Care""], ""defining_responsibility_signals"": [""Deliver excellent patient care"", ""Support colleagues in their positions""], ""confidence"": ""high"", ""rep_rank"": 2, ""attempt"": 1, ""raw_output"": ""{\""community_id\"": 144, \""dominant_experience_level\"": \""mid\"", \""entry_accessibility\"": \""moderate_entry_barrier\"", \""community_label\"": \""Travel Nurse\"", \""defining_skills\"": [\""Telemetry\"", \""Surgical Care\"", \""Home Health Care\""], \""defining_responsibility_signals\"": [\""Deliver excellent patient care\"", \""Support colleagues in their positions\""] , \""confidence\"": \""high\""}""}, {""community_id"": 144, ""dominant_experience_level"": ""mid"", ""entry_accessibility"": ""moderate_entry_barrier"", ""community_label"": ""Med Surg Travel Nurse"", ""defining_skills"": [""med surg nursing"", ""telemetry"", ""home health care""], ""defining_responsibility_signals"": [""care coordination"", ""leadership""], ""confidence"": ""high"", ""rep_rank"": 3, ""attempt"": 1, ""raw_output"": ""{\""community_id\"": 144, \""dominant_experience_level\"": \""mid\"", \""entry_accessibility\"": \""moderate_entry_barrier\"", \""community_label\"": \""Med Surg Travel Nurse\"", \""defining_skills\"": [\""med surg nursing\"", \""telemetry\"", \""home health care\""], \""defining_responsibility_signals\"": [\""care coordination\"", \""leadership\""] , \""confidence\"": \""high\""}""}]",6
145,67,senior,moderate_entry_barrier,Tax & Accounting Management,"['tax compliance', 'tax', 'audit']","['leadership', 'certification']",high,1.0,1.0,0.667,0.889,3,"senior, accountant, tax, manager, audit, accounting, west, omaha, hemphill, exclusive, analyst, internal","[{""community_id"": 145, ""dominant_experience_level"": ""senior"", ""entry_accessibility"": ""moderate_entry_barrier"", ""community_label"": ""Tax & Accounting Management"", ""defining_skills"": [""tax"", ""audit"", ""accounting""], ""defining_responsibility_signals"": [""leadership"", ""certification""], ""confidence"": ""high"", ""rep_rank"": 1, ""attempt"": 1, ""raw_output"": ""{\""community_id\"": 145, \""dominant_experience_level\"": \""senior\"", \""entry_accessibility\"": \""moderate_entry_barrier\"", \""community_label\"": \""Tax & Accounting Management\"", \""defining_skills\"": [\""tax\"", \""audit\"", \""accounting\""], \""defining_responsibility_signals\"": [\""leadership\"", \""certification\""] , \""confidence\"": \""high\""}""}, {""community_id"": 145, ""dominant_experience_level"": ""senior"", ""entry_accessibility"": ""moderate_entry_barrier"", ""community_label"": ""Senior Tax Accountants"", ""defining_skills"": [""tax planning"", ""tax compliance"", ""tax return preparation""], ""defining_responsibility_signals"": [""leadership"", ""certification""], ""confidence"": ""high"", ""rep_rank"": 2, ""attempt"": 1, ""raw_output"": ""{\""community_id\"": 145, \""dominant_experience_level\"": \""senior\"", \""entry_accessibility\"": \""moderate_entry_barrier\"", \""community_label\"": \""Senior Tax Accountants\"", \""defining_skills\"": [\""tax planning\"", \""tax compliance\"", \""tax return preparation\""], \""defining_responsibility_signals\"": [\""leadership\"", \""certification\""] , \""confidence\"": \""high\""}""}, {""community_id"": 145, ""dominant_experience_level"": ""senior"", ""entry_accessibility"": ""moderate_entry_barrier"", ""community_label"": ""Tax & Accounting Management"", ""defining_skills"": [""tax compliance"", ""partnership"", ""s-corp""], ""defining_responsibility_signals"": [""leadership"", ""client management""], ""confidence"": ""high"", ""rep_rank"": 3, ""attempt"": 1, ""raw_output"": ""{\""community_id\"": 145, \""dominant_experience_level\"": \""senior\"", \""entry_accessibility\"": \""moderate_entry_barrier\"", \""community_label\"": \""Tax & Accounting Management\"", \""defining_skills\"": [\""tax compliance\"", \""partnership\"", \""s-corp\""], \""defining_responsibility_signals\"": [\""leadership\"", \""client management\""] , \""confidence\"": \""high\""}""}]",6
146,67,junior,moderate_entry_barrier,Medical Assistant,"['patient care', 'administrative tasks', 'clerical work']","['assist physicians', 'handle clerical tasks']",high,1.0,1.0,1.0,1.0,3,"assistant, medical, patient, care, activities, representative, specialist, service, registration, access, ambulatory, prn","[{""community_id"": 146, ""dominant_experience_level"": ""junior"", ""entry_accessibility"": ""moderate_entry_barrier"", ""community_label"": ""Medical Assistant"", ""defining_skills"": [""patient care"", ""administrative tasks"", ""clerical work""], ""defining_responsibility_signals"": [""assist physicians"", ""handle clerical tasks""], ""confidence"": ""high"", ""rep_rank"": 1, ""attempt"": 1, ""raw_output"": ""{\""community_id\"": 146, \""dominant_experience_level\"": \""junior\"", \""entry_accessibility\"": \""moderate_entry_barrier\"", \""community_label\"": \""Medical Assistant\"", \""defining_skills\"": [\""patient care\"", \""administrative tasks\"", \""clerical work\""], \""defining_responsibility_signals\"": [\""assist physicians\"", \""handle clerical tasks\""] , \""confidence\"": \""high\""}""}, {""community_id"": 146, ""dominant_experience_level"": ""junior"", ""entry_accessibility"": ""moderate_entry_barrier"", ""community_label"": ""Medical Assistant"", ""defining_skills"": [""patient care"", ""administrative tasks"", ""clinical support""], ""defining_responsibility_signals"": [""assist physicians"", ""handle clerical tasks""], ""confidence"": ""high"", ""rep_rank"": 2, ""attempt"": 1, ""raw_output"": ""{\""community_id\"": 146, \""dominant_experience_level\"": \""junior\"", \""entry_accessibility\"": \""moderate_entry_barrier\"", \""community_label\"": \""Medical Assistant\"", \""defining_skills\"": [\""patient care\"", \""administrative tasks\"", \""clinical support\""], \""defining_responsibility_signals\"": [\""assist physicians\"", \""handle clerical tasks\""] , \""confidence\"": \""high\""}""}, {""community_id"": 146, ""dominant_experience_level"": ""junior"", ""entry_accessibility"": ""moderate_entry_barrier"", ""community_label"": ""Medical Assistant"", ""defining_skills"": [""patient care"", ""administrative tasks"", ""clinical procedures""], ""defining_responsibility_signals"": [""vital sign measurement"", ""patient preparation""], ""confidence"": ""high"", ""rep_rank"": 3, ""attempt"": 1, ""raw_output"": ""{\""community_id\"": 146, \""dominant_experience_level\"": \""junior\"", \""entry_accessibility\"": \""moderate_entry_barrier\"", \""community_label\"": \""Medical Assistant\"", \""defining_skills\"": [\""patient care\"", \""administrative tasks\"", \""clinical procedures\""], \""defining_responsibility_signals\"": [\""vital sign measurement\"", \""patient preparation\""] , \""confidence\"": \""high\""}""}]",6
147,65,mid,moderate_entry_barrier,Enterprise Applications Analysts,"['systems', 'technology', 'information']","['maintain', 'create']",high,0.667,1.0,0.333,0.667,3,"analyst, business, senior, systems, technology, information, support, system, application, product, workday, principal","[{""community_id"": 147, ""dominant_experience_level"": ""senior"", ""entry_accessibility"": ""moderate_entry_barrier"", ""community_label"": ""Enterprise Applications Analysts"", ""defining_skills"": [""systems"", ""technology"", ""information""], ""defining_responsibility_signals"": [""maintain"", ""create""], ""confidence"": ""high"", ""rep_rank"": 1, ""attempt"": 1, ""raw_output"": ""{\""community_id\"": 147, \""dominant_experience_level\"": \""senior\"", \""entry_accessibility\"": \""moderate_entry_barrier\"", \""community_label\"": \""Enterprise Applications Analysts\"", \""defining_skills\"": [\""systems\"", \""technology\"", \""information\""], \""defining_responsibility_signals\"": [\""maintain\"", \""create\""] , \""confidence\"": \""high\""}""}, {""community_id"": 147, ""dominant_experience_level"": ""mid"", ""entry_accessibility"": ""moderate_entry_barrier"", ""community_label"": ""Application Analyst"", ""defining_skills"": [""systems"", ""technology"", ""information""], ""defining_responsibility_signals"": [""designs"", ""debugs""], ""confidence"": ""high"", ""rep_rank"": 2, ""attempt"": 1, ""raw_output"": ""{\""community_id\"": 147, \""dominant_experience_level\"": \""mid\"", \""entry_accessibility\"": \""moderate_entry_barrier\"", \""community_label\"": \""Application Analyst\"", \""defining_skills\"": [\""systems\"", \""technology\"", \""information\""], \""defining_responsibility_signals\"": [\""designs\"", \""debugs\""] , \""confidence\"": \""high\""}""}, {""community_id"": 147, ""dominant_experience_level"": ""mid"", ""entry_accessibility"": ""moderate_entry_barrier"", ""community_label"": ""Business Systems Analysts"", ""defining_skills"": [""systems analysis"", ""user interfacing"", ""business systems""], ""defining_responsibility_signals"": [""perform systems analysis"", ""interface with users""], ""confidence"": ""high"", ""rep_rank"": 3, ""attempt"": 1, ""raw_output"": ""{\""community_id\"": 147, \""dominant_experience_level\"": \""mid\"", \""entry_accessibility\"": \""moderate_entry_barrier\"", \""community_label\"": \""Business Systems Analysts\"", \""defining_skills\"": [\""systems analysis\"", \""user interfacing\"", \""business systems\""], \""defining_responsibility_signals\"": [\""perform systems analysis\"", \""interface with users\""] , \""confidence\"": \""high\""}""}]",6
148,64,mid,moderate_entry_barrier,Field Service,"['dispatch', 'operations', 'customer_service']","['coordinate', 'supervise']",high,1.0,1.0,0.333,0.778,3,"service, field, specialist, supervisor, manager, engineer, support, services, customer, operations, coordinator, analyst","[{""community_id"": 148, ""dominant_experience_level"": ""mid"", ""entry_accessibility"": ""moderate_entry_barrier"", ""community_label"": ""Field Service"", ""defining_skills"": [""dispatch"", ""operations"", ""customer_service""], ""defining_responsibility_signals"": [""coordinate"", ""supervise""], ""confidence"": ""high"", ""rep_rank"": 1, ""attempt"": 1, ""raw_output"": ""{\""community_id\"": 148, \""dominant_experience_level\"": \""mid\"", \""entry_accessibility\"": \""moderate_entry_barrier\"", \""community_label\"": \""Field Service\"", \""defining_skills\"": [\""dispatch\"", \""operations\"", \""customer_service\""], \""defining_responsibility_signals\"": [\""coordinate\"", \""supervise\""] , \""confidence\"": \""high\""}""}, {""community_id"": 148, ""dominant_experience_level"": ""mid"", ""entry_accessibility"": ""moderate_entry_barrier"", ""community_label"": ""Field Service Management"", ""defining_skills"": [""service delivery"", ""operations management"", ""customer support""], ""defining_responsibility_signals"": [""oversee field operations"", ""ensure efficient service delivery""], ""confidence"": ""high"", ""rep_rank"": 2, ""attempt"": 1, ""raw_output"": ""{\""community_id\"": 148, \""dominant_experience_level\"": \""mid\"", \""entry_accessibility\"": \""moderate_entry_barrier\"", \""community_label\"": \""Field Service Management\"", \""defining_skills\"": [\""service delivery\"", \""operations management\"", \""customer support\""], \""defining_responsibility_signals\"": [\""oversee field operations\"", \""ensure efficient service delivery\""] , \""confidence\"": \""high\""}""}, {""community_id"": 148, ""dominant_experience_level"": ""mid"", ""entry_accessibility"": ""moderate_entry_barrier"", ""community_label"": ""Field Services"", ""defining_skills"": [""service"", ""field"", ""engineer""], ""defining_responsibility_signals"": [""supervisor"", ""manager""], ""confidence"": ""high"", ""rep_rank"": 3, ""attempt"": 1, ""raw_output"": ""{\""community_id\"": 148, \""dominant_experience_level\"": \""mid\"", \""entry_accessibility\"": \""moderate_entry_barrier\"", \""community_label\"": \""Field Services\"", \""defining_skills\"": [\""service\"", \""field\"", \""engineer\""], \""defining_responsibility_signals\"": [\""supervisor\"", \""manager\""] , \""confidence\"": \""high\""}""}]",6
149,64,junior,moderate_entry_barrier,Perishable Representative,"['stocking', 'sanitation', 'customer service']","['working overnight', 'managing perishable goods']",high,1.0,1.0,0.333,0.778,3,"rep, overnight, service, sanitation, perishables, market, stocker, san, austin, antonio, total, store","[{""community_id"": 149, ""dominant_experience_level"": ""junior"", ""entry_accessibility"": ""moderate_entry_barrier"", ""community_label"": ""Perishable Representative"", ""defining_skills"": [""stocking"", ""sanitation"", ""customer service""], ""defining_responsibility_signals"": [""working overnight"", ""managing perishable goods""], ""confidence"": ""high"", ""rep_rank"": 1, ""attempt"": 1, ""raw_output"": ""{\""community_id\"": 149, \""dominant_experience_level\"": \""junior\"", \""entry_accessibility\"": \""moderate_entry_barrier\"", \""community_label\"": \""Perishable Representative\"", \""defining_skills\"": [\""stocking\"", \""sanitation\"", \""customer service\""], \""defining_responsibility_signals\"": [\""working overnight\"", \""managing perishable goods\""] , \""confidence\"": \""high\""}""}, {""community_id"": 149, ""dominant_experience_level"": ""junior"", ""entry_accessibility"": ""moderate_entry_barrier"", ""community_label"": ""Customer Service"", ""defining_skills"": [""customer_service"", ""retail"", ""part_time""], ""defining_responsibility_signals"": [""customer_welcome"", ""energetic_motivated""], ""confidence"": ""high"", ""rep_rank"": 2, ""attempt"": 1, ""raw_output"": ""{\""community_id\"": 149, \""dominant_experience_level\"": \""junior\"", \""entry_accessibility\"": \""moderate_entry_barrier\"", \""community_label\"": \""Customer Service\"", \""defining_skills\"": [\""customer_service\"", \""retail\"", \""part_time\""], \""defining_responsibility_signals\"": [\""customer_welcome\"", \""energetic_motivated\""] , \""confidence\"": \""high\""}""}, {""community_id"": 149, ""dominant_experience_level"": ""junior"", ""entry_accessibility"": ""moderate_entry_barrier"", ""community_label"": ""Perishable Goods Representative"", ""defining_skills"": [""Perishable goods handling"", ""Stock management"", ""Customer service""], ""defining_responsibility_signals"": [""Maintain product freshness"", ""Ensure adequate stock levels""], ""confidence"": ""high"", ""rep_rank"": 3, ""attempt"": 1, ""raw_output"": ""{\""community_id\"": 149, \""dominant_experience_level\"": \""junior\"", \""entry_accessibility\"": \""moderate_entry_barrier\"", \""community_label\"": \""Perishable Goods Representative\"", \""defining_skills\"": [\""Perishable goods handling\"", \""Stock management\"", \""Customer service\""], \""defining_responsibility_signals\"": [\""Maintain product freshness\"", \""Ensure adequate stock levels\""] , \""confidence\"": \""high\""}""}]",6
150,64,junior,moderate_entry_barrier,School Speech Language Pathologist,"['speech', 'language', 'pathologist']","['school', 'pediatric']",high,1.0,1.0,0.667,0.889,3,"speech, pathologist, language, school, slp, prn, home, assistant, therapist, pediatric, health, schools","[{""community_id"": 150, ""dominant_experience_level"": ""junior"", ""entry_accessibility"": ""moderate_entry_barrier"", ""community_label"": ""School Speech Language Pathologist"", ""defining_skills"": [""speech"", ""language"", ""pathologist""], ""defining_responsibility_signals"": [""school"", ""pediatric""], ""confidence"": ""high"", ""rep_rank"": 1, ""attempt"": 1, ""raw_output"": ""{\""community_id\"": 150, \""dominant_experience_level\"": \""junior\"", \""entry_accessibility\"": \""moderate_entry_barrier\"", \""community_label\"": \""School Speech Language Pathologist\"", \""defining_skills\"": [\""speech\"", \""language\"", \""pathologist\""], \""defining_responsibility_signals\"": [\""school\"", \""pediatric\""] , \""confidence\"": \""high\""}""}, {""community_id"": 150, ""dominant_experience_level"": ""junior"", ""entry_accessibility"": ""moderate_entry_barrier"", ""community_label"": ""School-Based Speech-Language Pathologist"", ""defining_skills"": [""speech"", ""language"", ""assessment""], ""defining_responsibility_signals"": [""implementation"", ""assessment""], ""confidence"": ""high"", ""rep_rank"": 2, ""attempt"": 1, ""raw_output"": ""{\""community_id\"": 150, \""dominant_experience_level\"": \""junior\"", \""entry_accessibility\"": \""moderate_entry_barrier\"", \""community_label\"": \""School-Based Speech-Language Pathologist\"", \""defining_skills\"": [\""speech\"", \""language\"", \""assessment\""], \""defining_responsibility_signals\"": [\""implementation\"", \""assessment\""] , \""confidence\"": \""high\""}""}, {""community_id"": 150, ""dominant_experience_level"": ""junior"", ""entry_accessibility"": ""moderate_entry_barrier"", ""community_label"": ""School Speech Language Pathologist"", ""defining_skills"": [""speech"", ""language"", ""pathologist""], ""defining_responsibility_signals"": [""school"", ""pediatric""], ""confidence"": ""high"", ""rep_rank"": 3, ""attempt"": 1, ""raw_output"": ""{\""community_id\"": 150, \""dominant_experience_level\"": \""junior\"", \""entry_accessibility\"": \""moderate_entry_barrier\"", \""community_label\"": \""School Speech Language Pathologist\"", \""defining_skills\"": [\""speech\"", \""language\"", \""pathologist\""], \""defining_responsibility_signals\"": [\""school\"", \""pediatric\""] , \""confidence\"": \""high\""}""}]",7
151,63,junior,moderate_entry_barrier,Warehouse Material Handler,"['warehouse', 'material handling', 'inventory management']","['shift work', 'production support']",high,1.0,1.0,0.333,0.778,3,"warehouse, handler, material, shift, 1st, clerk, materials, worker, 2nd, operator, night, production","[{""community_id"": 151, ""dominant_experience_level"": ""junior"", ""entry_accessibility"": ""moderate_entry_barrier"", ""community_label"": ""Warehouse Material Handler"", ""defining_skills"": [""warehouse"", ""material handling"", ""inventory management""], ""defining_responsibility_signals"": [""shift work"", ""production support""], ""confidence"": ""high"", ""rep_rank"": 1, ""attempt"": 1, ""raw_output"": ""{\""community_id\"": 151, \""dominant_experience_level\"": \""junior\"", \""entry_accessibility\"": \""moderate_entry_barrier\"", \""community_label\"": \""Warehouse Material Handler\"", \""defining_skills\"": [\""warehouse\"", \""material handling\"", \""inventory management\""], \""defining_responsibility_signals\"": [\""shift work\"", \""production support\""] , \""confidence\"": \""high\""}""}, {""community_id"": 151, ""dominant_experience_level"": ""junior"", ""entry_accessibility"": ""moderate_entry_barrier"", ""community_label"": ""Warehouse Operations"", ""defining_skills"": [""Material Handling"", ""Shift Work"", ""Production""], ""defining_responsibility_signals"": [""Operating Machinery"", ""Teamwork""], ""confidence"": ""high"", ""rep_rank"": 2, ""attempt"": 1, ""raw_output"": ""{\""community_id\"": 151, \""dominant_experience_level\"": \""junior\"", \""entry_accessibility\"": \""moderate_entry_barrier\"", \""community_label\"": \""Warehouse Operations\"", \""defining_skills\"": [\""Material Handling\"", \""Shift Work\"", \""Production\""], \""defining_responsibility_signals\"": [\""Operating Machinery\"", \""Teamwork\""] , \""confidence\"": \""high\""}""}, {""community_id"": 151, ""dominant_experience_level"": ""junior"", ""entry_accessibility"": ""moderate_entry_barrier"", ""community_label"": ""Warehouse Operators"", ""defining_skills"": [""warehouse"", ""material handling"", ""shift work""], ""defining_responsibility_signals"": [""production"", ""materials management""], ""confidence"": ""high"", ""rep_rank"": 3, ""attempt"": 1, ""raw_output"": ""{\""community_id\"": 151, \""dominant_experience_level\"": \""junior\"", \""entry_accessibility\"": \""moderate_entry_barrier\"", \""community_label\"": \""Warehouse Operators\"", \""defining_skills\"": [\""warehouse\"", \""material handling\"", \""shift work\""], \""defining_responsibility_signals\"": [\""production\"", \""materials management\""] , \""confidence\"": \""high\""}""}]",7
152,63,mid,moderate_entry_barrier,Strategic Partner Management,"['customer_experience', 'strategic_partnerships', 'ai']","['define_customer_experience_strategy', 'manage_partner_relationships']",high,1.0,1.0,0.333,0.778,3,"manager, partner, marketing, sales, business, director, account, specialist, project, senior, product, development","[{""community_id"": 152, ""dominant_experience_level"": ""mid"", ""entry_accessibility"": ""moderate_entry_barrier"", ""community_label"": ""Strategic Partner Management"", ""defining_skills"": [""customer_experience"", ""strategic_partnerships"", ""ai""], ""defining_responsibility_signals"": [""define_customer_experience_strategy"", ""manage_partner_relationships""], ""confidence"": ""high"", ""rep_rank"": 1, ""attempt"": 1, ""raw_output"": ""{\""community_id\"": 152, \""dominant_experience_level\"": \""mid\"", \""entry_accessibility\"": \""moderate_entry_barrier\"", \""community_label\"": \""Strategic Partner Management\"", \""defining_skills\"": [\""customer_experience\"", \""strategic_partnerships\"", \""ai\""], \""defining_responsibility_signals\"": [\""define_customer_experience_strategy\"", \""manage_partner_relationships\""] , \""confidence\"": \""high\""}""}, {""community_id"": 152, ""dominant_experience_level"": ""mid"", ""entry_accessibility"": ""moderate_entry_barrier"", ""community_label"": ""Customer Marketing"", ""defining_skills"": [""program_management"", ""stakeholder_communication"", ""feedback_collection""], ""defining_responsibility_signals"": [""drive_engagement"", ""improve_processes""], ""confidence"": ""high"", ""rep_rank"": 2, ""attempt"": 1, ""raw_output"": ""{\""community_id\"": 152, \""dominant_experience_level\"": \""mid\"", \""entry_accessibility\"": \""moderate_entry_barrier\"", \""community_label\"": \""Customer Marketing\"", \""defining_skills\"": [\""program_management\"", \""stakeholder_communication\"", \""feedback_collection\""], \""defining_responsibility_signals\"": [\""drive_engagement\"", \""improve_processes\""] , \""confidence\"": \""high\""}""}, {""community_id"": 152, ""dominant_experience_level"": ""mid"", ""entry_accessibility"": ""moderate_entry_barrier"", ""community_label"": ""Partnership & Sales Management"", ""defining_skills"": [""strategic_planning"", ""cross_selling"", ""up_selling""], ""defining_responsibility_signals"": [""lead_partner_success_team"", ""expand_into_new_technologies""], ""confidence"": ""high"", ""rep_rank"": 3, ""attempt"": 1, ""raw_output"": ""{\""community_id\"": 152, \""dominant_experience_level\"": \""mid\"", \""entry_accessibility\"": \""moderate_entry_barrier\"", \""community_label\"": \""Partnership & Sales Management\"", \""defining_skills\"": [\""strategic_planning\"", \""cross_selling\"", \""up_selling\""], \""defining_responsibility_signals\"": [\""lead_partner_success_team\"", \""expand_into_new_technologies\""] , \""confidence\"": \""high\""}""}]",7
153,63,junior,moderate_entry_barrier,Warehouse Worker,"['warehouse', 'shift', 'loader']","['overnight', 'selector']",high,1.0,1.0,1.0,1.0,3,"warehouse, shift, overnight, worker, loader, shifts, cart, 3rd, 1st, selector, case, order","[{""community_id"": 153, ""dominant_experience_level"": ""junior"", ""entry_accessibility"": ""moderate_entry_barrier"", ""community_label"": ""Warehouse Worker"", ""defining_skills"": [""warehouse"", ""shift"", ""loader""], ""defining_responsibility_signals"": [""overnight"", ""selector""], ""confidence"": ""high"", ""rep_rank"": 1, ""attempt"": 1, ""raw_output"": ""{\""community_id\"": 153, \""dominant_experience_level\"": \""junior\"", \""entry_accessibility\"": \""moderate_entry_barrier\"", \""community_label\"": \""Warehouse Worker\"", \""defining_skills\"": [\""warehouse\"", \""shift\"", \""loader\""], \""defining_responsibility_signals\"": [\""overnight\"", \""selector\""] , \""confidence\"": \""high\""}""}, {""community_id"": 153, ""dominant_experience_level"": ""junior"", ""entry_accessibility"": ""moderate_entry_barrier"", ""community_label"": ""Warehouse Worker"", ""defining_skills"": [""warehouse"", ""shift"", ""loader""], ""defining_responsibility_signals"": [""overnight"", ""selector""], ""confidence"": ""high"", ""rep_rank"": 2, ""attempt"": 1, ""raw_output"": ""{\""community_id\"": 153, \""dominant_experience_level\"": \""junior\"", \""entry_accessibility\"": \""moderate_entry_barrier\"", \""community_label\"": \""Warehouse Worker\"", \""defining_skills\"": [\""warehouse\"", \""shift\"", \""loader\""], \""defining_responsibility_signals\"": [\""overnight\"", \""selector\""] , \""confidence\"": \""high\""}""}, {""community_id"": 153, ""dominant_experience_level"": ""junior"", ""entry_accessibility"": ""moderate_entry_barrier"", ""community_label"": ""Warehouse Worker"", ""defining_skills"": [""warehouse"", ""shift"", ""loader""], ""defining_responsibility_signals"": [""overnight"", ""selector""], ""confidence"": ""high"", ""rep_rank"": 3, ""attempt"": 1, ""raw_output"": ""{\""community_id\"": 153, \""dominant_experience_level\"": \""junior\"", \""entry_accessibility\"": \""moderate_entry_barrier\"", \""community_label\"": \""Warehouse Worker\"", \""defining_skills\"": [\""warehouse\"", \""shift\"", \""loader\""], \""defining_responsibility_signals\"": [\""overnight\"", \""selector\""] , \""confidence\"": \""high\""}""}]",7
154,63,mid,moderate_entry_barrier,Marketing Manager,"['integrated marketing strategies', 'campaigns', 'multiple channels']","['develop and execute', 'collaborate']",high,1.0,1.0,0.667,0.889,3,"marketing, manager, account, director, brand, specialist, coordinator, senior, product, ambassador, representative, assistant","[{""community_id"": 154, ""dominant_experience_level"": ""mid"", ""entry_accessibility"": ""moderate_entry_barrier"", ""community_label"": ""Marketing Manager"", ""defining_skills"": [""integrated marketing strategies"", ""campaigns"", ""multiple channels""], ""defining_responsibility_signals"": [""develop and execute"", ""collaborate""], ""confidence"": ""high"", ""rep_rank"": 1, ""attempt"": 1, ""raw_output"": ""{\""community_id\"": 154, \""dominant_experience_level\"": \""mid\"", \""entry_accessibility\"": \""moderate_entry_barrier\"", \""community_label\"": \""Marketing Manager\"", \""defining_skills\"": [\""integrated marketing strategies\"", \""campaigns\"", \""multiple channels\""], \""defining_responsibility_signals\"": [\""develop and execute\"", \""collaborate\""] , \""confidence\"": \""high\""}""}, {""community_id"": 154, ""dominant_experience_level"": ""mid"", ""entry_accessibility"": ""moderate_entry_barrier"", ""community_label"": ""Marketing Specialist"", ""defining_skills"": [""campaign_management"", ""paid_ads"", ""organic_ads""], ""defining_responsibility_signals"": [""campaign_planning"", ""campaign_optimization""], ""confidence"": ""high"", ""rep_rank"": 2, ""attempt"": 1, ""raw_output"": ""{\""community_id\"": 154, \""dominant_experience_level\"": \""mid\"", \""entry_accessibility\"": \""moderate_entry_barrier\"", \""community_label\"": \""Marketing Specialist\"", \""defining_skills\"": [\""campaign_management\"", \""paid_ads\"", \""organic_ads\""], \""defining_responsibility_signals\"": [\""campaign_planning\"", \""campaign_optimization\""] , \""confidence\"": \""high\""}""}, {""community_id"": 154, ""dominant_experience_level"": ""mid"", ""entry_accessibility"": ""moderate_entry_barrier"", ""community_label"": ""Marketing Manager"", ""defining_skills"": [""campaign_strategy"", ""employee_engagement"", ""product_marketing""], ""defining_responsibility_signals"": [""educate_engage_employers"", ""drive_engagement_financial_professionals""], ""confidence"": ""high"", ""rep_rank"": 3, ""attempt"": 1, ""raw_output"": ""{\""community_id\"": 154, \""dominant_experience_level\"": \""mid\"", \""entry_accessibility\"": \""moderate_entry_barrier\"", \""community_label\"": \""Marketing Manager\"", \""defining_skills\"": [\""campaign_strategy\"", \""employee_engagement\"", \""product_marketing\""], \""defining_responsibility_signals\"": [\""educate_engage_employers\"", \""drive_engagement_financial_professionals\""] , \""confidence\"": \""high\""}""}]",7
155,63,junior,moderate_entry_barrier,Veterinary Technician,"['animal care', 'licensed technician', 'receptionist']","['experience', 'compassion']",high,1.0,1.0,1.0,1.0,3,"veterinary, technician, veterinarian, care, animal, receptionist, licensed, assistant, certified, urgent, non, credentialed","[{""community_id"": 155, ""dominant_experience_level"": ""junior"", ""entry_accessibility"": ""moderate_entry_barrier"", ""community_label"": ""Veterinary Technician"", ""defining_skills"": [""animal care"", ""licensed technician"", ""receptionist""], ""defining_responsibility_signals"": [""experience"", ""compassion""], ""confidence"": ""high"", ""rep_rank"": 1, ""attempt"": 1, ""raw_output"": ""{\""community_id\"": 155, \""dominant_experience_level\"": \""junior\"", \""entry_accessibility\"": \""moderate_entry_barrier\"", \""community_label\"": \""Veterinary Technician\"", \""defining_skills\"": [\""animal care\"", \""licensed technician\"", \""receptionist\""], \""defining_responsibility_signals\"": [\""experience\"", \""compassion\""] , \""confidence\"": \""high\""}""}, {""community_id"": 155, ""dominant_experience_level"": ""junior"", ""entry_accessibility"": ""moderate_entry_barrier"", ""community_label"": ""Veterinary Technician"", ""defining_skills"": [""animal care"", ""certification"", ""reception""], ""defining_responsibility_signals"": [""leadership"", ""bachelor_degree""], ""confidence"": ""high"", ""rep_rank"": 2, ""attempt"": 1, ""raw_output"": ""{\""community_id\"": 155, \""dominant_experience_level\"": \""junior\"", \""entry_accessibility\"": \""moderate_entry_barrier\"", \""community_label\"": \""Veterinary Technician\"", \""defining_skills\"": [\""animal care\"", \""certification\"", \""reception\""], \""defining_responsibility_signals\"": [\""leadership\"", \""bachelor_degree\""] , \""confidence\"": \""high\""}""}, {""community_id"": 155, ""dominant_experience_level"": ""junior"", ""entry_accessibility"": ""moderate_entry_barrier"", ""community_label"": ""Veterinary Technician"", ""defining_skills"": [""animal_care"", ""certified_veterinary_technician"", ""small_animal_hospital""], ""defining_responsibility_signals"": [""teamwork"", ""initiative""], ""confidence"": ""high"", ""rep_rank"": 3, ""attempt"": 1, ""raw_output"": ""{\""community_id\"": 155, \""dominant_experience_level\"": \""junior\"", \""entry_accessibility\"": \""moderate_entry_barrier\"", \""community_label\"": \""Veterinary Technician\"", \""defining_skills\"": [\""animal_care\"", \""certified_veterinary_technician\"", \""small_animal_hospital\""], \""defining_responsibility_signals\"": [\""teamwork\"", \""initiative\""] , \""confidence\"": \""high\""}""}]",7
156,62,junior,moderate_entry_barrier,Retail Merchandiser,"['Merchandising', 'Retail', 'Electronics']","['Product Representation', 'Brand Management']",high,1.0,1.0,1.0,1.0,3,"merchandiser, specialist, retail, coverage, walmart, primary, electronics, delivery, presales, 5day, flex, garden","[{""community_id"": 156, ""dominant_experience_level"": ""junior"", ""entry_accessibility"": ""moderate_entry_barrier"", ""community_label"": ""Retail Merchandiser"", ""defining_skills"": [""Merchandising"", ""Retail"", ""Electronics""], ""defining_responsibility_signals"": [""Product Representation"", ""Brand Management""], ""confidence"": ""high"", ""rep_rank"": 1, ""attempt"": 1, ""raw_output"": ""{\""community_id\"": 156, \""dominant_experience_level\"": \""junior\"", \""entry_accessibility\"": \""moderate_entry_barrier\"", \""community_label\"": \""Retail Merchandiser\"", \""defining_skills\"": [\""Merchandising\"", \""Retail\"", \""Electronics\""], \""defining_responsibility_signals\"": [\""Product Representation\"", \""Brand Management\""] , \""confidence\"": \""high\""}""}, {""community_id"": 156, ""dominant_experience_level"": ""junior"", ""entry_accessibility"": ""moderate_entry_barrier"", ""community_label"": ""Retail Merchandiser"", ""defining_skills"": [""Merchandising"", ""Retail"", ""Electronics""], ""defining_responsibility_signals"": [""Product Representation"", ""Brand Management""], ""confidence"": ""high"", ""rep_rank"": 2, ""attempt"": 1, ""raw_output"": ""{\""community_id\"": 156, \""dominant_experience_level\"": \""junior\"", \""entry_accessibility\"": \""moderate_entry_barrier\"", \""community_label\"": \""Retail Merchandiser\"", \""defining_skills\"": [\""Merchandising\"", \""Retail\"", \""Electronics\""], \""defining_responsibility_signals\"": [\""Product Representation\"", \""Brand Management\""] , \""confidence\"": \""high\""}""}, {""community_id"": 156, ""dominant_experience_level"": ""junior"", ""entry_accessibility"": ""moderate_entry_barrier"", ""community_label"": ""Retail Merchandiser"", ""defining_skills"": [""Merchandising"", ""Retail"", ""Electronics""], ""defining_responsibility_signals"": [""Product Representation"", ""Brand Management""], ""confidence"": ""high"", ""rep_rank"": 3, ""attempt"": 1, ""raw_output"": ""{\""community_id\"": 156, \""dominant_experience_level\"": \""junior\"", \""entry_accessibility\"": \""moderate_entry_barrier\"", \""community_label\"": \""Retail Merchandiser\"", \""defining_skills\"": [\""Merchandising\"", \""Retail\"", \""Electronics\""], \""defining_responsibility_signals\"": [\""Product Representation\"", \""Brand Management\""] , \""confidence\"": \""high\""}""}]",7
157,62,mid,moderate_entry_barrier,Commercial Lines Account Manager,"['insurance', 'sales', 'client_management']","['manage_book_of_business', 'support_clients']",high,1.0,1.0,0.333,0.778,3,"account, manager, commercial, lines, insurance, personal, client, executive, benefits, sales, employee, coordinator","[{""community_id"": 157, ""dominant_experience_level"": ""mid"", ""entry_accessibility"": ""moderate_entry_barrier"", ""community_label"": ""Commercial Lines Account Manager"", ""defining_skills"": [""insurance"", ""sales"", ""client_management""], ""defining_responsibility_signals"": [""manage_book_of_business"", ""support_clients""], ""confidence"": ""high"", ""rep_rank"": 1, ""attempt"": 1, ""raw_output"": ""{\""community_id\"": 157, \""dominant_experience_level\"": \""mid\"", \""entry_accessibility\"": \""moderate_entry_barrier\"", \""community_label\"": \""Commercial Lines Account Manager\"", \""defining_skills\"": [\""insurance\"", \""sales\"", \""client_management\""], \""defining_responsibility_signals\"": [\""manage_book_of_business\"", \""support_clients\""] , \""confidence\"": \""high\""}""}, {""community_id"": 157, ""dominant_experience_level"": ""mid"", ""entry_accessibility"": ""moderate_entry_barrier"", ""community_label"": ""Commercial Insurance Account Management"", ""defining_skills"": [""PC license"", ""Commercial Lines experience"", ""Account Management""], ""defining_responsibility_signals"": [""Client facing"", ""Sales and Marketing""], ""confidence"": ""high"", ""rep_rank"": 2, ""attempt"": 1, ""raw_output"": ""{\""community_id\"": 157, \""dominant_experience_level\"": \""mid\"", \""entry_accessibility\"": \""moderate_entry_barrier\"", \""community_label\"": \""Commercial Insurance Account Management\"", \""defining_skills\"": [\""PC license\"", \""Commercial Lines experience\"", \""Account Management\""], \""defining_responsibility_signals\"": [\""Client facing\"", \""Sales and Marketing\""] , \""confidence\"": \""high\""}""}, {""community_id"": 157, ""dominant_experience_level"": ""mid"", ""entry_accessibility"": ""moderate_entry_barrier"", ""community_label"": ""Personal Lines Account Manager"", ""defining_skills"": [""client_relationship_management"", ""insurance_policy_navigation"", ""customer_service""], ""defining_responsibility_signals"": [""foster_strong_client_relationships"", ""deliver_top_notch_service""], ""confidence"": ""high"", ""rep_rank"": 3, ""attempt"": 1, ""raw_output"": ""{\""community_id\"": 157, \""dominant_experience_level\"": \""mid\"", \""entry_accessibility\"": \""moderate_entry_barrier\"", \""community_label\"": \""Personal Lines Account Manager\"", \""defining_skills\"": [\""client_relationship_management\"", \""insurance_policy_navigation\"", \""customer_service\""], \""defining_responsibility_signals\"": [\""foster_strong_client_relationships\"", \""deliver_top_notch_service\""] , \""confidence\"": \""high\""}""}]",7
158,61,mid,moderate_entry_barrier,Purchasing & Procurement,"['procurement', 'order management', 'strategic sourcing']","['inventory management', 'relationship management']",high,1.0,1.0,0.333,0.778,3,"assistant, buyer, purchasing, order, specialist, manager, selector, management, coordinator, shift, agent, senior","[{""community_id"": 158, ""dominant_experience_level"": ""mid"", ""entry_accessibility"": ""moderate_entry_barrier"", ""community_label"": ""Purchasing & Procurement"", ""defining_skills"": [""strategic sourcing"", ""negotiation"", ""procurement""], ""defining_responsibility_signals"": [""inventory management"", ""relationship management""], ""confidence"": ""high"", ""rep_rank"": 1, ""attempt"": 1, ""raw_output"": ""{\""community_id\"": 158, \""dominant_experience_level\"": \""mid\"", \""entry_accessibility\"": \""moderate_entry_barrier\"", \""community_label\"": \""Purchasing & Procurement\"", \""defining_skills\"": [\""strategic sourcing\"", \""negotiation\"", \""procurement\""], \""defining_responsibility_signals\"": [\""inventory management\"", \""relationship management\""] , \""confidence\"": \""high\""}""}, {""community_id"": 158, ""dominant_experience_level"": ""mid"", ""entry_accessibility"": ""moderate_entry_barrier"", ""community_label"": ""Purchasing Specialist"", ""defining_skills"": [""procurement"", ""order management"", ""vendor coordination""], ""defining_responsibility_signals"": [""schedule production"", ""purchase materials""], ""confidence"": ""high"", ""rep_rank"": 2, ""attempt"": 1, ""raw_output"": ""{\""community_id\"": 158, \""dominant_experience_level\"": \""mid\"", \""entry_accessibility\"": \""moderate_entry_barrier\"", \""community_label\"": \""Purchasing Specialist\"", \""defining_skills\"": [\""procurement\"", \""order management\"", \""vendor coordination\""], \""defining_responsibility_signals\"": [\""schedule production\"", \""purchase materials\""] , \""confidence\"": \""high\""}""}, {""community_id"": 158, ""dominant_experience_level"": ""mid"", ""entry_accessibility"": ""moderate_entry_barrier"", ""community_label"": ""Purchasing & Buying"", ""defining_skills"": [""procurement"", ""order management"", ""vendor relations""], ""defining_responsibility_signals"": [""coordinate"", ""negotiate""], ""confidence"": ""high"", ""rep_rank"": 3, ""attempt"": 1, ""raw_output"": ""{\""community_id\"": 158, \""dominant_experience_level\"": \""mid\"", \""entry_accessibility\"": \""moderate_entry_barrier\"", \""community_label\"": \""Purchasing & Buying\"", \""defining_skills\"": [\""procurement\"", \""order management\"", \""vendor relations\""], \""defining_responsibility_signals\"": [\""coordinate\"", \""negotiate\""] , \""confidence\"": \""high\""}""}]",7
159,61,mid,moderate_entry_barrier,Electrical Engineering,"['electrical engineering', 'structural design', 'transmission power']","['independent work', 'leadership']",high,1.0,1.0,0.333,0.778,3,"engineer, project, electrical, engineering, manager, senior, structural, design, lead, director, transmission, power","[{""community_id"": 159, ""dominant_experience_level"": ""mid"", ""entry_accessibility"": ""moderate_entry_barrier"", ""community_label"": ""Electrical Engineering"", ""defining_skills"": [""project management"", ""electrical engineering"", ""structural design""], ""defining_responsibility_signals"": [""leadership"", ""certification""], ""confidence"": ""high"", ""rep_rank"": 1, ""attempt"": 1, ""raw_output"": ""{\""community_id\"": 159, \""dominant_experience_level\"": \""mid\"", \""entry_accessibility\"": \""moderate_entry_barrier\"", \""community_label\"": \""Electrical Engineering\"", \""defining_skills\"": [\""project management\"", \""electrical engineering\"", \""structural design\""], \""defining_responsibility_signals\"": [\""leadership\"", \""certification\""] , \""confidence\"": \""high\""}""}, {""community_id"": 159, ""dominant_experience_level"": ""mid"", ""entry_accessibility"": ""moderate_entry_barrier"", ""community_label"": ""Senior Project Engineer"", ""defining_skills"": [""electrical engineering"", ""structural design"", ""transmission power""], ""defining_responsibility_signals"": [""independent work"", ""autonomous decision making""], ""confidence"": ""high"", ""rep_rank"": 2, ""attempt"": 1, ""raw_output"": ""{\""community_id\"": 159, \""dominant_experience_level\"": \""mid\"", \""entry_accessibility\"": \""moderate_entry_barrier\"", \""community_label\"": \""Senior Project Engineer\"", \""defining_skills\"": [\""electrical engineering\"", \""structural design\"", \""transmission power\""], \""defining_responsibility_signals\"": [\""independent work\"", \""autonomous decision making\""] , \""confidence\"": \""high\""}""}, {""community_id"": 159, ""dominant_experience_level"": ""mid"", ""entry_accessibility"": ""moderate_entry_barrier"", ""community_label"": ""Senior Project Engineer/Manager"", ""defining_skills"": [""electrical engineering"", ""structural design"", ""transmission power""], ""defining_responsibility_signals"": [""independent work"", ""remote decision making""], ""confidence"": ""high"", ""rep_rank"": 3, ""attempt"": 1, ""raw_output"": ""{\""community_id\"": 159, \""dominant_experience_level\"": \""mid\"", \""entry_accessibility\"": \""moderate_entry_barrier\"", \""community_label\"": \""Senior Project Engineer/Manager\"", \""defining_skills\"": [\""electrical engineering\"", \""structural design\"", \""transmission power\""], \""defining_responsibility_signals\"": [\""independent work\"", \""remote decision making\""] , \""confidence\"": \""high\""}""}]",7
160,61,mid,moderate_entry_barrier,Family Practice Physician,"['Family Practice', 'Anesthesiology', 'Emergency Medicine']","['Yearly Salary', 'Hourly Rate']",high,1.0,1.0,1.0,1.0,3,"yearly, physician, 000, hourly, family, practice, without, medicine, anesthesiology, emergency, 275, crna","[{""community_id"": 160, ""dominant_experience_level"": ""mid"", ""entry_accessibility"": ""moderate_entry_barrier"", ""community_label"": ""Family Practice Physician"", ""defining_skills"": [""Family Practice"", ""Anesthesiology"", ""Emergency Medicine""], ""defining_responsibility_signals"": [""Yearly Salary"", ""Hourly Rate""], ""confidence"": ""high"", ""rep_rank"": 1, ""attempt"": 1, ""raw_output"": ""{\""community_id\"": 160, \""dominant_experience_level\"": \""mid\"", \""entry_accessibility\"": \""moderate_entry_barrier\"", \""community_label\"": \""Family Practice Physician\"", \""defining_skills\"": [\""Family Practice\"", \""Anesthesiology\"", \""Emergency Medicine\""], \""defining_responsibility_signals\"": [\""Yearly Salary\"", \""Hourly Rate\""] , \""confidence\"": \""high\""}""}, {""community_id"": 160, ""dominant_experience_level"": ""mid"", ""entry_accessibility"": ""moderate_entry_barrier"", ""community_label"": ""Family Practice Physician"", ""defining_skills"": [""Family Practice"", ""Anesthesiology"", ""Emergency Medicine""], ""defining_responsibility_signals"": [""Yearly Salary"", ""Hourly Rate""], ""confidence"": ""high"", ""rep_rank"": 2, ""attempt"": 1, ""raw_output"": ""{\""community_id\"": 160, \""dominant_experience_level\"": \""mid\"", \""entry_accessibility\"": \""moderate_entry_barrier\"", \""community_label\"": \""Family Practice Physician\"", \""defining_skills\"": [\""Family Practice\"", \""Anesthesiology\"", \""Emergency Medicine\""], \""defining_responsibility_signals\"": [\""Yearly Salary\"", \""Hourly Rate\""] , \""confidence\"": \""high\""}""}, {""community_id"": 160, ""dominant_experience_level"": ""mid"", ""entry_accessibility"": ""moderate_entry_barrier"", ""community_label"": ""Family Practice Physician"", ""defining_skills"": [""Family Practice"", ""Anesthesiology"", ""Emergency Medicine""], ""defining_responsibility_signals"": [""Yearly Salary"", ""Hourly Rate""], ""confidence"": ""high"", ""rep_rank"": 3, ""attempt"": 1, ""raw_output"": ""{\""community_id\"": 160, \""dominant_experience_level\"": \""mid\"", \""entry_accessibility\"": \""moderate_entry_barrier\"", \""community_label\"": \""Family Practice Physician\"", \""defining_skills\"": [\""Family Practice\"", \""Anesthesiology\"", \""Emergency Medicine\""], \""defining_responsibility_signals\"": [\""Yearly Salary\"", \""Hourly Rate\""] , \""confidence\"": \""high\""}""}]",7
161,60,junior,moderate_entry_barrier,Customer Support,"['customer_service', 'telecommunications', 'sales']","['handle_calls', 'provide_support']",high,1.0,1.0,0.667,0.889,3,"customer, service, representative, specialist, call, center, support, desk, agent, rep, work, mobile","[{""community_id"": 161, ""dominant_experience_level"": ""junior"", ""entry_accessibility"": ""moderate_entry_barrier"", ""community_label"": ""Customer Support"", ""defining_skills"": [""customer_service"", ""telecommunications"", ""sales""], ""defining_responsibility_signals"": [""handle_calls"", ""provide_support""], ""confidence"": ""high"", ""rep_rank"": 1, ""attempt"": 1, ""raw_output"": ""{\""community_id\"": 161, \""dominant_experience_level\"": \""junior\"", \""entry_accessibility\"": \""moderate_entry_barrier\"", \""community_label\"": \""Customer Support\"", \""defining_skills\"": [\""customer_service\"", \""telecommunications\"", \""sales\""], \""defining_responsibility_signals\"": [\""handle_calls\"", \""provide_support\""] , \""confidence\"": \""high\""}""}, {""community_id"": 161, ""dominant_experience_level"": ""junior"", ""entry_accessibility"": ""moderate_entry_barrier"", ""community_label"": ""Customer Support"", ""defining_skills"": [""Customer Service"", ""Inbound Calls"", ""Technical Support""], ""defining_responsibility_signals"": [""Handle Customer Inquiries"", ""Provide Technical Assistance""], ""confidence"": ""high"", ""rep_rank"": 2, ""attempt"": 1, ""raw_output"": ""{\""community_id\"": 161, \""dominant_experience_level\"": \""junior\"", \""entry_accessibility\"": \""moderate_entry_barrier\"", \""community_label\"": \""Customer Support\"", \""defining_skills\"": [\""Customer Service\"", \""Inbound Calls\"", \""Technical Support\""], \""defining_responsibility_signals\"": [\""Handle Customer Inquiries\"", \""Provide Technical Assistance\""] , \""confidence\"": \""high\""}""}, {""community_id"": 161, ""dominant_experience_level"": ""junior"", ""entry_accessibility"": ""moderate_entry_barrier"", ""community_label"": ""Customer Service"", ""defining_skills"": [""customer service"", ""remote work"", ""call center""], ""defining_responsibility_signals"": [""provide excellent customer care"", ""work from home""], ""confidence"": ""high"", ""rep_rank"": 3, ""attempt"": 1, ""raw_output"": ""{\""community_id\"": 161, \""dominant_experience_level\"": \""junior\"", \""entry_accessibility\"": \""moderate_entry_barrier\"", \""community_label\"": \""Customer Service\"", \""defining_skills\"": [\""customer service\"", \""remote work\"", \""call center\""], \""defining_responsibility_signals\"": [\""provide excellent customer care\"", \""work from home\""] , \""confidence\"": \""high\""}""}]",7
162,60,junior,moderate_entry_barrier,Environmental Technician,"['cleaning', 'sterilization', 'processing']","['equipment', 'instruments']",high,1.0,1.0,0.667,0.889,3,"technician, facilities, service, physical, therapy, environmental, lab, iii, operator, tech, temp, 2nd","[{""community_id"": 162, ""dominant_experience_level"": ""junior"", ""entry_accessibility"": ""moderate_entry_barrier"", ""community_label"": ""Sterile Processing Technician"", ""defining_skills"": [""sterilization"", ""cleaning"", ""processing""], ""defining_responsibility_signals"": [""equipment"", ""instruments""], ""confidence"": ""high"", ""rep_rank"": 1, ""attempt"": 1, ""raw_output"": ""{\""community_id\"": 162, \""dominant_experience_level\"": \""junior\"", \""entry_accessibility\"": \""moderate_entry_barrier\"", \""community_label\"": \""Sterile Processing Technician\"", \""defining_skills\"": [\""sterilization\"", \""cleaning\"", \""processing\""], \""defining_responsibility_signals\"": [\""equipment\"", \""instruments\""] , \""confidence\"": \""high\""}""}, {""community_id"": 162, ""dominant_experience_level"": ""junior"", ""entry_accessibility"": ""moderate_entry_barrier"", ""community_label"": ""Environmental Technician"", ""defining_skills"": [""technician"", ""facilities"", ""service""], ""defining_responsibility_signals"": [""physical"", ""therapy""], ""confidence"": ""high"", ""rep_rank"": 2, ""attempt"": 1, ""raw_output"": ""{\""community_id\"": 162, \""dominant_experience_level\"": \""junior\"", \""entry_accessibility\"": \""moderate_entry_barrier\"", \""community_label\"": \""Environmental Technician\"", \""defining_skills\"": [\""technician\"", \""facilities\"", \""service\""], \""defining_responsibility_signals\"": [\""physical\"", \""therapy\""] , \""confidence\"": \""high\""}""}, {""community_id"": 162, ""dominant_experience_level"": ""junior"", ""entry_accessibility"": ""moderate_entry_barrier"", ""community_label"": ""Environmental Technician"", ""defining_skills"": [""cleaning"", ""documentation"", ""trash removal""], ""defining_responsibility_signals"": [""patient room maintenance"", ""supply replenishment""], ""confidence"": ""high"", ""rep_rank"": 3, ""attempt"": 1, ""raw_output"": ""{\""community_id\"": 162, \""dominant_experience_level\"": \""junior\"", \""entry_accessibility\"": \""moderate_entry_barrier\"", \""community_label\"": \""Environmental Technician\"", \""defining_skills\"": [\""cleaning\"", \""documentation\"", \""trash removal\""], \""defining_responsibility_signals\"": [\""patient room maintenance\"", \""supply replenishment\""] , \""confidence\"": \""high\""}""}]",7
163,59,mid,moderate_entry_barrier,Healthcare Professionals,"['respiratory_therapy', 'radiology_tech', 'lab_tech']","['contract_work', 'day_shifts']",high,1.0,1.0,0.667,0.889,3,"nurse, contract, registered, days, radiology, technician, nights, respiratory, lab, tech, pharmacy, therapist","[{""community_id"": 163, ""dominant_experience_level"": ""mid"", ""entry_accessibility"": ""moderate_entry_barrier"", ""community_label"": ""Healthcare Professionals - Contract"", ""defining_skills"": [""radiology"", ""ultrasound"", ""nursing""], ""defining_responsibility_signals"": [""nights"", ""contract""], ""confidence"": ""high"", ""rep_rank"": 1, ""attempt"": 1, ""raw_output"": ""{\""community_id\"": 163, \""dominant_experience_level\"": \""mid\"", \""entry_accessibility\"": \""moderate_entry_barrier\"", \""community_label\"": \""Healthcare Professionals - Contract\"", \""defining_skills\"": [\""radiology\"", \""ultrasound\"", \""nursing\""], \""defining_responsibility_signals\"": [\""nights\"", \""contract\""] , \""confidence\"": \""high\""}""}, {""community_id"": 163, ""dominant_experience_level"": ""mid"", ""entry_accessibility"": ""moderate_entry_barrier"", ""community_label"": ""Healthcare Professionals"", ""defining_skills"": [""respiratory_therapy"", ""radiology_tech"", ""lab_tech""], ""defining_responsibility_signals"": [""contract_work"", ""day_shifts""], ""confidence"": ""high"", ""rep_rank"": 2, ""attempt"": 1, ""raw_output"": ""{\""community_id\"": 163, \""dominant_experience_level\"": \""mid\"", \""entry_accessibility\"": \""moderate_entry_barrier\"", \""community_label\"": \""Healthcare Professionals\"", \""defining_skills\"": [\""respiratory_therapy\"", \""radiology_tech\"", \""lab_tech\""], \""defining_responsibility_signals\"": [\""contract_work\"", \""day_shifts\""] , \""confidence\"": \""high\""}""}, {""community_id"": 163, ""dominant_experience_level"": ""mid"", ""entry_accessibility"": ""moderate_entry_barrier"", ""community_label"": ""Healthcare Professionals"", ""defining_skills"": [""respiratory_therapy"", ""radiology_tech"", ""lab_tech""], ""defining_responsibility_signals"": [""contract_work"", ""day_shifts""], ""confidence"": ""high"", ""rep_rank"": 3, ""attempt"": 1, ""raw_output"": ""{\""community_id\"": 163, \""dominant_experience_level\"": \""mid\"", \""entry_accessibility\"": \""moderate_entry_barrier\"", \""community_label\"": \""Healthcare Professionals\"", \""defining_skills\"": [\""respiratory_therapy\"", \""radiology_tech\"", \""lab_tech\""], \""defining_responsibility_signals\"": [\""contract_work\"", \""day_shifts\""] , \""confidence\"": \""high\""}""}]",7
164,59,mid,moderate_entry_barrier,Medical Professionals,"['Clinical Care', 'Patient Education', 'Medical Technology']","['Patient Care', 'Clinical Education']",high,1.0,1.0,0.667,0.889,3,"nurse, registered, patient, medical, icu, per, diem, clinical, educator, care, technician, days","[{""community_id"": 164, ""dominant_experience_level"": ""mid"", ""entry_accessibility"": ""moderate_entry_barrier"", ""community_label"": ""Medical Professionals"", ""defining_skills"": [""Clinical Care"", ""Patient Education"", ""Medical Technology""], ""defining_responsibility_signals"": [""Patient Care"", ""Clinical Education""], ""confidence"": ""high"", ""rep_rank"": 1, ""attempt"": 1, ""raw_output"": ""{\""community_id\"": 164, \""dominant_experience_level\"": \""mid\"", \""entry_accessibility\"": \""moderate_entry_barrier\"", \""community_label\"": \""Medical Professionals\"", \""defining_skills\"": [\""Clinical Care\"", \""Patient Education\"", \""Medical Technology\""], \""defining_responsibility_signals\"": [\""Patient Care\"", \""Clinical Education\""] , \""confidence\"": \""high\""}""}, {""community_id"": 164, ""dominant_experience_level"": ""mid"", ""entry_accessibility"": ""moderate_entry_barrier"", ""community_label"": ""Perioperative Technician"", ""defining_skills"": [""patient care"", ""clinical"", ""medical""], ""defining_responsibility_signals"": [""icu"", ""per diem""], ""confidence"": ""high"", ""rep_rank"": 2, ""attempt"": 1, ""raw_output"": ""{\""community_id\"": 164, \""dominant_experience_level\"": \""mid\"", \""entry_accessibility\"": \""moderate_entry_barrier\"", \""community_label\"": \""Perioperative Technician\"", \""defining_skills\"": [\""patient care\"", \""clinical\"", \""medical\""], \""defining_responsibility_signals\"": [\""icu\"", \""per diem\""] , \""confidence\"": \""high\""}""}, {""community_id"": 164, ""dominant_experience_level"": ""mid"", ""entry_accessibility"": ""moderate_entry_barrier"", ""community_label"": ""Medical Professionals"", ""defining_skills"": [""Clinical Care"", ""Patient Management"", ""Medical Education""], ""defining_responsibility_signals"": [""Patient Access"", ""Clinical Innovation""], ""confidence"": ""high"", ""rep_rank"": 3, ""attempt"": 1, ""raw_output"": ""{\""community_id\"": 164, \""dominant_experience_level\"": \""mid\"", \""entry_accessibility\"": \""moderate_entry_barrier\"", \""community_label\"": \""Medical Professionals\"", \""defining_skills\"": [\""Clinical Care\"", \""Patient Management\"", \""Medical Education\""], \""defining_responsibility_signals\"": [\""Patient Access\"", \""Clinical Innovation\""] , \""confidence\"": \""high\""}""}]",7
165,59,junior,moderate_entry_barrier,Truck Delivery Driver,"['CDL', 'Delivery', 'Diesel']","['Local Delivery', 'Heavy Truck Operation']",high,1.0,1.0,1.0,1.0,3,"driver, truck, cdl, delivery, class, local, non, installer, shuttle, diesel, mechanic, heavy","[{""community_id"": 165, ""dominant_experience_level"": ""junior"", ""entry_accessibility"": ""moderate_entry_barrier"", ""community_label"": ""Truck Delivery Driver"", ""defining_skills"": [""CDL"", ""Delivery"", ""Diesel""], ""defining_responsibility_signals"": [""Local Delivery"", ""Heavy Truck Operation""], ""confidence"": ""high"", ""rep_rank"": 1, ""attempt"": 1, ""raw_output"": ""{\""community_id\"": 165, \""dominant_experience_level\"": \""junior\"", \""entry_accessibility\"": \""moderate_entry_barrier\"", \""community_label\"": \""Truck Delivery Driver\"", \""defining_skills\"": [\""CDL\"", \""Delivery\"", \""Diesel\""], \""defining_responsibility_signals\"": [\""Local Delivery\"", \""Heavy Truck Operation\""] , \""confidence\"": \""high\""}""}, {""community_id"": 165, ""dominant_experience_level"": ""junior"", ""entry_accessibility"": ""moderate_entry_barrier"", ""community_label"": ""Truck Delivery Driver"", ""defining_skills"": [""CDL"", ""Delivery"", ""Diesel""], ""defining_responsibility_signals"": [""Local Delivery"", ""Heavy Truck Operation""], ""confidence"": ""high"", ""rep_rank"": 2, ""attempt"": 1, ""raw_output"": ""{\""community_id\"": 165, \""dominant_experience_level\"": \""junior\"", \""entry_accessibility\"": \""moderate_entry_barrier\"", \""community_label\"": \""Truck Delivery Driver\"", \""defining_skills\"": [\""CDL\"", \""Delivery\"", \""Diesel\""], \""defining_responsibility_signals\"": [\""Local Delivery\"", \""Heavy Truck Operation\""] , \""confidence\"": \""high\""}""}, {""community_id"": 165, ""dominant_experience_level"": ""junior"", ""entry_accessibility"": ""moderate_entry_barrier"", ""community_label"": ""Truck Delivery Driver"", ""defining_skills"": [""CDL"", ""Delivery"", ""Diesel Mechanic""], ""defining_responsibility_signals"": [""Local Delivery"", ""Heavy Truck Operation""], ""confidence"": ""high"", ""rep_rank"": 3, ""attempt"": 1, ""raw_output"": ""{\""community_id\"": 165, \""dominant_experience_level\"": \""junior\"", \""entry_accessibility\"": \""moderate_entry_barrier\"", \""community_label\"": \""Truck Delivery Driver\"", \""defining_skills\"": [\""CDL\"", \""Delivery\"", \""Diesel Mechanic\""], \""defining_responsibility_signals\"": [\""Local Delivery\"", \""Heavy Truck Operation\""] , \""confidence\"": \""high\""}""}]",7
166,59,senior,moderate_entry_barrier,Java Web Engineers,"['Java', 'Salesforce', 'Web Development']","['Architecture Design', 'Maintenance of Existing Solutions']",high,0.667,1.0,0.333,0.667,3,"developer, java, engineer, senior, lead, software, salesforce, stack, technical, architect, net, only","[{""community_id"": 166, ""dominant_experience_level"": ""mid"", ""entry_accessibility"": ""moderate_entry_barrier"", ""community_label"": ""Java Web Engineers"", ""defining_skills"": [""Java"", ""Salesforce"", ""Web Development""], ""defining_responsibility_signals"": [""Architecture Design"", ""Maintenance of Existing Solutions""], ""confidence"": ""high"", ""rep_rank"": 1, ""attempt"": 1, ""raw_output"": ""{\""community_id\"": 166, \""dominant_experience_level\"": \""mid\"", \""entry_accessibility\"": \""moderate_entry_barrier\"", \""community_label\"": \""Java Web Engineers\"", \""defining_skills\"": [\""Java\"", \""Salesforce\"", \""Web Development\""], \""defining_responsibility_signals\"": [\""Architecture Design\"", \""Maintenance of Existing Solutions\""] , \""confidence\"": \""high\""}""}, {""community_id"": 166, ""dominant_experience_level"": ""senior"", ""entry_accessibility"": ""moderate_entry_barrier"", ""community_label"": ""Java Core Developer"", ""defining_skills"": [""Java"", ""J2EE"", ""Spring""], ""defining_responsibility_signals"": [""Integration"", ""Logging""], ""confidence"": ""high"", ""rep_rank"": 2, ""attempt"": 1, ""raw_output"": ""{\""community_id\"": 166, \""dominant_experience_level\"": \""senior\"", \""entry_accessibility\"": \""moderate_entry_barrier\"", \""community_label\"": \""Java Core Developer\"", \""defining_skills\"": [\""Java\"", \""J2EE\"", \""Spring\""], \""defining_responsibility_signals\"": [\""Integration\"", \""Logging\""] , \""confidence\"": \""high\""}""}, {""community_id"": 166, ""dominant_experience_level"": ""senior"", ""entry_accessibility"": ""moderate_entry_barrier"", ""community_label"": ""Senior ServiceNow Developers"", ""defining_skills"": [""ServiceNow"", ""Java"", ""Salesforce""], ""defining_responsibility_signals"": [""hands-on development"", ""innovative projects""], ""confidence"": ""high"", ""rep_rank"": 3, ""attempt"": 1, ""raw_output"": ""{\""community_id\"": 166, \""dominant_experience_level\"": \""senior\"", \""entry_accessibility\"": \""moderate_entry_barrier\"", \""community_label\"": \""Senior ServiceNow Developers\"", \""defining_skills\"": [\""ServiceNow\"", \""Java\"", \""Salesforce\""], \""defining_responsibility_signals\"": [\""hands-on development\"", \""innovative projects\""] , \""confidence\"": \""high\""}""}]",7
167,59,mid,moderate_entry_barrier,Legal Professionals,"['litigation', 'paralegal', 'case_management']","['file_management', 'trial_activities']",high,1.0,1.0,1.0,1.0,3,"attorney, litigation, paralegal, legal, assistant, employment, counsel, estate, specialist, law, labor, senior","[{""community_id"": 167, ""dominant_experience_level"": ""mid"", ""entry_accessibility"": ""moderate_entry_barrier"", ""community_label"": ""Legal Professionals"", ""defining_skills"": [""litigation"", ""case_management"", ""discovery""], ""defining_responsibility_signals"": [""file_management"", ""trial_activities""], ""confidence"": ""high"", ""rep_rank"": 1, ""attempt"": 1, ""raw_output"": ""{\""community_id\"": 167, \""dominant_experience_level\"": \""mid\"", \""entry_accessibility\"": \""moderate_entry_barrier\"", \""community_label\"": \""Legal Professionals\"", \""defining_skills\"": [\""litigation\"", \""case_management\"", \""discovery\""], \""defining_responsibility_signals\"": [\""file_management\"", \""trial_activities\""] , \""confidence\"": \""high\""}""}, {""community_id"": 167, ""dominant_experience_level"": ""mid"", ""entry_accessibility"": ""moderate_entry_barrier"", ""community_label"": ""Legal Professionals"", ""defining_skills"": [""litigation"", ""paralegal"", ""legal_assistant""], ""defining_responsibility_signals"": [""case_management"", ""trial_preparation""], ""confidence"": ""high"", ""rep_rank"": 2, ""attempt"": 1, ""raw_output"": ""{\""community_id\"": 167, \""dominant_experience_level\"": \""mid\"", \""entry_accessibility\"": \""moderate_entry_barrier\"", \""community_label\"": \""Legal Professionals\"", \""defining_skills\"": [\""litigation\"", \""paralegal\"", \""legal_assistant\""], \""defining_responsibility_signals\"": [\""case_management\"", \""trial_preparation\""] , \""confidence\"": \""high\""}""}, {""community_id"": 167, ""dominant_experience_level"": ""mid"", ""entry_accessibility"": ""moderate_entry_barrier"", ""community_label"": ""Legal Professionals"", ""defining_skills"": [""litigation"", ""paralegal"", ""legal_assistance""], ""defining_responsibility_signals"": [""provides_legal_support"", ""resolves_legal_issues""], ""confidence"": ""high"", ""rep_rank"": 3, ""attempt"": 1, ""raw_output"": ""{\""community_id\"": 167, \""dominant_experience_level\"": \""mid\"", \""entry_accessibility\"": \""moderate_entry_barrier\"", \""community_label\"": \""Legal Professionals\"", \""defining_skills\"": [\""litigation\"", \""paralegal\"", \""legal_assistance\""], \""defining_responsibility_signals\"": [\""provides_legal_support\"", \""resolves_legal_issues\""] , \""confidence\"": \""high\""}""}]",7
168,58,mid,moderate_entry_barrier,Retail Store Manager,"['retail_sales', 'inventory_management', 'operations_control']","['leadership', 'training']",high,1.0,1.0,0.667,0.889,3,"manager, store, training, inventory, operations, retail, assistant, control, general, external, trainee, supervisor","[{""community_id"": 168, ""dominant_experience_level"": ""mid"", ""entry_accessibility"": ""moderate_entry_barrier"", ""community_label"": ""Retail Store Management"", ""defining_skills"": [""retail"", ""inventory"", ""operations""], ""defining_responsibility_signals"": [""store management"", ""team training""], ""confidence"": ""high"", ""rep_rank"": 1, ""attempt"": 1, ""raw_output"": ""{\""community_id\"": 168, \""dominant_experience_level\"": \""mid\"", \""entry_accessibility\"": \""moderate_entry_barrier\"", \""community_label\"": \""Retail Store Management\"", \""defining_skills\"": [\""retail\"", \""inventory\"", \""operations\""], \""defining_responsibility_signals\"": [\""store management\"", \""team training\""] , \""confidence\"": \""high\""}""}, {""community_id"": 168, ""dominant_experience_level"": ""mid"", ""entry_accessibility"": ""moderate_entry_barrier"", ""community_label"": ""Retail Store Manager"", ""defining_skills"": [""retail_sales"", ""inventory_management"", ""operations_control""], ""defining_responsibility_signals"": [""leadership"", ""training""], ""confidence"": ""high"", ""rep_rank"": 2, ""attempt"": 1, ""raw_output"": ""{\""community_id\"": 168, \""dominant_experience_level\"": \""mid\"", \""entry_accessibility\"": \""moderate_entry_barrier\"", \""community_label\"": \""Retail Store Manager\"", \""defining_skills\"": [\""retail_sales\"", \""inventory_management\"", \""operations_control\""], \""defining_responsibility_signals\"": [\""leadership\"", \""training\""] , \""confidence\"": \""high\""}""}, {""community_id"": 168, ""dominant_experience_level"": ""mid"", ""entry_accessibility"": ""moderate_entry_barrier"", ""community_label"": ""Retail Store Manager"", ""defining_skills"": [""retail_sales"", ""inventory_management"", ""operations_control""], ""defining_responsibility_signals"": [""leadership"", ""training""], ""confidence"": ""high"", ""rep_rank"": 3, ""attempt"": 1, ""raw_output"": ""{\""community_id\"": 168, \""dominant_experience_level\"": \""mid\"", \""entry_accessibility\"": \""moderate_entry_barrier\"", \""community_label\"": \""Retail Store Manager\"", \""defining_skills\"": [\""retail_sales\"", \""inventory_management\"", \""operations_control\""], \""defining_responsibility_signals\"": [\""leadership\"", \""training\""] , \""confidence\"": \""high\""}""}]",7
169,57,mid,moderate_entry_barrier,Restaurant Operations,"['food_service', 'team_management', 'customer_service']","['leadership', 'multitasking']",high,1.0,1.0,0.667,0.889,3,"restaurant, manager, crewmember, service, food, host, beverage, general, hostess, cook, supervisor, cashier","[{""community_id"": 169, ""dominant_experience_level"": ""mid"", ""entry_accessibility"": ""moderate_entry_barrier"", ""community_label"": ""Restaurant Management"", ""defining_skills"": [""food_service"", ""team_management"", ""member_relations""], ""defining_responsibility_signals"": [""leadership"", ""relationship_building""], ""confidence"": ""high"", ""rep_rank"": 1, ""attempt"": 1, ""raw_output"": ""{\""community_id\"": 169, \""dominant_experience_level\"": \""mid\"", \""entry_accessibility\"": \""moderate_entry_barrier\"", \""community_label\"": \""Restaurant Management\"", \""defining_skills\"": [\""food_service\"", \""team_management\"", \""member_relations\""], \""defining_responsibility_signals\"": [\""leadership\"", \""relationship_building\""] , \""confidence\"": \""high\""}""}, {""community_id"": 169, ""dominant_experience_level"": ""mid"", ""entry_accessibility"": ""moderate_entry_barrier"", ""community_label"": ""Restaurant Operations"", ""defining_skills"": [""food_service"", ""customer_service"", ""team_management""], ""defining_responsibility_signals"": [""leadership"", ""multitasking""], ""confidence"": ""high"", ""rep_rank"": 2, ""attempt"": 1, ""raw_output"": ""{\""community_id\"": 169, \""dominant_experience_level\"": \""mid\"", \""entry_accessibility\"": \""moderate_entry_barrier\"", \""community_label\"": \""Restaurant Operations\"", \""defining_skills\"": [\""food_service\"", \""customer_service\"", \""team_management\""], \""defining_responsibility_signals\"": [\""leadership\"", \""multitasking\""] , \""confidence\"": \""high\""}""}, {""community_id"": 169, ""dominant_experience_level"": ""mid"", ""entry_accessibility"": ""moderate_entry_barrier"", ""community_label"": ""Restaurant Operations"", ""defining_skills"": [""food_service"", ""customer_service"", ""team_management""], ""defining_responsibility_signals"": [""leadership"", ""multitasking""], ""confidence"": ""high"", ""rep_rank"": 3, ""attempt"": 1, ""raw_output"": ""{\""community_id\"": 169, \""dominant_experience_level\"": \""mid\"", \""entry_accessibility\"": \""moderate_entry_barrier\"", \""community_label\"": \""Restaurant Operations\"", \""defining_skills\"": [\""food_service\"", \""customer_service\"", \""team_management\""], \""defining_responsibility_signals\"": [\""leadership\"", \""multitasking\""] , \""confidence\"": \""high\""}""}]",7
170,57,senior,moderate_entry_barrier,Clinical Trial Management,"['clinical trials', 'logistics', 'cross-functional teams']","['provide logistical support', 'ensure site staff']",high,1.0,1.0,0.333,0.778,3,"clinical, director, senior, medical, trial, research, manager, development, affairs, writing, operations, study","[{""community_id"": 170, ""dominant_experience_level"": ""senior"", ""entry_accessibility"": ""moderate_entry_barrier"", ""community_label"": ""Clinical Trial Management"", ""defining_skills"": [""clinical trials"", ""logistics"", ""cross-functional teams""], ""defining_responsibility_signals"": [""provide logistical support"", ""ensure site staff""], ""confidence"": ""high"", ""rep_rank"": 1, ""attempt"": 1, ""raw_output"": ""{\""community_id\"": 170, \""dominant_experience_level\"": \""senior\"", \""entry_accessibility\"": \""moderate_entry_barrier\"", \""community_label\"": \""Clinical Trial Management\"", \""defining_skills\"": [\""clinical trials\"", \""logistics\"", \""cross-functional teams\""], \""defining_responsibility_signals\"": [\""provide logistical support\"", \""ensure site staff\""] , \""confidence\"": \""high\""}""}, {""community_id"": 170, ""dominant_experience_level"": ""senior"", ""entry_accessibility"": ""moderate_entry_barrier"", ""community_label"": ""Clinical Research"", ""defining_skills"": [""clinical trials"", ""research management"", ""medical affairs""], ""defining_responsibility_signals"": [""leadership"", ""study coordination""], ""confidence"": ""high"", ""rep_rank"": 2, ""attempt"": 1, ""raw_output"": ""{\""community_id\"": 170, \""dominant_experience_level\"": \""senior\"", \""entry_accessibility\"": \""moderate_entry_barrier\"", \""community_label\"": \""Clinical Research\"", \""defining_skills\"": [\""clinical trials\"", \""research management\"", \""medical affairs\""], \""defining_responsibility_signals\"": [\""leadership\"", \""study coordination\""] , \""confidence\"": \""high\""}""}, {""community_id"": 170, ""dominant_experience_level"": ""senior"", ""entry_accessibility"": ""moderate_entry_barrier"", ""community_label"": ""Medical Affairs Leadership"", ""defining_skills"": [""strategic_planning"", ""global_relationship_building"", ""medical_writing""], ""defining_responsibility_signals"": [""develop_medical_strategies"", ""execute_tactical_plans""], ""confidence"": ""high"", ""rep_rank"": 3, ""attempt"": 1, ""raw_output"": ""{\""community_id\"": 170, \""dominant_experience_level\"": \""senior\"", \""entry_accessibility\"": \""moderate_entry_barrier\"", \""community_label\"": \""Medical Affairs Leadership\"", \""defining_skills\"": [\""strategic_planning\"", \""global_relationship_building\"", \""medical_writing\""], \""defining_responsibility_signals\"": [\""develop_medical_strategies\"", \""execute_tactical_plans\""] , \""confidence\"": \""high\""}""}]",7
171,56,junior,moderate_entry_barrier,Medical Office Assistant,"['medical', 'administrative', 'patient_care']","['patient check-in/out', 'appointment scheduling']",high,1.0,1.0,0.667,0.889,3,"assistant, medical, patient, care, coordinator, medicine, office, administrative, corpus, christi, family, receptionist","[{""community_id"": 171, ""dominant_experience_level"": ""junior"", ""entry_accessibility"": ""moderate_entry_barrier"", ""community_label"": ""Medical Office Assistant"", ""defining_skills"": [""patient scheduling"", ""insurance billing"", ""medical records management""], ""defining_responsibility_signals"": [""patient check-in/out"", ""appointment scheduling""], ""confidence"": ""high"", ""rep_rank"": 1, ""attempt"": 1, ""raw_output"": ""{\""community_id\"": 171, \""dominant_experience_level\"": \""junior\"", \""entry_accessibility\"": \""moderate_entry_barrier\"", \""community_label\"": \""Medical Office Assistant\"", \""defining_skills\"": [\""patient scheduling\"", \""insurance billing\"", \""medical records management\""], \""defining_responsibility_signals\"": [\""patient check-in/out\"", \""appointment scheduling\""] , \""confidence\"": \""high\""}""}, {""community_id"": 171, ""dominant_experience_level"": ""junior"", ""entry_accessibility"": ""moderate_entry_barrier"", ""community_label"": ""Medical Office Assistant"", ""defining_skills"": [""medical"", ""administrative"", ""patient_care""], ""defining_responsibility_signals"": [""check_in_check_out"", ""financial_information_processing""], ""confidence"": ""high"", ""rep_rank"": 2, ""attempt"": 1, ""raw_output"": ""{\""community_id\"": 171, \""dominant_experience_level\"": \""junior\"", \""entry_accessibility\"": \""moderate_entry_barrier\"", \""community_label\"": \""Medical Office Assistant\"", \""defining_skills\"": [\""medical\"", \""administrative\"", \""patient_care\""], \""defining_responsibility_signals\"": [\""check_in_check_out\"", \""financial_information_processing\""] , \""confidence\"": \""high\""}""}, {""community_id"": 171, ""dominant_experience_level"": ""junior"", ""entry_accessibility"": ""moderate_entry_barrier"", ""community_label"": ""Medical Assistant"", ""defining_skills"": [""medical"", ""patient_care"", ""administrative""], ""defining_responsibility_signals"": [""coordinate_care"", ""deliver_compassionate_care""], ""confidence"": ""high"", ""rep_rank"": 3, ""attempt"": 1, ""raw_output"": ""{\""community_id\"": 171, \""dominant_experience_level\"": \""junior\"", \""entry_accessibility\"": \""moderate_entry_barrier\"", \""community_label\"": \""Medical Assistant\"", \""defining_skills\"": [\""medical\"", \""patient_care\"", \""administrative\""], \""defining_responsibility_signals\"": [\""coordinate_care\"", \""deliver_compassionate_care\""] , \""confidence\"": \""high\""}""}]",7
172,56,junior,moderate_entry_barrier,IT Support Specialist,"['technical support', 'helpdesk', 'shift work']","['campus-based user support', 'remote workforce support']",high,1.0,1.0,0.333,0.778,3,"support, technician, service, desk, specialist, technical, help, coordinator, manager, services, engineer, shift","[{""community_id"": 172, ""dominant_experience_level"": ""junior"", ""entry_accessibility"": ""moderate_entry_barrier"", ""community_label"": ""IT Support Specialist"", ""defining_skills"": [""technical support"", ""helpdesk"", ""shift work""], ""defining_responsibility_signals"": [""campus-based user support"", ""remote workforce support""], ""confidence"": ""high"", ""rep_rank"": 1, ""attempt"": 1, ""raw_output"": ""{\""community_id\"": 172, \""dominant_experience_level\"": \""junior\"", \""entry_accessibility\"": \""moderate_entry_barrier\"", \""community_label\"": \""IT Support Specialist\"", \""defining_skills\"": [\""technical support\"", \""helpdesk\"", \""shift work\""], \""defining_responsibility_signals\"": [\""campus-based user support\"", \""remote workforce support\""] , \""confidence\"": \""high\""}""}, {""community_id"": 172, ""dominant_experience_level"": ""junior"", ""entry_accessibility"": ""moderate_entry_barrier"", ""community_label"": ""Help Desk Technician"", ""defining_skills"": [""troubleshooting"", ""customer_service"", ""helpdesk_software""], ""defining_responsibility_signals"": [""resolve_tickets"", ""assist_users""], ""confidence"": ""high"", ""rep_rank"": 2, ""attempt"": 1, ""raw_output"": ""{\""community_id\"": 172, \""dominant_experience_level\"": \""junior\"", \""entry_accessibility\"": \""moderate_entry_barrier\"", \""community_label\"": \""Help Desk Technician\"", \""defining_skills\"": [\""troubleshooting\"", \""customer_service\"", \""helpdesk_software\""], \""defining_responsibility_signals\"": [\""resolve_tickets\"", \""assist_users\""] , \""confidence\"": \""high\""}""}, {""community_id"": 172, ""dominant_experience_level"": ""junior"", ""entry_accessibility"": ""moderate_entry_barrier"", ""community_label"": ""Technical Support"", ""defining_skills"": [""Support"", ""Technician"", ""Service Desk""], ""defining_responsibility_signals"": [""Help"", ""Coordinator""], ""confidence"": ""high"", ""rep_rank"": 3, ""attempt"": 1, ""raw_output"": ""{\""community_id\"": 172, \""dominant_experience_level\"": \""junior\"", \""entry_accessibility\"": \""moderate_entry_barrier\"", \""community_label\"": \""Technical Support\"", \""defining_skills\"": [\""Support\"", \""Technician\"", \""Service Desk\""], \""defining_responsibility_signals\"": [\""Help\"", \""Coordinator\""] , \""confidence\"": \""high\""}""}]",7
173,56,senior,moderate_entry_barrier,Senior Software Engineers,"['react', 'salesforce', 'backend']","['shaping the future', 'technical lead']",high,0.667,1.0,0.667,0.778,3,"engineer, senior, developer, software, stack, react, salesforce, staff, backend, designer, technical, front","[{""community_id"": 173, ""dominant_experience_level"": ""senior"", ""entry_accessibility"": ""moderate_entry_barrier"", ""community_label"": ""Senior Software Engineers"", ""defining_skills"": [""react"", ""salesforce"", ""backend""], ""defining_responsibility_signals"": [""technical lead"", ""shaping the future""], ""confidence"": ""high"", ""rep_rank"": 1, ""attempt"": 1, ""raw_output"": ""{\""community_id\"": 173, \""dominant_experience_level\"": \""senior\"", \""entry_accessibility\"": \""moderate_entry_barrier\"", \""community_label\"": \""Senior Software Engineers\"", \""defining_skills\"": [\""react\"", \""salesforce\"", \""backend\""], \""defining_responsibility_signals\"": [\""technical lead\"", \""shaping the future\""] , \""confidence\"": \""high\""}""}, {""community_id"": 173, ""dominant_experience_level"": ""senior"", ""entry_accessibility"": ""moderate_entry_barrier"", ""community_label"": ""Senior Software Engineers"", ""defining_skills"": [""react"", ""salesforce"", ""backend""], ""defining_responsibility_signals"": [""shaping the future"", ""accessing global talents""], ""confidence"": ""high"", ""rep_rank"": 2, ""attempt"": 1, ""raw_output"": ""{\""community_id\"": 173, \""dominant_experience_level\"": \""senior\"", \""entry_accessibility\"": \""moderate_entry_barrier\"", \""community_label\"": \""Senior Software Engineers\"", \""defining_skills\"": [\""react\"", \""salesforce\"", \""backend\""], \""defining_responsibility_signals\"": [\""shaping the future\"", \""accessing global talents\""] , \""confidence\"": \""high\""}""}, {""community_id"": 173, ""dominant_experience_level"": ""mid"", ""entry_accessibility"": ""moderate_entry_barrier"", ""community_label"": ""React UI Developers"", ""defining_skills"": [""React"", ""UI/UX Design"", ""Frontend Development""], ""defining_responsibility_signals"": [""Design"", ""Develop and Test User Interfaces""], ""confidence"": ""high"", ""rep_rank"": 3, ""attempt"": 1, ""raw_output"": ""{\""community_id\"": 173, \""dominant_experience_level\"": \""mid\"", \""entry_accessibility\"": \""moderate_entry_barrier\"", \""community_label\"": \""React UI Developers\"", \""defining_skills\"": [\""React\"", \""UI/UX Design\"", \""Frontend Development\""], \""defining_responsibility_signals\"": [\""Design\"", \""Develop and Test User Interfaces\""] , \""confidence\"": \""high\""}""}]",7
174,55,mid,moderate_entry_barrier,Compliance Management,"['risk management', 'compliance', 'regulatory compliance']","['manage compliance programs', 'ensure regulatory compliance']",high,1.0,1.0,0.333,0.778,3,"compliance, analyst, specialist, manager, senior, officer, risk, management, regulatory, program, financial, director","[{""community_id"": 174, ""dominant_experience_level"": ""mid"", ""entry_accessibility"": ""moderate_entry_barrier"", ""community_label"": ""Compliance Management"", ""defining_skills"": [""risk management"", ""regulatory compliance"", ""financial compliance""], ""defining_responsibility_signals"": [""manage compliance programs"", ""ensure regulatory compliance""], ""confidence"": ""high"", ""rep_rank"": 1, ""attempt"": 1, ""raw_output"": ""{\""community_id\"": 174, \""dominant_experience_level\"": \""mid\"", \""entry_accessibility\"": \""moderate_entry_barrier\"", \""community_label\"": \""Compliance Management\"", \""defining_skills\"": [\""risk management\"", \""regulatory compliance\"", \""financial compliance\""], \""defining_responsibility_signals\"": [\""manage compliance programs\"", \""ensure regulatory compliance\""] , \""confidence\"": \""high\""}""}, {""community_id"": 174, ""dominant_experience_level"": ""mid"", ""entry_accessibility"": ""moderate_entry_barrier"", ""community_label"": ""Compliance & Risk Management"", ""defining_skills"": [""compliance"", ""risk management"", ""regulatory knowledge""], ""defining_responsibility_signals"": [""interface with teams"", ""coordinate issues resolution""], ""confidence"": ""high"", ""rep_rank"": 2, ""attempt"": 1, ""raw_output"": ""{\""community_id\"": 174, \""dominant_experience_level\"": \""mid\"", \""entry_accessibility\"": \""moderate_entry_barrier\"", \""community_label\"": \""Compliance & Risk Management\"", \""defining_skills\"": [\""compliance\"", \""risk management\"", \""regulatory knowledge\""], \""defining_responsibility_signals\"": [\""interface with teams\"", \""coordinate issues resolution\""] , \""confidence\"": \""high\""}""}, {""community_id"": 174, ""dominant_experience_level"": ""mid"", ""entry_accessibility"": ""moderate_entry_barrier"", ""community_label"": ""Regulatory Compliance Specialist"", ""defining_skills"": [""compliance"", ""risk management"", ""regulatory program""], ""defining_responsibility_signals"": [""project management"", ""analyst role""], ""confidence"": ""high"", ""rep_rank"": 3, ""attempt"": 1, ""raw_output"": ""{\""community_id\"": 174, \""dominant_experience_level\"": \""mid\"", \""entry_accessibility\"": \""moderate_entry_barrier\"", \""community_label\"": \""Regulatory Compliance Specialist\"", \""defining_skills\"": [\""compliance\"", \""risk management\"", \""regulatory program\""], \""defining_responsibility_signals\"": [\""project management\"", \""analyst role\""] , \""confidence\"": \""high\""}""}]",7
175,55,mid,moderate_entry_barrier,Disaster Relief & Humanitarian Aid,"['outreach', 'policy research', 'advocacy']","['engage community', 'promote transparency']",high,1.0,1.0,0.667,0.889,3,"volunteer, disaster, research, improve, response, recovery, outreach, diaspora, engaging, online, team, humanitarian","[{""community_id"": 175, ""dominant_experience_level"": ""mid"", ""entry_accessibility"": ""moderate_entry_barrier"", ""community_label"": ""Disaster Relief & Humanitarian Aid"", ""defining_skills"": [""outreach"", ""policy research"", ""advocacy""], ""defining_responsibility_signals"": [""engage community"", ""promote transparency""], ""confidence"": ""high"", ""rep_rank"": 1, ""attempt"": 1, ""raw_output"": ""{\""community_id\"": 175, \""dominant_experience_level\"": \""mid\"", \""entry_accessibility\"": \""moderate_entry_barrier\"", \""community_label\"": \""Disaster Relief & Humanitarian Aid\"", \""defining_skills\"": [\""outreach\"", \""policy research\"", \""advocacy\""], \""defining_responsibility_signals\"": [\""engage community\"", \""promote transparency\""] , \""confidence\"": \""high\""}""}, {""community_id"": 175, ""dominant_experience_level"": ""mid"", ""entry_accessibility"": ""moderate_entry_barrier"", ""community_label"": ""Disaster Relief & Humanitarian Aid"", ""defining_skills"": [""outreach"", ""policy research"", ""advocacy""], ""defining_responsibility_signals"": [""engage community"", ""promote transparency""], ""confidence"": ""high"", ""rep_rank"": 2, ""attempt"": 1, ""raw_output"": ""{\""community_id\"": 175, \""dominant_experience_level\"": \""mid\"", \""entry_accessibility\"": \""moderate_entry_barrier\"", \""community_label\"": \""Disaster Relief & Humanitarian Aid\"", \""defining_skills\"": [\""outreach\"", \""policy research\"", \""advocacy\""], \""defining_responsibility_signals\"": [\""engage community\"", \""promote transparency\""] , \""confidence\"": \""high\""}""}, {""community_id"": 175, ""dominant_experience_level"": ""mid"", ""entry_accessibility"": ""moderate_entry_barrier"", ""community_label"": ""Humanitarian Research & Outreach"", ""defining_skills"": [""Research"", ""Outreach"", ""Policy Advocacy""], ""defining_responsibility_signals"": [""Advance Policy Research"", ""Promote Transparency""], ""confidence"": ""high"", ""rep_rank"": 3, ""attempt"": 1, ""raw_output"": ""{\""community_id\"": 175, \""dominant_experience_level\"": \""mid\"", \""entry_accessibility\"": \""moderate_entry_barrier\"", \""community_label\"": \""Humanitarian Research & Outreach\"", \""defining_skills\"": [\""Research\"", \""Outreach\"", \""Policy Advocacy\""], \""defining_responsibility_signals\"": [\""Advance Policy Research\"", \""Promote Transparency\""] , \""confidence\"": \""high\""}""}]",8
176,54,mid,moderate_entry_barrier,Tax Management,"['tax', 'accounting', 'tax preparation']","['prepare tax returns', 'collaborate with team']",high,1.0,1.0,0.667,0.889,3,"tax, manager, senior, director, analyst, international, preparer, advisor, core, accountant, supervisor, real","[{""community_id"": 176, ""dominant_experience_level"": ""mid"", ""entry_accessibility"": ""moderate_entry_barrier"", ""community_label"": ""Tax Professionals"", ""defining_skills"": [""tax preparation"", ""remote work"", ""client service""], ""defining_responsibility_signals"": [""prepare tax returns"", ""collaborate with team""], ""confidence"": ""high"", ""rep_rank"": 1, ""attempt"": 1, ""raw_output"": ""{\""community_id\"": 176, \""dominant_experience_level\"": \""mid\"", \""entry_accessibility\"": \""moderate_entry_barrier\"", \""community_label\"": \""Tax Professionals\"", \""defining_skills\"": [\""tax preparation\"", \""remote work\"", \""client service\""], \""defining_responsibility_signals\"": [\""prepare tax returns\"", \""collaborate with team\""] , \""confidence\"": \""high\""}""}, {""community_id"": 176, ""dominant_experience_level"": ""mid"", ""entry_accessibility"": ""moderate_entry_barrier"", ""community_label"": ""Tax Management"", ""defining_skills"": [""tax"", ""accounting"", ""advisory""], ""defining_responsibility_signals"": [""leadership"", ""client_advisory""], ""confidence"": ""high"", ""rep_rank"": 2, ""attempt"": 1, ""raw_output"": ""{\""community_id\"": 176, \""dominant_experience_level\"": \""mid\"", \""entry_accessibility\"": \""moderate_entry_barrier\"", \""community_label\"": \""Tax Management\"", \""defining_skills\"": [\""tax\"", \""accounting\"", \""advisory\""], \""defining_responsibility_signals\"": [\""leadership\"", \""client_advisory\""] , \""confidence\"": \""high\""}""}, {""community_id"": 176, ""dominant_experience_level"": ""mid"", ""entry_accessibility"": ""moderate_entry_barrier"", ""community_label"": ""Tax Management"", ""defining_skills"": [""tax"", ""accounting"", ""compliance""], ""defining_responsibility_signals"": [""tax return management"", ""cross-functional teamwork""], ""confidence"": ""high"", ""rep_rank"": 3, ""attempt"": 1, ""raw_output"": ""{\""community_id\"": 176, \""dominant_experience_level\"": \""mid\"", \""entry_accessibility\"": \""moderate_entry_barrier\"", \""community_label\"": \""Tax Management\"", \""defining_skills\"": [\""tax\"", \""accounting\"", \""compliance\""], \""defining_responsibility_signals\"": [\""tax return management\"", \""cross-functional teamwork\""] , \""confidence\"": \""high\""}""}]",8
177,54,mid,moderate_entry_barrier,ETL/Software Developer,"['SQL', 'Python', 'ETL']","['compliance', 'banking industry experience']",high,1.0,1.0,0.333,0.778,3,"developer, engineer, lead, net, software, automation, systems, administrator, test, system, python, senior","[{""community_id"": 177, ""dominant_experience_level"": ""mid"", ""entry_accessibility"": ""moderate_entry_barrier"", ""community_label"": ""ETL/Software Developer"", ""defining_skills"": [""ETL"", ""SQL"", ""SSIS/Informatica""], ""defining_responsibility_signals"": [""compliance"", ""banking industry experience""], ""confidence"": ""high"", ""rep_rank"": 1, ""attempt"": 1, ""raw_output"": ""{\""community_id\"": 177, \""dominant_experience_level\"": \""mid\"", \""entry_accessibility\"": \""moderate_entry_barrier\"", \""community_label\"": \""ETL/Software Developer\"", \""defining_skills\"": [\""ETL\"", \""SQL\"", \""SSIS/Informatica\""], \""defining_responsibility_signals\"": [\""compliance\"", \""banking industry experience\""] , \""confidence\"": \""high\""}""}, {""community_id"": 177, ""dominant_experience_level"": ""mid"", ""entry_accessibility"": ""moderate_entry_barrier"", ""community_label"": ""Software Engineer"", ""defining_skills"": [""Python"", ""SQL"", ""MES""], ""defining_responsibility_signals"": [""Design"", ""Development""], ""confidence"": ""high"", ""rep_rank"": 2, ""attempt"": 1, ""raw_output"": ""{\""community_id\"": 177, \""dominant_experience_level\"": \""mid\"", \""entry_accessibility\"": \""moderate_entry_barrier\"", \""community_label\"": \""Software Engineer\"", \""defining_skills\"": [\""Python\"", \""SQL\"", \""MES\""], \""defining_responsibility_signals\"": [\""Design\"", \""Development\""] , \""confidence\"": \""high\""}""}, {""community_id"": 177, ""dominant_experience_level"": ""mid"", ""entry_accessibility"": ""moderate_entry_barrier"", ""community_label"": ""IT Systems & Software"", ""defining_skills"": [""Python"", ""Automation"", ""Systems Administration""], ""defining_responsibility_signals"": [""Server Administration"", ""User/Group Management""], ""confidence"": ""high"", ""rep_rank"": 3, ""attempt"": 1, ""raw_output"": ""{\""community_id\"": 177, \""dominant_experience_level\"": \""mid\"", \""entry_accessibility\"": \""moderate_entry_barrier\"", \""community_label\"": \""IT Systems & Software\"", \""defining_skills\"": [\""Python\"", \""Automation\"", \""Systems Administration\""], \""defining_responsibility_signals\"": [\""Server Administration\"", \""User/Group Management\""] , \""confidence\"": \""high\""}""}]",8
178,54,mid,moderate_entry_barrier,Specialty Surgery Center Operations,"['surgery', 'surgery center operations', 'software implementation']","['leadership', 'consultation']",high,1.0,1.0,0.333,0.778,3,"center, surgery, consultant, manager, pacu, preop, care, senior, nurse, operations, software, implementation","[{""community_id"": 178, ""dominant_experience_level"": ""mid"", ""entry_accessibility"": ""moderate_entry_barrier"", ""community_label"": ""Specialty Surgery Center Operations"", ""defining_skills"": [""surgery center operations"", ""software implementation"", ""care management""], ""defining_responsibility_signals"": [""leadership"", ""consultation""], ""confidence"": ""high"", ""rep_rank"": 1, ""attempt"": 1, ""raw_output"": ""{\""community_id\"": 178, \""dominant_experience_level\"": \""mid\"", \""entry_accessibility\"": \""moderate_entry_barrier\"", \""community_label\"": \""Specialty Surgery Center Operations\"", \""defining_skills\"": [\""surgery center operations\"", \""software implementation\"", \""care management\""], \""defining_responsibility_signals\"": [\""leadership\"", \""consultation\""] , \""confidence\"": \""high\""}""}, {""community_id"": 178, ""dominant_experience_level"": ""mid"", ""entry_accessibility"": ""moderate_entry_barrier"", ""community_label"": ""Operating Room Nursing"", ""defining_skills"": [""surgery"", ""pacu"", ""preop""], ""defining_responsibility_signals"": [""care"", ""operations""], ""confidence"": ""high"", ""rep_rank"": 2, ""attempt"": 1, ""raw_output"": ""{\""community_id\"": 178, \""dominant_experience_level\"": \""mid\"", \""entry_accessibility\"": \""moderate_entry_barrier\"", \""community_label\"": \""Operating Room Nursing\"", \""defining_skills\"": [\""surgery\"", \""pacu\"", \""preop\""], \""defining_responsibility_signals\"": [\""care\"", \""operations\""] , \""confidence\"": \""high\""}""}, {""community_id"": 178, ""dominant_experience_level"": ""mid"", ""entry_accessibility"": ""moderate_entry_barrier"", ""community_label"": ""Operational Surgery Center"", ""defining_skills"": [""surgery"", ""software"", ""implementation""], ""defining_responsibility_signals"": [""consultant"", ""manager""], ""confidence"": ""high"", ""rep_rank"": 3, ""attempt"": 1, ""raw_output"": ""{\""community_id\"": 178, \""dominant_experience_level\"": \""mid\"", \""entry_accessibility\"": \""moderate_entry_barrier\"", \""community_label\"": \""Operational Surgery Center\"", \""defining_skills\"": [\""surgery\"", \""software\"", \""implementation\""], \""defining_responsibility_signals\"": [\""consultant\"", \""manager\""] , \""confidence\"": \""high\""}""}]",8
179,53,mid,moderate_entry_barrier,Sales Management,"['sales', 'sales management', 'account management']","['meeting sales objectives', 'managing price guidelines']",high,1.0,1.0,0.333,0.778,3,"sales, manager, customer, service, representative, inside, specialist, regional, territory, operations, support, market","[{""community_id"": 179, ""dominant_experience_level"": ""mid"", ""entry_accessibility"": ""moderate_entry_barrier"", ""community_label"": ""Sales Management"", ""defining_skills"": [""sales management"", ""account management"", ""broker management""], ""defining_responsibility_signals"": [""meeting sales objectives"", ""managing price guidelines""], ""confidence"": ""high"", ""rep_rank"": 1, ""attempt"": 1, ""raw_output"": ""{\""community_id\"": 179, \""dominant_experience_level\"": \""mid\"", \""entry_accessibility\"": \""moderate_entry_barrier\"", \""community_label\"": \""Sales Management\"", \""defining_skills\"": [\""sales management\"", \""account management\"", \""broker management\""], \""defining_responsibility_signals\"": [\""meeting sales objectives\"", \""managing price guidelines\""] , \""confidence\"": \""high\""}""}, {""community_id"": 179, ""dominant_experience_level"": ""mid"", ""entry_accessibility"": ""moderate_entry_barrier"", ""community_label"": ""Sales & Customer Service"", ""defining_skills"": [""sales"", ""customer service"", ""market development""], ""defining_responsibility_signals"": [""generate sales leads"", ""partners with sales teams""], ""confidence"": ""high"", ""rep_rank"": 2, ""attempt"": 1, ""raw_output"": ""{\""community_id\"": 179, \""dominant_experience_level\"": \""mid\"", \""entry_accessibility\"": \""moderate_entry_barrier\"", \""community_label\"": \""Sales & Customer Service\"", \""defining_skills\"": [\""sales\"", \""customer service\"", \""market development\""], \""defining_responsibility_signals\"": [\""generate sales leads\"", \""partners with sales teams\""] , \""confidence\"": \""high\""}""}, {""community_id"": 179, ""dominant_experience_level"": ""mid"", ""entry_accessibility"": ""moderate_entry_barrier"", ""community_label"": ""Inside Sales"", ""defining_skills"": [""sales"", ""customer_service"", ""market_operations""], ""defining_responsibility_signals"": [""account_management"", ""cross_functional_collaboration""], ""confidence"": ""high"", ""rep_rank"": 3, ""attempt"": 1, ""raw_output"": ""{\""community_id\"": 179, \""dominant_experience_level\"": \""mid\"", \""entry_accessibility\"": \""moderate_entry_barrier\"", \""community_label\"": \""Inside Sales\"", \""defining_skills\"": [\""sales\"", \""customer_service\"", \""market_operations\""], \""defining_responsibility_signals\"": [\""account_management\"", \""cross_functional_collaboration\""] , \""confidence\"": \""high\""}""}]",8
180,53,junior,moderate_entry_barrier,Medical Assistant,"['medical_assistant', 'certified', 'registered']","['patient_interview', 'vital_signs_measurement']",high,1.0,1.0,1.0,1.0,3,"assistant, medical, certified, cma, clinic, days, lpn, cardiology, registered, family, south, clinical","[{""community_id"": 180, ""dominant_experience_level"": ""junior"", ""entry_accessibility"": ""moderate_entry_barrier"", ""community_label"": ""Medical Assistant"", ""defining_skills"": [""medical_assistant"", ""certified"", ""registered""], ""defining_responsibility_signals"": [""patient_interview"", ""vital_signs_measurement""], ""confidence"": ""high"", ""rep_rank"": 1, ""attempt"": 1, ""raw_output"": ""{\""community_id\"": 180, \""dominant_experience_level\"": \""junior\"", \""entry_accessibility\"": \""moderate_entry_barrier\"", \""community_label\"": \""Medical Assistant\"", \""defining_skills\"": [\""medical_assistant\"", \""certified\"", \""registered\""], \""defining_responsibility_signals\"": [\""patient_interview\"", \""vital_signs_measurement\""] , \""confidence\"": \""high\""}""}, {""community_id"": 180, ""dominant_experience_level"": ""junior"", ""entry_accessibility"": ""moderate_entry_barrier"", ""community_label"": ""Medical Assistant"", ""defining_skills"": [""clinical"", ""medical"", ""certified""], ""defining_responsibility_signals"": [""provides clinical support"", ""non-exempt""], ""confidence"": ""high"", ""rep_rank"": 2, ""attempt"": 1, ""raw_output"": ""{\""community_id\"": 180, \""dominant_experience_level\"": \""junior\"", \""entry_accessibility\"": \""moderate_entry_barrier\"", \""community_label\"": \""Medical Assistant\"", \""defining_skills\"": [\""clinical\"", \""medical\"", \""certified\""], \""defining_responsibility_signals\"": [\""provides clinical support\"", \""non-exempt\""] , \""confidence\"": \""high\""}""}, {""community_id"": 180, ""dominant_experience_level"": ""junior"", ""entry_accessibility"": ""moderate_entry_barrier"", ""community_label"": ""Medical Assistant"", ""defining_skills"": [""medical_assistant"", ""patient_interview"", ""vital_signs_measurement""], ""defining_responsibility_signals"": [""assist_physician"", ""record_information""], ""confidence"": ""high"", ""rep_rank"": 3, ""attempt"": 1, ""raw_output"": ""{\""community_id\"": 180, \""dominant_experience_level\"": \""junior\"", \""entry_accessibility\"": \""moderate_entry_barrier\"", \""community_label\"": \""Medical Assistant\"", \""defining_skills\"": [\""medical_assistant\"", \""patient_interview\"", \""vital_signs_measurement\""], \""defining_responsibility_signals\"": [\""assist_physician\"", \""record_information\""] , \""confidence\"": \""high\""}""}]",8
181,53,junior,moderate_entry_barrier,Medical Laboratory Technologist,"['clinical', 'histology', 'patient care']","['coordination', 'assistance']",high,1.0,1.0,0.667,0.889,3,"assistant, laboratory, coordinator, technologist, medical, patient, care, nurse, clinical, histology, services, prn","[{""community_id"": 181, ""dominant_experience_level"": ""junior"", ""entry_accessibility"": ""moderate_entry_barrier"", ""community_label"": ""Medical Assistant"", ""defining_skills"": [""clinical"", ""patient_care"", ""histology""], ""defining_responsibility_signals"": [""coordination"", ""assistance""], ""confidence"": ""high"", ""rep_rank"": 1, ""attempt"": 1, ""raw_output"": ""{\""community_id\"": 181, \""dominant_experience_level\"": \""junior\"", \""entry_accessibility\"": \""moderate_entry_barrier\"", \""community_label\"": \""Medical Assistant\"", \""defining_skills\"": [\""clinical\"", \""patient_care\"", \""histology\""], \""defining_responsibility_signals\"": [\""coordination\"", \""assistance\""] , \""confidence\"": \""high\""}""}, {""community_id"": 181, ""dominant_experience_level"": ""junior"", ""entry_accessibility"": ""moderate_entry_barrier"", ""community_label"": ""Medical Laboratory Technologist"", ""defining_skills"": [""histology"", ""clinical"", ""patient care""], ""defining_responsibility_signals"": [""coordinator"", ""assistant""], ""confidence"": ""high"", ""rep_rank"": 2, ""attempt"": 1, ""raw_output"": ""{\""community_id\"": 181, \""dominant_experience_level\"": \""junior\"", \""entry_accessibility\"": \""moderate_entry_barrier\"", \""community_label\"": \""Medical Laboratory Technologist\"", \""defining_skills\"": [\""histology\"", \""clinical\"", \""patient care\""], \""defining_responsibility_signals\"": [\""coordinator\"", \""assistant\""] , \""confidence\"": \""high\""}""}, {""community_id"": 181, ""dominant_experience_level"": ""junior"", ""entry_accessibility"": ""moderate_entry_barrier"", ""community_label"": ""Medical Laboratory Technologist"", ""defining_skills"": [""histology"", ""clinical"", ""patient care""], ""defining_responsibility_signals"": [""coordinate"", ""assist""], ""confidence"": ""high"", ""rep_rank"": 3, ""attempt"": 1, ""raw_output"": ""{\""community_id\"": 181, \""dominant_experience_level\"": \""junior\"", \""entry_accessibility\"": \""moderate_entry_barrier\"", \""community_label\"": \""Medical Laboratory Technologist\"", \""defining_skills\"": [\""histology\"", \""clinical\"", \""patient care\""], \""defining_responsibility_signals\"": [\""coordinate\"", \""assist\""] , \""confidence\"": \""high\""}""}]",8
182,53,junior,moderate_entry_barrier,Patient Access Specialist,"['patient care', 'client service', 'family support']","['coordinate care', 'financial access']",high,1.0,1.0,1.0,1.0,3,"patient, representative, service, services, coordinator, specialist, access, care, client, rep, family, financial","[{""community_id"": 182, ""dominant_experience_level"": ""junior"", ""entry_accessibility"": ""moderate_entry_barrier"", ""community_label"": ""Patient Access Specialist"", ""defining_skills"": [""patient care"", ""client service"", ""family support""], ""defining_responsibility_signals"": [""coordinate care"", ""financial access""], ""confidence"": ""high"", ""rep_rank"": 1, ""attempt"": 1, ""raw_output"": ""{\""community_id\"": 182, \""dominant_experience_level\"": \""junior\"", \""entry_accessibility\"": \""moderate_entry_barrier\"", \""community_label\"": \""Patient Access Specialist\"", \""defining_skills\"": [\""patient care\"", \""client service\"", \""family support\""], \""defining_responsibility_signals\"": [\""coordinate care\"", \""financial access\""] , \""confidence\"": \""high\""}""}, {""community_id"": 182, ""dominant_experience_level"": ""junior"", ""entry_accessibility"": ""moderate_entry_barrier"", ""community_label"": ""Patient Access Specialist"", ""defining_skills"": [""patient care"", ""client service"", ""family support""], ""defining_responsibility_signals"": [""coordinate care"", ""financial access""], ""confidence"": ""high"", ""rep_rank"": 2, ""attempt"": 1, ""raw_output"": ""{\""community_id\"": 182, \""dominant_experience_level\"": \""junior\"", \""entry_accessibility\"": \""moderate_entry_barrier\"", \""community_label\"": \""Patient Access Specialist\"", \""defining_skills\"": [\""patient care\"", \""client service\"", \""family support\""], \""defining_responsibility_signals\"": [\""coordinate care\"", \""financial access\""] , \""confidence\"": \""high\""}""}, {""community_id"": 182, ""dominant_experience_level"": ""junior"", ""entry_accessibility"": ""moderate_entry_barrier"", ""community_label"": ""Patient Access Specialist"", ""defining_skills"": [""patient care"", ""client service"", ""financial services""], ""defining_responsibility_signals"": [""coordinate care"", ""represent clients""], ""confidence"": ""high"", ""rep_rank"": 3, ""attempt"": 1, ""raw_output"": ""{\""community_id\"": 182, \""dominant_experience_level\"": \""junior\"", \""entry_accessibility\"": \""moderate_entry_barrier\"", \""community_label\"": \""Patient Access Specialist\"", \""defining_skills\"": [\""patient care\"", \""client service\"", \""financial services\""], \""defining_responsibility_signals\"": [\""coordinate care\"", \""represent clients\""] , \""confidence\"": \""high\""}""}]",8
183,53,mid,moderate_entry_barrier,Process Engineering & Management,"['process improvement', 'engineering management', 'manufacturing development']","['leadership', 'seniority']",high,1.0,1.0,0.667,0.889,3,"process, engineer, manager, lead, senior, improvement, engineering, development, manufacturing, director, shift, product","[{""community_id"": 183, ""dominant_experience_level"": ""mid"", ""entry_accessibility"": ""moderate_entry_barrier"", ""community_label"": ""Process Engineering & Management"", ""defining_skills"": [""process improvement"", ""engineering management"", ""manufacturing development""], ""defining_responsibility_signals"": [""leadership"", ""seniority""], ""confidence"": ""high"", ""rep_rank"": 1, ""attempt"": 1, ""raw_output"": ""{\""community_id\"": 183, \""dominant_experience_level\"": \""mid\"", \""entry_accessibility\"": \""moderate_entry_barrier\"", \""community_label\"": \""Process Engineering & Management\"", \""defining_skills\"": [\""process improvement\"", \""engineering management\"", \""manufacturing development\""], \""defining_responsibility_signals\"": [\""leadership\"", \""seniority\""] , \""confidence\"": \""high\""}""}, {""community_id"": 183, ""dominant_experience_level"": ""mid"", ""entry_accessibility"": ""moderate_entry_barrier"", ""community_label"": ""Process Engineering & Management"", ""defining_skills"": [""process improvement"", ""engineering management"", ""manufacturing development""], ""defining_responsibility_signals"": [""optimize operational processes"", ""enhance efficiency and quality""], ""confidence"": ""high"", ""rep_rank"": 2, ""attempt"": 1, ""raw_output"": ""{\""community_id\"": 183, \""dominant_experience_level\"": \""mid\"", \""entry_accessibility\"": \""moderate_entry_barrier\"", \""community_label\"": \""Process Engineering & Management\"", \""defining_skills\"": [\""process improvement\"", \""engineering management\"", \""manufacturing development\""], \""defining_responsibility_signals\"": [\""optimize operational processes\"", \""enhance efficiency and quality\""] , \""confidence\"": \""high\""}""}, {""community_id"": 183, ""dominant_experience_level"": ""mid"", ""entry_accessibility"": ""moderate_entry_barrier"", ""community_label"": ""Process Engineering"", ""defining_skills"": [""process improvement"", ""engineering"", ""manufacturing""], ""defining_responsibility_signals"": [""leadership"", ""collaboration""], ""confidence"": ""high"", ""rep_rank"": 3, ""attempt"": 1, ""raw_output"": ""{\""community_id\"": 183, \""dominant_experience_level\"": \""mid\"", \""entry_accessibility\"": \""moderate_entry_barrier\"", \""community_label\"": \""Process Engineering\"", \""defining_skills\"": [\""process improvement\"", \""engineering\"", \""manufacturing\""], \""defining_responsibility_signals\"": [\""leadership\"", \""collaboration\""] , \""confidence\"": \""high\""}""}]",8
184,53,mid,moderate_entry_barrier,Retail Product Specialist,"['Store Operations', 'Retail', 'Product Management']","['Leadership', 'Team Management']",high,1.0,1.0,0.667,0.889,3,"retail, product, specialist, store, manager, assistant, outlets, floor, leader, premium, outlet, shoppes","[{""community_id"": 184, ""dominant_experience_level"": ""mid"", ""entry_accessibility"": ""moderate_entry_barrier"", ""community_label"": ""Retail Product Specialist"", ""defining_skills"": [""Retail"", ""Product Management"", ""Store Operations""], ""defining_responsibility_signals"": [""Leadership"", ""Team Management""], ""confidence"": ""high"", ""rep_rank"": 1, ""attempt"": 1, ""raw_output"": ""{\""community_id\"": 184, \""dominant_experience_level\"": \""mid\"", \""entry_accessibility\"": \""moderate_entry_barrier\"", \""community_label\"": \""Retail Product Specialist\"", \""defining_skills\"": [\""Retail\"", \""Product Management\"", \""Store Operations\""], \""defining_responsibility_signals\"": [\""Leadership\"", \""Team Management\""] , \""confidence\"": \""high\""}""}, {""community_id"": 184, ""dominant_experience_level"": ""mid"", ""entry_accessibility"": ""moderate_entry_barrier"", ""community_label"": ""Retail Product Specialist"", ""defining_skills"": [""Retail"", ""Product Management"", ""Store Operations""], ""defining_responsibility_signals"": [""Leadership"", ""Bachelor's Degree""], ""confidence"": ""high"", ""rep_rank"": 2, ""attempt"": 1, ""raw_output"": ""{\""community_id\"": 184, \""dominant_experience_level\"": \""mid\"", \""entry_accessibility\"": \""moderate_entry_barrier\"", \""community_label\"": \""Retail Product Specialist\"", \""defining_skills\"": [\""Retail\"", \""Product Management\"", \""Store Operations\""], \""defining_responsibility_signals\"": [\""Leadership\"", \""Bachelor's Degree\""] , \""confidence\"": \""high\""}""}, {""community_id"": 184, ""dominant_experience_level"": ""mid"", ""entry_accessibility"": ""moderate_entry_barrier"", ""community_label"": ""Retail Store Management"", ""defining_skills"": [""Retail Sales"", ""Store Operations"", ""Team Leadership""], ""defining_responsibility_signals"": [""New Store Opening"", ""Product Management""], ""confidence"": ""high"", ""rep_rank"": 3, ""attempt"": 1, ""raw_output"": ""{\""community_id\"": 184, \""dominant_experience_level\"": \""mid\"", \""entry_accessibility\"": \""moderate_entry_barrier\"", \""community_label\"": \""Retail Store Management\"", \""defining_skills\"": [\""Retail Sales\"", \""Store Operations\"", \""Team Leadership\""], \""defining_responsibility_signals\"": [\""New Store Opening\"", \""Product Management\""] , \""confidence\"": \""high\""}""}]",8
185,53,mid,moderate_entry_barrier,Principal Systems Engineer,"['systems engineering', 'software engineering', 'project management']","['leadership', 'technical expertise']",high,1.0,1.0,0.333,0.778,3,"principal, engineer, systems, software, manager, staff, clearance, specialist, aht, project, management, required","[{""community_id"": 185, ""dominant_experience_level"": ""mid"", ""entry_accessibility"": ""moderate_entry_barrier"", ""community_label"": ""Principal Systems Engineer"", ""defining_skills"": [""systems engineering"", ""software engineering"", ""project management""], ""defining_responsibility_signals"": [""leadership"", ""technical expertise""], ""confidence"": ""high"", ""rep_rank"": 1, ""attempt"": 1, ""raw_output"": ""{\""community_id\"": 185, \""dominant_experience_level\"": \""mid\"", \""entry_accessibility\"": \""moderate_entry_barrier\"", \""community_label\"": \""Principal Systems Engineer\"", \""defining_skills\"": [\""systems engineering\"", \""software engineering\"", \""project management\""], \""defining_responsibility_signals\"": [\""leadership\"", \""technical expertise\""] , \""confidence\"": \""high\""}""}, {""community_id"": 185, ""dominant_experience_level"": ""mid"", ""entry_accessibility"": ""moderate_entry_barrier"", ""community_label"": ""Systems Engineering"", ""defining_skills"": [""Systems Engineering"", ""Project Management"", ""Clearance Required""], ""defining_responsibility_signals"": [""Leadership"", ""Bachelor's Degree Required""], ""confidence"": ""high"", ""rep_rank"": 2, ""attempt"": 1, ""raw_output"": ""{\""community_id\"": 185, \""dominant_experience_level\"": \""mid\"", \""entry_accessibility\"": \""moderate_entry_barrier\"", \""community_label\"": \""Systems Engineering\"", \""defining_skills\"": [\""Systems Engineering\"", \""Project Management\"", \""Clearance Required\""], \""defining_responsibility_signals\"": [\""Leadership\"", \""Bachelor's Degree Required\""] , \""confidence\"": \""high\""}""}, {""community_id"": 185, ""dominant_experience_level"": ""mid"", ""entry_accessibility"": ""moderate_entry_barrier"", ""community_label"": ""Principal Engineer - Cloud & Applications"", ""defining_skills"": [""cloud"", ""applications"", ""software""], ""defining_responsibility_signals"": [""leadership"", ""management""], ""confidence"": ""high"", ""rep_rank"": 3, ""attempt"": 1, ""raw_output"": ""{\""community_id\"": 185, \""dominant_experience_level\"": \""mid\"", \""entry_accessibility\"": \""moderate_entry_barrier\"", \""community_label\"": \""Principal Engineer - Cloud & Applications\"", \""defining_skills\"": [\""cloud\"", \""applications\"", \""software\""], \""defining_responsibility_signals\"": [\""leadership\"", \""management\""] , \""confidence\"": \""high\""}""}]",8
186,52,junior,moderate_entry_barrier,Machine Operator,"['machine operation', 'shift work', 'manufacturing processes']","['routine and non-routine machining assignments', 'timely and accurate test results']",high,1.0,1.0,0.333,0.778,3,"shift, technician, 2nd, operator, process, 3rd, production, manufacturing, supervisor, engineer, maintenance, machine","[{""community_id"": 186, ""dominant_experience_level"": ""junior"", ""entry_accessibility"": ""moderate_entry_barrier"", ""community_label"": ""Machine Operator"", ""defining_skills"": [""machine operation"", ""shift work"", ""manufacturing processes""], ""defining_responsibility_signals"": [""routine and non-routine machining assignments"", ""timely and accurate test results""], ""confidence"": ""high"", ""rep_rank"": 1, ""attempt"": 1, ""raw_output"": ""{\""community_id\"": 186, \""dominant_experience_level\"": \""junior\"", \""entry_accessibility\"": \""moderate_entry_barrier\"", \""community_label\"": \""Machine Operator\"", \""defining_skills\"": [\""machine operation\"", \""shift work\"", \""manufacturing processes\""], \""defining_responsibility_signals\"": [\""routine and non-routine machining assignments\"", \""timely and accurate test results\""] , \""confidence\"": \""high\""}""}, {""community_id"": 186, ""dominant_experience_level"": ""junior"", ""entry_accessibility"": ""moderate_entry_barrier"", ""community_label"": ""Manufacturing Operator"", ""defining_skills"": [""shift operation"", ""machine operation"", ""quality control""], ""defining_responsibility_signals"": [""process management"", ""machine maintenance""], ""confidence"": ""high"", ""rep_rank"": 2, ""attempt"": 1, ""raw_output"": ""{\""community_id\"": 186, \""dominant_experience_level\"": \""junior\"", \""entry_accessibility\"": \""moderate_entry_barrier\"", \""community_label\"": \""Manufacturing Operator\"", \""defining_skills\"": [\""shift operation\"", \""machine operation\"", \""quality control\""], \""defining_responsibility_signals\"": [\""process management\"", \""machine maintenance\""] , \""confidence\"": \""high\""}""}, {""community_id"": 186, ""dominant_experience_level"": ""junior"", ""entry_accessibility"": ""moderate_entry_barrier"", ""community_label"": ""Manufacturing Process Technician"", ""defining_skills"": [""Injection Molding"", ""Process Development"", ""Machine Operation""], ""defining_responsibility_signals"": [""Support Operational Goals"", ""Maintain Optimal Molding Processes""], ""confidence"": ""high"", ""rep_rank"": 3, ""attempt"": 1, ""raw_output"": ""{\""community_id\"": 186, \""dominant_experience_level\"": \""junior\"", \""entry_accessibility\"": \""moderate_entry_barrier\"", \""community_label\"": \""Manufacturing Process Technician\"", \""defining_skills\"": [\""Injection Molding\"", \""Process Development\"", \""Machine Operation\""], \""defining_responsibility_signals\"": [\""Support Operational Goals\"", \""Maintain Optimal Molding Processes\""] , \""confidence\"": \""high\""}""}]",8
187,52,mid,moderate_entry_barrier,Ophthalmic Medical Assistant,"['medical_reception', 'patient_coordination', 'ophthalmic_knowledge']","['provide_general_training', 'manage_front_desk']",high,1.0,1.0,0.333,0.778,3,"coordinator, assistant, medical, technician, manager, ophthalmic, front, general, training, provided, retail, desk","[{""community_id"": 187, ""dominant_experience_level"": ""mid"", ""entry_accessibility"": ""moderate_entry_barrier"", ""community_label"": ""Ophthalmic Medical Assistant"", ""defining_skills"": [""medical_reception"", ""patient_coordination"", ""ophthalmic_knowledge""], ""defining_responsibility_signals"": [""provide_general_training"", ""manage_front_desk""], ""confidence"": ""high"", ""rep_rank"": 1, ""attempt"": 1, ""raw_output"": ""{\""community_id\"": 187, \""dominant_experience_level\"": \""mid\"", \""entry_accessibility\"": \""moderate_entry_barrier\"", \""community_label\"": \""Ophthalmic Medical Assistant\"", \""defining_skills\"": [\""medical_reception\"", \""patient_coordination\"", \""ophthalmic_knowledge\""], \""defining_responsibility_signals\"": [\""provide_general_training\"", \""manage_front_desk\""] , \""confidence\"": \""high\""}""}, {""community_id"": 187, ""dominant_experience_level"": ""mid"", ""entry_accessibility"": ""moderate_entry_barrier"", ""community_label"": ""Ophthalmic Patient Coordinator"", ""defining_skills"": [""coordination"", ""medical assistance"", ""ophthalmic knowledge""], ""defining_responsibility_signals"": [""patient care"", ""team management""], ""confidence"": ""high"", ""rep_rank"": 2, ""attempt"": 1, ""raw_output"": ""{\""community_id\"": 187, \""dominant_experience_level\"": \""mid\"", \""entry_accessibility\"": \""moderate_entry_barrier\"", \""community_label\"": \""Ophthalmic Patient Coordinator\"", \""defining_skills\"": [\""coordination\"", \""medical assistance\"", \""ophthalmic knowledge\""], \""defining_responsibility_signals\"": [\""patient care\"", \""team management\""] , \""confidence\"": \""high\""}""}, {""community_id"": 187, ""dominant_experience_level"": ""mid"", ""entry_accessibility"": ""moderate_entry_barrier"", ""community_label"": ""Ophthalmic Technician/Medical Assistant"", ""defining_skills"": [""ophthalmic"", ""medical"", ""technician""], ""defining_responsibility_signals"": [""training"", ""provided""], ""confidence"": ""high"", ""rep_rank"": 3, ""attempt"": 1, ""raw_output"": ""{\""community_id\"": 187, \""dominant_experience_level\"": \""mid\"", \""entry_accessibility\"": \""moderate_entry_barrier\"", \""community_label\"": \""Ophthalmic Technician/Medical Assistant\"", \""defining_skills\"": [\""ophthalmic\"", \""medical\"", \""technician\""], \""defining_responsibility_signals\"": [\""training\"", \""provided\""], \""confidence\"": \""high\""}""}]",8
188,52,junior,moderate_entry_barrier,Elementary School Teacher,"['teaching', 'curriculum implementation', 'student assessment']","['student success', 'academic growth']",high,0.667,1.0,0.333,0.667,3,"teacher, grade, school, education, special, middle, elementary, high, science, math, sy24, social","[{""community_id"": 188, ""dominant_experience_level"": ""junior"", ""entry_accessibility"": ""moderate_entry_barrier"", ""community_label"": ""Elementary School Teacher"", ""defining_skills"": [""teaching"", ""curriculum implementation"", ""student assessment""], ""defining_responsibility_signals"": [""student success"", ""academic growth""], ""confidence"": ""high"", ""rep_rank"": 1, ""attempt"": 1, ""raw_output"": ""{\""community_id\"": 188, \""dominant_experience_level\"": \""junior\"", \""entry_accessibility\"": \""moderate_entry_barrier\"", \""community_label\"": \""Elementary School Teacher\"", \""defining_skills\"": [\""teaching\"", \""curriculum implementation\"", \""student assessment\""], \""defining_responsibility_signals\"": [\""student success\"", \""academic growth\""] , \""confidence\"": \""high\""}""}, {""community_id"": 188, ""dominant_experience_level"": ""mid"", ""entry_accessibility"": ""moderate_entry_barrier"", ""community_label"": ""Science Teacher"", ""defining_skills"": [""instructional_programming"", ""student_guidance"", ""academic_potential_development""], ""defining_responsibility_signals"": [""planning"", ""organizing""], ""confidence"": ""high"", ""rep_rank"": 2, ""attempt"": 1, ""raw_output"": ""{\""community_id\"": 188, \""dominant_experience_level\"": \""mid\"", \""entry_accessibility\"": \""moderate_entry_barrier\"", \""community_label\"": \""Science Teacher\"", \""defining_skills\"": [\""instructional_programming\"", \""student_guidance\"", \""academic_potential_development\""], \""defining_responsibility_signals\"": [\""planning\"", \""organizing\""] , \""confidence\"": \""high\""}""}, {""community_id"": 188, ""dominant_experience_level"": ""junior"", ""entry_accessibility"": ""moderate_entry_barrier"", ""community_label"": ""K-12 Educator"", ""defining_skills"": [""Curriculum Implementation"", ""Student Assessment"", ""Individualized Instruction""], ""defining_responsibility_signals"": [""Teaching"", ""Student Growth""], ""confidence"": ""high"", ""rep_rank"": 3, ""attempt"": 1, ""raw_output"": ""{\""community_id\"": 188, \""dominant_experience_level\"": \""junior\"", \""entry_accessibility\"": \""moderate_entry_barrier\"", \""community_label\"": \""K-12 Educator\"", \""defining_skills\"": [\""Curriculum Implementation\"", \""Student Assessment\"", \""Individualized Instruction\""], \""defining_responsibility_signals\"": [\""Teaching\"", \""Student Growth\""] , \""confidence\"": \""high\""}""}]",8
189,52,junior,moderate_entry_barrier,RV Sales & Service,"['sales', 'technician', 'development']","['requires_certification', 'requires_bachelor']",high,1.0,1.0,1.0,1.0,3,"sales, technician, development, rep, lincolnshire, mobile, service, detailer, retail, augustine, manager, north","[{""community_id"": 189, ""dominant_experience_level"": ""junior"", ""entry_accessibility"": ""moderate_entry_barrier"", ""community_label"": ""RV Sales & Service"", ""defining_skills"": [""sales"", ""technician"", ""development""], ""defining_responsibility_signals"": [""requires_certification"", ""requires_bachelor""], ""confidence"": ""high"", ""rep_rank"": 1, ""attempt"": 1, ""raw_output"": ""{\""community_id\"": 189, \""dominant_experience_level\"": \""junior\"", \""entry_accessibility\"": \""moderate_entry_barrier\"", \""community_label\"": \""RV Sales & Service\"", \""defining_skills\"": [\""sales\"", \""technician\"", \""development\""], \""defining_responsibility_signals\"": [\""requires_certification\"", \""requires_bachelor\""] , \""confidence\"": \""high\""}""}, {""community_id"": 189, ""dominant_experience_level"": ""junior"", ""entry_accessibility"": ""moderate_entry_barrier"", ""community_label"": ""RV Sales & Service"", ""defining_skills"": [""sales"", ""technician"", ""development""], ""defining_responsibility_signals"": [""requires_certification"", ""requires_bachelor""], ""confidence"": ""high"", ""rep_rank"": 2, ""attempt"": 1, ""raw_output"": ""{\""community_id\"": 189, \""dominant_experience_level\"": \""junior\"", \""entry_accessibility\"": \""moderate_entry_barrier\"", \""community_label\"": \""RV Sales & Service\"", \""defining_skills\"": [\""sales\"", \""technician\"", \""development\""], \""defining_responsibility_signals\"": [\""requires_certification\"", \""requires_bachelor\""] , \""confidence\"": \""high\""}""}, {""community_id"": 189, ""dominant_experience_level"": ""junior"", ""entry_accessibility"": ""moderate_entry_barrier"", ""community_label"": ""RV Sales & Service"", ""defining_skills"": [""sales"", ""technician"", ""mobile service""], ""defining_responsibility_signals"": [""retail"", ""customer service""], ""confidence"": ""high"", ""rep_rank"": 3, ""attempt"": 1, ""raw_output"": ""{\""community_id\"": 189, \""dominant_experience_level\"": \""junior\"", \""entry_accessibility\"": \""moderate_entry_barrier\"", \""community_label\"": \""RV Sales & Service\"", \""defining_skills\"": [\""sales\"", \""technician\"", \""mobile service\""], \""defining_responsibility_signals\"": [\""retail\"", \""customer service\""] , \""confidence\"": \""high\""}""}]",8
190,51,mid,moderate_entry_barrier,Emergency Room Nurses,"['emergency care', 'nursing', 'trauma care']","['shift work', 'on call']",high,1.0,1.0,0.333,0.778,3,"nurse, emergency, registered, department, travel, room, care, week, nights, tech, days, trauma","[{""community_id"": 190, ""dominant_experience_level"": ""mid"", ""entry_accessibility"": ""moderate_entry_barrier"", ""community_label"": ""Emergency Room Nurses"", ""defining_skills"": [""nursing"", ""emergency care"", ""trauma care""], ""defining_responsibility_signals"": [""shift work"", ""on call""], ""confidence"": ""high"", ""rep_rank"": 1, ""attempt"": 1, ""raw_output"": ""{\""community_id\"": 190, \""dominant_experience_level\"": \""mid\"", \""entry_accessibility\"": \""moderate_entry_barrier\"", \""community_label\"": \""Emergency Room Nurses\"", \""defining_skills\"": [\""nursing\"", \""emergency care\"", \""trauma care\""], \""defining_responsibility_signals\"": [\""shift work\"", \""on call\""] , \""confidence\"": \""high\""}""}, {""community_id"": 190, ""dominant_experience_level"": ""mid"", ""entry_accessibility"": ""moderate_entry_barrier"", ""community_label"": ""Emergency Department Travel RNs"", ""defining_skills"": [""travel nursing"", ""ED nursing"", ""emergency care""], ""defining_responsibility_signals"": [""12-hour night shifts"", ""13-week duration""], ""confidence"": ""high"", ""rep_rank"": 2, ""attempt"": 1, ""raw_output"": ""{\""community_id\"": 190, \""dominant_experience_level\"": \""mid\"", \""entry_accessibility\"": \""moderate_entry_barrier\"", \""community_label\"": \""Emergency Department Travel RNs\"", \""defining_skills\"": [\""travel nursing\"", \""ED nursing\"", \""emergency care\""], \""defining_responsibility_signals\"": [\""12-hour night shifts\"", \""13-week duration\""] , \""confidence\"": \""high\""}""}, {""community_id"": 190, ""dominant_experience_level"": ""mid"", ""entry_accessibility"": ""moderate_entry_barrier"", ""community_label"": ""Emergency Room Technician"", ""defining_skills"": [""nurse"", ""emergency"", ""care""], ""defining_responsibility_signals"": [""patient_care"", ""assist_medical_providers""], ""confidence"": ""high"", ""rep_rank"": 3, ""attempt"": 1, ""raw_output"": ""{\""community_id\"": 190, \""dominant_experience_level\"": \""mid\"", \""entry_accessibility\"": \""moderate_entry_barrier\"", \""community_label\"": \""Emergency Room Technician\"", \""defining_skills\"": [\""nurse\"", \""emergency\"", \""care\""], \""defining_responsibility_signals\"": [\""patient_care\"", \""assist_medical_providers\""] , \""confidence\"": \""high\""}""}]",8
191,51,mid,moderate_entry_barrier,Construction Estimator,"['estimating', 'cost', 'civil']","['project', 'construction']",high,1.0,1.0,0.667,0.889,3,"estimator, project, construction, manager, preconstruction, director, senior, engineer, cost, estimating, civil, site","[{""community_id"": 191, ""dominant_experience_level"": ""mid"", ""entry_accessibility"": ""moderate_entry_barrier"", ""community_label"": ""Construction Estimator"", ""defining_skills"": [""estimating"", ""cost"", ""civil""], ""defining_responsibility_signals"": [""project"", ""construction""], ""confidence"": ""high"", ""rep_rank"": 1, ""attempt"": 1, ""raw_output"": ""{\""community_id\"": 191, \""dominant_experience_level\"": \""mid\"", \""entry_accessibility\"": \""moderate_entry_barrier\"", \""community_label\"": \""Construction Estimator\"", \""defining_skills\"": [\""estimating\"", \""cost\"", \""civil\""], \""defining_responsibility_signals\"": [\""project\"", \""construction\""] , \""confidence\"": \""high\""}""}, {""community_id"": 191, ""dominant_experience_level"": ""mid"", ""entry_accessibility"": ""moderate_entry_barrier"", ""community_label"": ""Commercial Construction Estimators"", ""defining_skills"": [""estimating"", ""cost analysis"", ""construction project management""], ""defining_responsibility_signals"": [""leadership"", ""team management""], ""confidence"": ""high"", ""rep_rank"": 2, ""attempt"": 1, ""raw_output"": ""{\""community_id\"": 191, \""dominant_experience_level\"": \""mid\"", \""entry_accessibility\"": \""moderate_entry_barrier\"", \""community_label\"": \""Commercial Construction Estimators\"", \""defining_skills\"": [\""estimating\"", \""cost analysis\"", \""construction project management\""], \""defining_responsibility_signals\"": [\""leadership\"", \""team management\""] , \""confidence\"": \""high\""}""}, {""community_id"": 191, ""dominant_experience_level"": ""mid"", ""entry_accessibility"": ""moderate_entry_barrier"", ""community_label"": ""Construction Estimator"", ""defining_skills"": [""estimating"", ""cost"", ""civil""], ""defining_responsibility_signals"": [""project"", ""construction""], ""confidence"": ""high"", ""rep_rank"": 3, ""attempt"": 1, ""raw_output"": ""{\""community_id\"": 191, \""dominant_experience_level\"": \""mid\"", \""entry_accessibility\"": \""moderate_entry_barrier\"", \""community_label\"": \""Construction Estimator\"", \""defining_skills\"": [\""estimating\"", \""cost\"", \""civil\""], \""defining_responsibility_signals\"": [\""project\"", \""construction\""] , \""confidence\"": \""high\""}""}]",8
192,51,junior,moderate_entry_barrier,Medical Imaging Technologist,"['Patient care', 'CT scan operation', 'Diagnostic imaging']","['Image acquisition', 'Patient communication']",high,1.0,1.0,0.333,0.778,3,"therapist, technologist, physical, rehab, radiology, surgical, medical, respiratory, assistant, mri, operating, room","[{""community_id"": 192, ""dominant_experience_level"": ""junior"", ""entry_accessibility"": ""moderate_entry_barrier"", ""community_label"": ""Medical Imaging Technologist"", ""defining_skills"": [""CT scan operation"", ""Patient care"", ""Diagnostic imaging""], ""defining_responsibility_signals"": [""Image acquisition"", ""Patient communication""], ""confidence"": ""high"", ""rep_rank"": 1, ""attempt"": 1, ""raw_output"": ""{\""community_id\"": 192, \""dominant_experience_level\"": \""junior\"", \""entry_accessibility\"": \""moderate_entry_barrier\"", \""community_label\"": \""Medical Imaging Technologist\"", \""defining_skills\"": [\""CT scan operation\"", \""Patient care\"", \""Diagnostic imaging\""], \""defining_responsibility_signals\"": [\""Image acquisition\"", \""Patient communication\""] , \""confidence\"": \""high\""}""}, {""community_id"": 192, ""dominant_experience_level"": ""junior"", ""entry_accessibility"": ""moderate_entry_barrier"", ""community_label"": ""Physical Therapist"", ""defining_skills"": [""therapist"", ""physical"", ""rehab""], ""defining_responsibility_signals"": [""create personalized care plan"", ""document medical history and progress""], ""confidence"": ""high"", ""rep_rank"": 2, ""attempt"": 1, ""raw_output"": ""{\""community_id\"": 192, \""dominant_experience_level\"": \""junior\"", \""entry_accessibility\"": \""moderate_entry_barrier\"", \""community_label\"": \""Physical Therapist\"", \""defining_skills\"": [\""therapist\"", \""physical\"", \""rehab\""], \""defining_responsibility_signals\"": [\""create personalized care plan\"", \""document medical history and progress\""] , \""confidence\"": \""high\""}""}, {""community_id"": 192, ""dominant_experience_level"": ""junior"", ""entry_accessibility"": ""moderate_entry_barrier"", ""community_label"": ""Medical Imaging Technologists"", ""defining_skills"": [""CT scanning"", ""Radiology"", ""Patient care""], ""defining_responsibility_signals"": [""Explain procedures to patients"", ""Maintain high standards of care""], ""confidence"": ""high"", ""rep_rank"": 3, ""attempt"": 1, ""raw_output"": ""{\""community_id\"": 192, \""dominant_experience_level\"": \""junior\"", \""entry_accessibility\"": \""moderate_entry_barrier\"", \""community_label\"": \""Medical Imaging Technologists\"", \""defining_skills\"": [\""CT scanning\"", \""Radiology\"", \""Patient care\""], \""defining_responsibility_signals\"": [\""Explain procedures to patients\"", \""Maintain high standards of care\""] , \""confidence\"": \""high\""}""}]",8
193,51,mid,moderate_entry_barrier,Oracle Database Developers,"['Oracle', 'SQL', 'PL/SQL']","['data integration', 'team leadership']",high,1.0,1.0,0.667,0.889,3,"oracle, developer, engineer, database, data, software, senior, sql, administrator, cloud, dba, programmer","[{""community_id"": 193, ""dominant_experience_level"": ""mid"", ""entry_accessibility"": ""moderate_entry_barrier"", ""community_label"": ""Oracle Database Developers"", ""defining_skills"": [""Oracle"", ""PL/SQL"", ""SQL""], ""defining_responsibility_signals"": [""data integration"", ""team leadership""], ""confidence"": ""high"", ""rep_rank"": 1, ""attempt"": 1, ""raw_output"": ""{\""community_id\"": 193, \""dominant_experience_level\"": \""mid\"", \""entry_accessibility\"": \""moderate_entry_barrier\"", \""community_label\"": \""Oracle Database Developers\"", \""defining_skills\"": [\""Oracle\"", \""PL/SQL\"", \""SQL\""], \""defining_responsibility_signals\"": [\""data integration\"", \""team leadership\""] , \""confidence\"": \""high\""}""}, {""community_id"": 193, ""dominant_experience_level"": ""mid"", ""entry_accessibility"": ""moderate_entry_barrier"", ""community_label"": ""Oracle Database Engineer"", ""defining_skills"": [""Oracle"", ""SQL"", ""Cloud""], ""defining_responsibility_signals"": [""database administration"", ""software development""], ""confidence"": ""high"", ""rep_rank"": 2, ""attempt"": 1, ""raw_output"": ""{\""community_id\"": 193, \""dominant_experience_level\"": \""mid\"", \""entry_accessibility\"": \""moderate_entry_barrier\"", \""community_label\"": \""Oracle Database Engineer\"", \""defining_skills\"": [\""Oracle\"", \""SQL\"", \""Cloud\""], \""defining_responsibility_signals\"": [\""database administration\"", \""software development\""] , \""confidence\"": \""high\""}""}, {""community_id"": 193, ""dominant_experience_level"": ""mid"", ""entry_accessibility"": ""moderate_entry_barrier"", ""community_label"": ""Oracle Database Developers"", ""defining_skills"": [""Oracle"", ""PL/SQL"", ""SQL""], ""defining_responsibility_signals"": [""Database Development"", ""Business Analysis""], ""confidence"": ""high"", ""rep_rank"": 3, ""attempt"": 1, ""raw_output"": ""{\""community_id\"": 193, \""dominant_experience_level\"": \""mid\"", \""entry_accessibility\"": \""moderate_entry_barrier\"", \""community_label\"": \""Oracle Database Developers\"", \""defining_skills\"": [\""Oracle\"", \""PL/SQL\"", \""SQL\""], \""defining_responsibility_signals\"": [\""Database Development\"", \""Business Analysis\""] , \""confidence\"": \""high\""}""}]",8
194,51,mid,moderate_entry_barrier,Network Engineer,"['network', 'wireless', 'operations']","['troubleshooting', 'capacity planning']",high,1.0,1.0,1.0,1.0,3,"network, engineer, senior, sci, required, operations, clearance, principal, architect, ing, seau, wireless","[{""community_id"": 194, ""dominant_experience_level"": ""mid"", ""entry_accessibility"": ""moderate_entry_barrier"", ""community_label"": ""Network Engineer"", ""defining_skills"": [""networking"", ""LAN/WAN"", ""firewall/vpn/load balancing""], ""defining_responsibility_signals"": [""troubleshooting"", ""capacity planning""], ""confidence"": ""high"", ""rep_rank"": 1, ""attempt"": 1, ""raw_output"": ""{\""community_id\"": 194, \""dominant_experience_level\"": \""mid\"", \""entry_accessibility\"": \""moderate_entry_barrier\"", \""community_label\"": \""Network Engineer\"", \""defining_skills\"": [\""networking\"", \""LAN/WAN\"", \""firewall/vpn/load balancing\""], \""defining_responsibility_signals\"": [\""troubleshooting\"", \""capacity planning\""] , \""confidence\"": \""high\""}""}, {""community_id"": 194, ""dominant_experience_level"": ""mid"", ""entry_accessibility"": ""moderate_entry_barrier"", ""community_label"": ""Network Engineer"", ""defining_skills"": [""network"", ""wireless"", ""operations""], ""defining_responsibility_signals"": [""troubleshooting"", ""designing""], ""confidence"": ""high"", ""rep_rank"": 2, ""attempt"": 1, ""raw_output"": ""{\""community_id\"": 194, \""dominant_experience_level\"": \""mid\"", \""entry_accessibility\"": \""moderate_entry_barrier\"", \""community_label\"": \""Network Engineer\"", \""defining_skills\"": [\""network\"", \""wireless\"", \""operations\""], \""defining_responsibility_signals\"": [\""troubleshooting\"", \""designing\""] , \""confidence\"": \""high\""}""}, {""community_id"": 194, ""dominant_experience_level"": ""mid"", ""entry_accessibility"": ""moderate_entry_barrier"", ""community_label"": ""Network Engineer"", ""defining_skills"": [""network"", ""operations"", ""wireless""], ""defining_responsibility_signals"": [""configure"", ""install""], ""confidence"": ""high"", ""rep_rank"": 3, ""attempt"": 1, ""raw_output"": ""{\""community_id\"": 194, \""dominant_experience_level\"": \""mid\"", \""entry_accessibility\"": \""moderate_entry_barrier\"", \""community_label\"": \""Network Engineer\"", \""defining_skills\"": [\""network\"", \""operations\"", \""wireless\""], \""defining_responsibility_signals\"": [\""configure\"", \""install\""] , \""confidence\"": \""high\""}""}]",8
195,51,mid,moderate_entry_barrier,Payroll Professionals,"['payroll processing', 'workday', 'benefits administration']","['maintain full cycle payroll', 'ensure accurate processing']",high,1.0,1.0,0.667,0.889,3,"payroll, specialist, manager, director, analyst, coordinator, clerk, administrator, workday, consultant, professional, service","[{""community_id"": 195, ""dominant_experience_level"": ""mid"", ""entry_accessibility"": ""moderate_entry_barrier"", ""community_label"": ""Payroll Management"", ""defining_skills"": [""payroll processing"", ""workday"", ""benefits administration""], ""defining_responsibility_signals"": [""maintain full cycle payroll"", ""ensure accurate processing""], ""confidence"": ""high"", ""rep_rank"": 1, ""attempt"": 1, ""raw_output"": ""{\""community_id\"": 195, \""dominant_experience_level\"": \""mid\"", \""entry_accessibility\"": \""moderate_entry_barrier\"", \""community_label\"": \""Payroll Management\"", \""defining_skills\"": [\""payroll processing\"", \""workday\"", \""benefits administration\""], \""defining_responsibility_signals\"": [\""maintain full cycle payroll\"", \""ensure accurate processing\""] , \""confidence\"": \""high\""}""}, {""community_id"": 195, ""dominant_experience_level"": ""mid"", ""entry_accessibility"": ""moderate_entry_barrier"", ""community_label"": ""Payroll Professionals"", ""defining_skills"": [""payroll processing"", ""time and attendance auditing"", ""garnishments processing""], ""defining_responsibility_signals"": [""daily operations"", ""approval verification""], ""confidence"": ""high"", ""rep_rank"": 2, ""attempt"": 1, ""raw_output"": ""{\""community_id\"": 195, \""dominant_experience_level\"": \""mid\"", \""entry_accessibility\"": \""moderate_entry_barrier\"", \""community_label\"": \""Payroll Professionals\"", \""defining_skills\"": [\""payroll processing\"", \""time and attendance auditing\"", \""garnishments processing\""], \""defining_responsibility_signals\"": [\""daily operations\"", \""approval verification\""] , \""confidence\"": \""high\""}""}, {""community_id"": 195, ""dominant_experience_level"": ""mid"", ""entry_accessibility"": ""moderate_entry_barrier"", ""community_label"": ""Payroll Professionals"", ""defining_skills"": [""payroll processing"", ""Workday"", ""payroll records management""], ""defining_responsibility_signals"": [""timely processing"", ""accuracy""], ""confidence"": ""high"", ""rep_rank"": 3, ""attempt"": 1, ""raw_output"": ""{\""community_id\"": 195, \""dominant_experience_level\"": \""mid\"", \""entry_accessibility\"": \""moderate_entry_barrier\"", \""community_label\"": \""Payroll Professionals\"", \""defining_skills\"": [\""payroll processing\"", \""Workday\"", \""payroll records management\""], \""defining_responsibility_signals\"": [\""timely processing\"", \""accuracy\""] , \""confidence\"": \""high\""}""}]",8
196,51,junior,moderate_entry_barrier,Front Office Agent,"['guest_registration', 'communication', 'hotel_services']","['guest_experience', 'casual_conversation']",high,1.0,1.0,1.0,1.0,3,"front, agent, manager, office, desk, hotel, sales, supervisor, guest, service, banquet, concierge","[{""community_id"": 196, ""dominant_experience_level"": ""junior"", ""entry_accessibility"": ""moderate_entry_barrier"", ""community_label"": ""Front Office Agent"", ""defining_skills"": [""guest_registration"", ""communication"", ""hotel_services""], ""defining_responsibility_signals"": [""guest_experience"", ""casual_conversation""], ""confidence"": ""high"", ""rep_rank"": 1, ""attempt"": 1, ""raw_output"": ""{\""community_id\"": 196, \""dominant_experience_level\"": \""junior\"", \""entry_accessibility\"": \""moderate_entry_barrier\"", \""community_label\"": \""Front Office Agent\"", \""defining_skills\"": [\""guest_registration\"", \""communication\"", \""hotel_services\""], \""defining_responsibility_signals\"": [\""guest_experience\"", \""casual_conversation\""] , \""confidence\"": \""high\""}""}, {""community_id"": 196, ""dominant_experience_level"": ""junior"", ""entry_accessibility"": ""moderate_entry_barrier"", ""community_label"": ""Front Office Agent"", ""defining_skills"": [""Guest Service"", ""Registration"", ""Communication""], ""defining_responsibility_signals"": [""Guest Interaction"", ""Hotel Services Promotion""], ""confidence"": ""high"", ""rep_rank"": 2, ""attempt"": 1, ""raw_output"": ""{\""community_id\"": 196, \""dominant_experience_level\"": \""junior\"", \""entry_accessibility\"": \""moderate_entry_barrier\"", \""community_label\"": \""Front Office Agent\"", \""defining_skills\"": [\""Guest Service\"", \""Registration\"", \""Communication\""], \""defining_responsibility_signals\"": [\""Guest Interaction\"", \""Hotel Services Promotion\""] , \""confidence\"": \""high\""}""}, {""community_id"": 196, ""dominant_experience_level"": ""junior"", ""entry_accessibility"": ""moderate_entry_barrier"", ""community_label"": ""Front Office Agent"", ""defining_skills"": [""guest interaction"", ""registration process"", ""hotel services knowledge""], ""defining_responsibility_signals"": [""guest experience creation"", ""casual conversation""], ""confidence"": ""high"", ""rep_rank"": 3, ""attempt"": 1, ""raw_output"": ""{\""community_id\"": 196, \""dominant_experience_level\"": \""junior\"", \""entry_accessibility\"": \""moderate_entry_barrier\"", \""community_label\"": \""Front Office Agent\"", \""defining_skills\"": [\""guest interaction\"", \""registration process\"", \""hotel services knowledge\""], \""defining_responsibility_signals\"": [\""guest experience creation\"", \""casual conversation\""] , \""confidence\"": \""high\""}""}]",8
197,50,mid,moderate_entry_barrier,Home Health Care,"['nursing', 'caregiving', 'Certification']","['Full-time/Part-time/Overnight Shifts', 'Senior Companionship and Home Care']",high,1.0,1.0,1.0,1.0,3,"nurse, home, health, registered, care, caregiver, living, hha, travel, cna, pca, visits","[{""community_id"": 197, ""dominant_experience_level"": ""mid"", ""entry_accessibility"": ""moderate_entry_barrier"", ""community_label"": ""Home Health Care"", ""defining_skills"": [""Certification"", ""Transportation"", ""Caregiving""], ""defining_responsibility_signals"": [""Full-time/Part-time/Overnight Shifts"", ""Senior Companionship and Home Care""], ""confidence"": ""high"", ""rep_rank"": 1, ""attempt"": 1, ""raw_output"": ""{\""community_id\"": 197, \""dominant_experience_level\"": \""mid\"", \""entry_accessibility\"": \""moderate_entry_barrier\"", \""community_label\"": \""Home Health Care\"", \""defining_skills\"": [\""Certification\"", \""Transportation\"", \""Caregiving\""], \""defining_responsibility_signals\"": [\""Full-time/Part-time/Overnight Shifts\"", \""Senior Companionship and Home Care\""] , \""confidence\"": \""high\""}""}, {""community_id"": 197, ""dominant_experience_level"": ""mid"", ""entry_accessibility"": ""moderate_entry_barrier"", ""community_label"": ""Home Health Care"", ""defining_skills"": [""nursing"", ""scheduling"", ""caregiving""], ""defining_responsibility_signals"": [""timely scheduling"", ""home health care""], ""confidence"": ""high"", ""rep_rank"": 2, ""attempt"": 1, ""raw_output"": ""{\""community_id\"": 197, \""dominant_experience_level\"": \""mid\"", \""entry_accessibility\"": \""moderate_entry_barrier\"", \""community_label\"": \""Home Health Care\"", \""defining_skills\"": [\""nursing\"", \""scheduling\"", \""caregiving\""], \""defining_responsibility_signals\"": [\""timely scheduling\"", \""home health care\""] , \""confidence\"": \""high\""}""}, {""community_id"": 197, ""dominant_experience_level"": ""mid"", ""entry_accessibility"": ""moderate_entry_barrier"", ""community_label"": ""Home Health Care"", ""defining_skills"": [""nursing"", ""caregiving"", ""certification""], ""defining_responsibility_signals"": [""home visits"", ""assisted living care""], ""confidence"": ""high"", ""rep_rank"": 3, ""attempt"": 1, ""raw_output"": ""{\""community_id\"": 197, \""dominant_experience_level\"": \""mid\"", \""entry_accessibility\"": \""moderate_entry_barrier\"", \""community_label\"": \""Home Health Care\"", \""defining_skills\"": [\""nursing\"", \""caregiving\"", \""certification\""], \""defining_responsibility_signals\"": [\""home visits\"", \""assisted living care\""] , \""confidence\"": \""high\""}""}]",8
198,50,junior,moderate_entry_barrier,Physical Therapist,"['therapist', 'physical', 'occupational']","['inpatient', 'outpatient']",high,1.0,1.0,1.0,1.0,3,"therapist, physical, occupational, inpatient, outpatient, senior, hour, day, school, health, assistant, contract","[{""community_id"": 198, ""dominant_experience_level"": ""junior"", ""entry_accessibility"": ""moderate_entry_barrier"", ""community_label"": ""Physical Therapist"", ""defining_skills"": [""therapist"", ""physical"", ""occupational""], ""defining_responsibility_signals"": [""inpatient"", ""outpatient""], ""confidence"": ""high"", ""rep_rank"": 1, ""attempt"": 1, ""raw_output"": ""{\""community_id\"": 198, \""dominant_experience_level\"": \""junior\"", \""entry_accessibility\"": \""moderate_entry_barrier\"", \""community_label\"": \""Physical Therapist\"", \""defining_skills\"": [\""therapist\"", \""physical\"", \""occupational\""], \""defining_responsibility_signals\"": [\""inpatient\"", \""outpatient\""], \""confidence\"": \""high\""}""}, {""community_id"": 198, ""dominant_experience_level"": ""junior"", ""entry_accessibility"": ""moderate_entry_barrier"", ""community_label"": ""Physical Therapist"", ""defining_skills"": [""therapist"", ""physical"", ""occupational""], ""defining_responsibility_signals"": [""inpatient"", ""outpatient""], ""confidence"": ""high"", ""rep_rank"": 2, ""attempt"": 1, ""raw_output"": ""{\""community_id\"": 198, \""dominant_experience_level\"": \""junior\"", \""entry_accessibility\"": \""moderate_entry_barrier\"", \""community_label\"": \""Physical Therapist\"", \""defining_skills\"": [\""therapist\"", \""physical\"", \""occupational\""], \""defining_responsibility_signals\"": [\""inpatient\"", \""outpatient\""], \""confidence\"": \""high\""}""}, {""community_id"": 198, ""dominant_experience_level"": ""junior"", ""entry_accessibility"": ""moderate_entry_barrier"", ""community_label"": ""Physical Therapist"", ""defining_skills"": [""therapist"", ""physical"", ""occupational""], ""defining_responsibility_signals"": [""inpatient"", ""outpatient""], ""confidence"": ""high"", ""rep_rank"": 3, ""attempt"": 1, ""raw_output"": ""{\""community_id\"": 198, \""dominant_experience_level\"": \""junior\"", \""entry_accessibility\"": \""moderate_entry_barrier\"", \""community_label\"": \""Physical Therapist\"", \""defining_skills\"": [\""therapist\"", \""physical\"", \""occupational\""], \""defining_responsibility_signals\"": [\""inpatient\"", \""outpatient\""], \""confidence\"": \""high\""}""}]",8
199,50,junior,moderate_entry_barrier,Hotel Housekeeping,"['cleaning', 'guest service', 'room attendant']","['clean guest rooms', 'respond to guest requests']",high,1.0,1.0,1.0,1.0,3,"attendant, room, house, laundry, hilton, housekeeper, suites, houseperson, embassy, hotel, housekeeping, doubletree","[{""community_id"": 199, ""dominant_experience_level"": ""junior"", ""entry_accessibility"": ""moderate_entry_barrier"", ""community_label"": ""Hotel Housekeeping"", ""defining_skills"": [""cleaning"", ""guest service"", ""room attendant""], ""defining_responsibility_signals"": [""clean guest rooms"", ""respond to guest requests""], ""confidence"": ""high"", ""rep_rank"": 1, ""attempt"": 1, ""raw_output"": ""{\""community_id\"": 199, \""dominant_experience_level\"": \""junior\"", \""entry_accessibility\"": \""moderate_entry_barrier\"", \""community_label\"": \""Hotel Housekeeping\"", \""defining_skills\"": [\""cleaning\"", \""guest service\"", \""room attendant\""], \""defining_responsibility_signals\"": [\""clean guest rooms\"", \""respond to guest requests\""] , \""confidence\"": \""high\""}""}, {""community_id"": 199, ""dominant_experience_level"": ""junior"", ""entry_accessibility"": ""moderate_entry_barrier"", ""community_label"": ""Hotel Housekeeping"", ""defining_skills"": [""cleaning"", ""guest_service"", ""room_attendant""], ""defining_responsibility_signals"": [""guest_rooms"", ""guest_requests""], ""confidence"": ""high"", ""rep_rank"": 2, ""attempt"": 1, ""raw_output"": ""{\""community_id\"": 199, \""dominant_experience_level\"": \""junior\"", \""entry_accessibility\"": \""moderate_entry_barrier\"", \""community_label\"": \""Hotel Housekeeping\"", \""defining_skills\"": [\""cleaning\"", \""guest_service\"", \""room_attendant\""], \""defining_responsibility_signals\"": [\""guest_rooms\"", \""guest_requests\""] , \""confidence\"": \""high\""}""}, {""community_id"": 199, ""dominant_experience_level"": ""junior"", ""entry_accessibility"": ""moderate_entry_barrier"", ""community_label"": ""Hotel Housekeeping"", ""defining_skills"": [""cleaning"", ""maintenance"", ""public areas""], ""defining_responsibility_signals"": [""deep cleaning"", ""assigned areas""], ""confidence"": ""high"", ""rep_rank"": 3, ""attempt"": 1, ""raw_output"": ""{\""community_id\"": 199, \""dominant_experience_level\"": \""junior\"", \""entry_accessibility\"": \""moderate_entry_barrier\"", \""community_label\"": \""Hotel Housekeeping\"", \""defining_skills\"": [\""cleaning\"", \""maintenance\"", \""public areas\""], \""defining_responsibility_signals\"": [\""deep cleaning\"", \""assigned areas\""] , \""confidence\"": \""high\""}""}]",8
200,50,junior,moderate_entry_barrier,Automotive Technician & Sales,"['automotive', 'service', 'technician']","['leadership', 'sales']",high,1.0,1.0,1.0,1.0,3,"technician, automotive, service, manager, sales, lead, senior, sign, bonus, available, engineer, tech","[{""community_id"": 200, ""dominant_experience_level"": ""junior"", ""entry_accessibility"": ""moderate_entry_barrier"", ""community_label"": ""Automotive Technician & Sales"", ""defining_skills"": [""automotive"", ""service"", ""sales""], ""defining_responsibility_signals"": [""leadership"", ""certification""], ""confidence"": ""high"", ""rep_rank"": 1, ""attempt"": 1, ""raw_output"": ""{\""community_id\"": 200, \""dominant_experience_level\"": \""junior\"", \""entry_accessibility\"": \""moderate_entry_barrier\"", \""community_label\"": \""Automotive Technician & Sales\"", \""defining_skills\"": [\""automotive\"", \""service\"", \""sales\""], \""defining_responsibility_signals\"": [\""leadership\"", \""certification\""] , \""confidence\"": \""high\""}""}, {""community_id"": 200, ""dominant_experience_level"": ""junior"", ""entry_accessibility"": ""moderate_entry_barrier"", ""community_label"": ""Automotive Technician & Sales"", ""defining_skills"": [""technician"", ""automotive"", ""service""], ""defining_responsibility_signals"": [""sales"", ""leadership""], ""confidence"": ""high"", ""rep_rank"": 2, ""attempt"": 1, ""raw_output"": ""{\""community_id\"": 200, \""dominant_experience_level\"": \""junior\"", \""entry_accessibility\"": \""moderate_entry_barrier\"", \""community_label\"": \""Automotive Technician & Sales\"", \""defining_skills\"": [\""technician\"", \""automotive\"", \""service\""], \""defining_responsibility_signals\"": [\""sales\"", \""leadership\""] , \""confidence\"": \""high\""}""}, {""community_id"": 200, ""dominant_experience_level"": ""junior"", ""entry_accessibility"": ""moderate_entry_barrier"", ""community_label"": ""Automotive Technician & Sales"", ""defining_skills"": [""automotive"", ""technician"", ""service""], ""defining_responsibility_signals"": [""sales"", ""leadership""], ""confidence"": ""high"", ""rep_rank"": 3, ""attempt"": 1, ""raw_output"": ""{\""community_id\"": 200, \""dominant_experience_level\"": \""junior\"", \""entry_accessibility\"": \""moderate_entry_barrier\"", \""community_label\"": \""Automotive Technician & Sales\"", \""defining_skills\"": [\""automotive\"", \""technician\"", \""service\""], \""defining_responsibility_signals\"": [\""sales\"", \""leadership\""] , \""confidence\"": \""high\""}""}]",9
201,49,mid,moderate_entry_barrier,Nursing,"['medical', 'surgical', 'icu']","['certification_required', 'leadership_terms_rare']",high,1.0,1.0,1.0,1.0,3,"nurse, lpn, care, registered, travel, home, ltc, licensed, practical, med, surg, lvn","[{""community_id"": 201, ""dominant_experience_level"": ""mid"", ""entry_accessibility"": ""moderate_entry_barrier"", ""community_label"": ""Nursing"", ""defining_skills"": [""medical"", ""surgical"", ""patient_care""], ""defining_responsibility_signals"": [""certification_required"", ""leadership_terms_rare""], ""confidence"": ""high"", ""rep_rank"": 1, ""attempt"": 1, ""raw_output"": ""{\""community_id\"": 201, \""dominant_experience_level\"": \""mid\"", \""entry_accessibility\"": \""moderate_entry_barrier\"", \""community_label\"": \""Nursing\"", \""defining_skills\"": [\""medical\"", \""surgical\"", \""patient_care\""], \""defining_responsibility_signals\"": [\""certification_required\"", \""leadership_terms_rare\""] , \""confidence\"": \""high\""}""}, {""community_id"": 201, ""dominant_experience_level"": ""mid"", ""entry_accessibility"": ""moderate_entry_barrier"", ""community_label"": ""Nursing"", ""defining_skills"": [""medical"", ""surgical"", ""icu""], ""defining_responsibility_signals"": [""care"", ""home_healthcare""], ""confidence"": ""high"", ""rep_rank"": 2, ""attempt"": 1, ""raw_output"": ""{\""community_id\"": 201, \""dominant_experience_level\"": \""mid\"", \""entry_accessibility\"": \""moderate_entry_barrier\"", \""community_label\"": \""Nursing\"", \""defining_skills\"": [\""medical\"", \""surgical\"", \""icu\""], \""defining_responsibility_signals\"": [\""care\"", \""home_healthcare\""] , \""confidence\"": \""high\""}""}, {""community_id"": 201, ""dominant_experience_level"": ""mid"", ""entry_accessibility"": ""moderate_entry_barrier"", ""community_label"": ""Nursing"", ""defining_skills"": [""medical"", ""surgical"", ""icu""], ""defining_responsibility_signals"": [""certification_required"", ""leadership_terms_rare""], ""confidence"": ""high"", ""rep_rank"": 3, ""attempt"": 1, ""raw_output"": ""{\""community_id\"": 201, \""dominant_experience_level\"": \""mid\"", \""entry_accessibility\"": \""moderate_entry_barrier\"", \""community_label\"": \""Nursing\"", \""defining_skills\"": [\""medical\"", \""surgical\"", \""icu\""], \""defining_responsibility_signals\"": [\""certification_required\"", \""leadership_terms_rare\""] , \""confidence\"": \""high\""}""}]",9
202,49,junior,moderate_entry_barrier,Warehouse Production,"['production', 'wood processing', 'forklift operation']","['material handling', 'pallet assembly']",high,1.0,1.0,0.667,0.889,3,"production, material, handler, shift, warehouse, parts, assistant, assembler, 1st, operator, general, manager","[{""community_id"": 202, ""dominant_experience_level"": ""junior"", ""entry_accessibility"": ""moderate_entry_barrier"", ""community_label"": ""Warehouse Production"", ""defining_skills"": [""wood processing"", ""forklift operation"", ""attention to detail""], ""defining_responsibility_signals"": [""material handling"", ""pallet assembly""], ""confidence"": ""high"", ""rep_rank"": 1, ""attempt"": 1, ""raw_output"": ""{\""community_id\"": 202, \""dominant_experience_level\"": \""junior\"", \""entry_accessibility\"": \""moderate_entry_barrier\"", \""community_label\"": \""Warehouse Production\"", \""defining_skills\"": [\""wood processing\"", \""forklift operation\"", \""attention to detail\""], \""defining_responsibility_signals\"": [\""material handling\"", \""pallet assembly\""] , \""confidence\"": \""high\""}""}, {""community_id"": 202, ""dominant_experience_level"": ""junior"", ""entry_accessibility"": ""moderate_entry_barrier"", ""community_label"": ""Warehouse Operations"", ""defining_skills"": [""production"", ""material handling"", ""warehouse operations""], ""defining_responsibility_signals"": [""shift work"", ""parts handling""], ""confidence"": ""high"", ""rep_rank"": 2, ""attempt"": 1, ""raw_output"": ""{\""community_id\"": 202, \""dominant_experience_level\"": \""junior\"", \""entry_accessibility\"": \""moderate_entry_barrier\"", \""community_label\"": \""Warehouse Operations\"", \""defining_skills\"": [\""production\"", \""material handling\"", \""warehouse operations\""], \""defining_responsibility_signals\"": [\""shift work\"", \""parts handling\""] , \""confidence\"": \""high\""}""}, {""community_id"": 202, ""dominant_experience_level"": ""junior"", ""entry_accessibility"": ""moderate_entry_barrier"", ""community_label"": ""Warehouse Production"", ""defining_skills"": [""production"", ""warehouse"", ""parts""], ""defining_responsibility_signals"": [""shift"", ""assistant""], ""confidence"": ""high"", ""rep_rank"": 3, ""attempt"": 1, ""raw_output"": ""{\""community_id\"": 202, \""dominant_experience_level\"": \""junior\"", \""entry_accessibility\"": \""moderate_entry_barrier\"", \""community_label\"": \""Warehouse Production\"", \""defining_skills\"": [\""production\"", \""warehouse\"", \""parts\""], \""defining_responsibility_signals\"": [\""shift\"", \""assistant\""] , \""confidence\"": \""high\""}""}]",9
203,49,mid,moderate_entry_barrier,Customer Service & Support,"['customer service', 'Customer Service', 'Collections']","['Handle Customer Inquiries', 'Problem Solving']",high,1.0,1.0,0.333,0.778,3,"customer, representative, service, care, account, experience, support, manager, specialist, banker, client, collections","[{""community_id"": 203, ""dominant_experience_level"": ""mid"", ""entry_accessibility"": ""moderate_entry_barrier"", ""community_label"": ""Customer Service & Support"", ""defining_skills"": [""Customer Service"", ""Collections"", ""Relationship Building""], ""defining_responsibility_signals"": [""Handle Customer Inquiries"", ""Problem Solving""], ""confidence"": ""high"", ""rep_rank"": 1, ""attempt"": 1, ""raw_output"": ""{\""community_id\"": 203, \""dominant_experience_level\"": \""mid\"", \""entry_accessibility\"": \""moderate_entry_barrier\"", \""community_label\"": \""Customer Service & Support\"", \""defining_skills\"": [\""Customer Service\"", \""Collections\"", \""Relationship Building\""], \""defining_responsibility_signals\"": [\""Handle Customer Inquiries\"", \""Problem Solving\""] , \""confidence\"": \""high\""}""}, {""community_id"": 203, ""dominant_experience_level"": ""mid"", ""entry_accessibility"": ""moderate_entry_barrier"", ""community_label"": ""Customer Support Specialist"", ""defining_skills"": [""customer service"", ""account management"", ""email support""], ""defining_responsibility_signals"": [""handle customer requests"", ""process inquiries""], ""confidence"": ""high"", ""rep_rank"": 2, ""attempt"": 1, ""raw_output"": ""{\""community_id\"": 203, \""dominant_experience_level\"": \""mid\"", \""entry_accessibility\"": \""moderate_entry_barrier\"", \""community_label\"": \""Customer Support Specialist\"", \""defining_skills\"": [\""customer service\"", \""account management\"", \""email support\""], \""defining_responsibility_signals\"": [\""handle customer requests\"", \""process inquiries\""] , \""confidence\"": \""high\""}""}, {""community_id"": 203, ""dominant_experience_level"": ""mid"", ""entry_accessibility"": ""moderate_entry_barrier"", ""community_label"": ""Customer Service"", ""defining_skills"": [""customer service"", ""inbound calls"", ""policy change requests""], ""defining_responsibility_signals"": [""handle large volume of calls"", ""process policy change requests""], ""confidence"": ""high"", ""rep_rank"": 3, ""attempt"": 1, ""raw_output"": ""{\""community_id\"": 203, \""dominant_experience_level\"": \""mid\"", \""entry_accessibility\"": \""moderate_entry_barrier\"", \""community_label\"": \""Customer Service\"", \""defining_skills\"": [\""customer service\"", \""inbound calls\"", \""policy change requests\""], \""defining_responsibility_signals\"": [\""handle large volume of calls\"", \""process policy change requests\""] , \""confidence\"": \""high\""}""}]",9
204,49,senior,moderate_entry_barrier,Senior Program Management,"['project management', 'program management', 'cost savings initiatives']","['drive initiatives', 'partners and supports internal business units']",high,1.0,1.0,0.333,0.778,3,"manager, project, senior, management, program, implementation, coordinator, human, resources, generalist, technical, lead","[{""community_id"": 204, ""dominant_experience_level"": ""senior"", ""entry_accessibility"": ""moderate_entry_barrier"", ""community_label"": ""Senior Program Management"", ""defining_skills"": [""program management"", ""project management"", ""cost savings initiatives""], ""defining_responsibility_signals"": [""drive initiatives"", ""partners and supports internal business units""], ""confidence"": ""high"", ""rep_rank"": 1, ""attempt"": 1, ""raw_output"": ""{\""community_id\"": 204, \""dominant_experience_level\"": \""senior\"", \""entry_accessibility\"": \""moderate_entry_barrier\"", \""community_label\"": \""Senior Program Management\"", \""defining_skills\"": [\""program management\"", \""project management\"", \""cost savings initiatives\""], \""defining_responsibility_signals\"": [\""drive initiatives\"", \""partners and supports internal business units\""] , \""confidence\"": \""high\""}""}, {""community_id"": 204, ""dominant_experience_level"": ""senior"", ""entry_accessibility"": ""moderate_entry_barrier"", ""community_label"": ""Senior Healthcare Project Management"", ""defining_skills"": [""implementation"", ""project management"", ""healthcare IT""], ""defining_responsibility_signals"": [""leadership"", ""on-site client management""], ""confidence"": ""high"", ""rep_rank"": 2, ""attempt"": 1, ""raw_output"": ""{\""community_id\"": 204, \""dominant_experience_level\"": \""senior\"", \""entry_accessibility\"": \""moderate_entry_barrier\"", \""community_label\"": \""Senior Healthcare Project Management\"", \""defining_skills\"": [\""implementation\"", \""project management\"", \""healthcare IT\""], \""defining_responsibility_signals\"": [\""leadership\"", \""on-site client management\""] , \""confidence\"": \""high\""}""}, {""community_id"": 204, ""dominant_experience_level"": ""senior"", ""entry_accessibility"": ""moderate_entry_barrier"", ""community_label"": ""Senior Project Management"", ""defining_skills"": [""project management"", ""strategic planning"", ""cross-functional team leadership""], ""defining_responsibility_signals"": [""own strategic and tactical projects"", ""develop project plans""], ""confidence"": ""high"", ""rep_rank"": 3, ""attempt"": 1, ""raw_output"": ""{\""community_id\"": 204, \""dominant_experience_level\"": \""senior\"", \""entry_accessibility\"": \""moderate_entry_barrier\"", \""community_label\"": \""Senior Project Management\"", \""defining_skills\"": [\""project management\"", \""strategic planning\"", \""cross-functional team leadership\""], \""defining_responsibility_signals\"": [\""own strategic and tactical projects\"", \""develop project plans\""] , \""confidence\"": \""high\""}""}]",9
205,49,mid,moderate_entry_barrier,Apartment Maintenance Supervisor,"['maintenance', 'operations', 'managerial']","['oversees', 'performs']",high,1.0,1.0,0.333,0.778,3,"manager, maintenance, facilities, supervisor, coordinator, apartment, facility, regional, operations, services, director, lease","[{""community_id"": 205, ""dominant_experience_level"": ""mid"", ""entry_accessibility"": ""moderate_entry_barrier"", ""community_label"": ""Apartment Maintenance Supervisor"", ""defining_skills"": [""maintenance"", ""facilities"", ""operations""], ""defining_responsibility_signals"": [""oversees"", ""performs""], ""confidence"": ""high"", ""rep_rank"": 1, ""attempt"": 1, ""raw_output"": ""{\""community_id\"": 205, \""dominant_experience_level\"": \""mid\"", \""entry_accessibility\"": \""moderate_entry_barrier\"", \""community_label\"": \""Apartment Maintenance Supervisor\"", \""defining_skills\"": [\""maintenance\"", \""facilities\"", \""operations\""], \""defining_responsibility_signals\"": [\""oversees\"", \""performs\""] , \""confidence\"": \""high\""}""}, {""community_id"": 205, ""dominant_experience_level"": ""mid"", ""entry_accessibility"": ""moderate_entry_barrier"", ""community_label"": ""Facility Management"", ""defining_skills"": [""managerial"", ""maintenance"", ""coordination""], ""defining_responsibility_signals"": [""oversee subcontractors"", ""liaison between tenants and management""], ""confidence"": ""high"", ""rep_rank"": 2, ""attempt"": 1, ""raw_output"": ""{\""community_id\"": 205, \""dominant_experience_level\"": \""mid\"", \""entry_accessibility\"": \""moderate_entry_barrier\"", \""community_label\"": \""Facility Management\"", \""defining_skills\"": [\""managerial\"", \""maintenance\"", \""coordination\""], \""defining_responsibility_signals\"": [\""oversee subcontractors\"", \""liaison between tenants and management\""] , \""confidence\"": \""high\""}""}, {""community_id"": 205, ""dominant_experience_level"": ""mid"", ""entry_accessibility"": ""moderate_entry_barrier"", ""community_label"": ""Facilities Management"", ""defining_skills"": [""managerial"", ""supervisory"", ""operations""], ""defining_responsibility_signals"": [""day-to-day operations"", ""facilities maintenance""], ""confidence"": ""high"", ""rep_rank"": 3, ""attempt"": 1, ""raw_output"": ""{\""community_id\"": 205, \""dominant_experience_level\"": \""mid\"", \""entry_accessibility\"": \""moderate_entry_barrier\"", \""community_label\"": \""Facilities Management\"", \""defining_skills\"": [\""managerial\"", \""supervisory\"", \""operations\""], \""defining_responsibility_signals\"": [\""day-to-day operations\"", \""facilities maintenance\""] , \""confidence\"": \""high\""}""}]",9
206,49,mid,moderate_entry_barrier,Data & Business Intelligence,"['SQL', 'Excel', 'Power Pivot']","['data consolidation', 'reporting']",high,1.0,1.0,0.667,0.889,3,"data, developer, engineer, power, business, product, intelligence, architect, analyst, manager, senior, databricks","[{""community_id"": 206, ""dominant_experience_level"": ""mid"", ""entry_accessibility"": ""moderate_entry_barrier"", ""community_label"": ""Data & Business Intelligence"", ""defining_skills"": [""SQL"", ""Excel"", ""Power Pivot""], ""defining_responsibility_signals"": [""data consolidation"", ""reporting""], ""confidence"": ""high"", ""rep_rank"": 1, ""attempt"": 1, ""raw_output"": ""{\""community_id\"": 206, \""dominant_experience_level\"": \""mid\"", \""entry_accessibility\"": \""moderate_entry_barrier\"", \""community_label\"": \""Data & Business Intelligence\"", \""defining_skills\"": [\""SQL\"", \""Excel\"", \""Power Pivot\""], \""defining_responsibility_signals\"": [\""data consolidation\"", \""reporting\""] , \""confidence\"": \""high\""}""}, {""community_id"": 206, ""dominant_experience_level"": ""mid"", ""entry_accessibility"": ""moderate_entry_barrier"", ""community_label"": ""Data & Business Intelligence"", ""defining_skills"": [""Power BI"", ""Data Warehousing"", ""Reporting""], ""defining_responsibility_signals"": [""Assist users"", ""Work with global team""], ""confidence"": ""high"", ""rep_rank"": 2, ""attempt"": 1, ""raw_output"": ""{\""community_id\"": 206, \""dominant_experience_level\"": \""mid\"", \""entry_accessibility\"": \""moderate_entry_barrier\"", \""community_label\"": \""Data & Business Intelligence\"", \""defining_skills\"": [\""Power BI\"", \""Data Warehousing\"", \""Reporting\""], \""defining_responsibility_signals\"": [\""Assist users\"", \""Work with global team\""] , \""confidence\"": \""high\""}""}, {""community_id"": 206, ""dominant_experience_level"": ""mid"", ""entry_accessibility"": ""moderate_entry_barrier"", ""community_label"": ""Data & Product"", ""defining_skills"": [""Data"", ""Product"", ""Business Intelligence""], ""defining_responsibility_signals"": [""Technical Product Owner"", ""Life Insurance Solutions""], ""confidence"": ""high"", ""rep_rank"": 3, ""attempt"": 1, ""raw_output"": ""{\""community_id\"": 206, \""dominant_experience_level\"": \""mid\"", \""entry_accessibility\"": \""moderate_entry_barrier\"", \""community_label\"": \""Data & Product\"", \""defining_skills\"": [\""Data\"", \""Product\"", \""Business Intelligence\""], \""defining_responsibility_signals\"": [\""Technical Product Owner\"", \""Life Insurance Solutions\""] , \""confidence\"": \""high\""}""}]",9
207,49,junior,moderate_entry_barrier,Dialysis Patient Care Technician,"['patient care', 'dialysis experience', 'clinical skills']","['provide exceptional patient care', ""make a difference in patients' lives""]",high,1.0,1.0,0.333,0.778,3,"nurse, registered, care, patient, technician, dialysis, clinical, coordinator, manager, licensed, social, worker","[{""community_id"": 207, ""dominant_experience_level"": ""junior"", ""entry_accessibility"": ""moderate_entry_barrier"", ""community_label"": ""Dialysis Patient Care Technician"", ""defining_skills"": [""patient care"", ""dialysis experience"", ""clinical skills""], ""defining_responsibility_signals"": [""provide exceptional patient care"", ""make a difference in patients' lives""], ""confidence"": ""high"", ""rep_rank"": 1, ""attempt"": 1, ""raw_output"": ""{\""community_id\"": 207, \""dominant_experience_level\"": \""junior\"", \""entry_accessibility\"": \""moderate_entry_barrier\"", \""community_label\"": \""Dialysis Patient Care Technician\"", \""defining_skills\"": [\""patient care\"", \""dialysis experience\"", \""clinical skills\""], \""defining_responsibility_signals\"": [\""provide exceptional patient care\"", \""make a difference in patients' lives\""] , \""confidence\"": \""high\""}""}, {""community_id"": 207, ""dominant_experience_level"": ""junior"", ""entry_accessibility"": ""moderate_entry_barrier"", ""community_label"": ""Dialysis Technician"", ""defining_skills"": [""patient_care"", ""dialysis_technique"", ""clinical_setting""], ""defining_responsibility_signals"": [""train_new_staff"", ""provide_patient_care""], ""confidence"": ""high"", ""rep_rank"": 2, ""attempt"": 1, ""raw_output"": ""{\""community_id\"": 207, \""dominant_experience_level\"": \""junior\"", \""entry_accessibility\"": \""moderate_entry_barrier\"", \""community_label\"": \""Dialysis Technician\"", \""defining_skills\"": [\""patient_care\"", \""dialysis_technique\"", \""clinical_setting\""], \""defining_responsibility_signals\"": [\""train_new_staff\"", \""provide_patient_care\""] , \""confidence\"": \""high\""}""}, {""community_id"": 207, ""dominant_experience_level"": ""junior"", ""entry_accessibility"": ""moderate_entry_barrier"", ""community_label"": ""Dialysis Nurse"", ""defining_skills"": [""clinical care"", ""patient management"", ""dialysis treatment""], ""defining_responsibility_signals"": [""leadership"", ""certification""], ""confidence"": ""high"", ""rep_rank"": 3, ""attempt"": 1, ""raw_output"": ""{\""community_id\"": 207, \""dominant_experience_level\"": \""junior\"", \""entry_accessibility\"": \""moderate_entry_barrier\"", \""community_label\"": \""Dialysis Nurse\"", \""defining_skills\"": [\""clinical care\"", \""patient management\"", \""dialysis treatment\""], \""defining_responsibility_signals\"": [\""leadership\"", \""certification\""] , \""confidence\"": \""high\""}""}]",9
208,49,mid,moderate_entry_barrier,Structural Engineer,"['construction management', 'structural design', 'bridge engineering']","['leadership', 'certification']",high,1.0,1.0,0.667,0.889,3,"engineer, structural, bridge, senior, project, inspector, engineering, construction, design, building, manager, iii","[{""community_id"": 208, ""dominant_experience_level"": ""mid"", ""entry_accessibility"": ""moderate_entry_barrier"", ""community_label"": ""Structural Engineering"", ""defining_skills"": [""structural design"", ""bridge engineering"", ""construction management""], ""defining_responsibility_signals"": [""leadership"", ""certification""], ""confidence"": ""high"", ""rep_rank"": 1, ""attempt"": 1, ""raw_output"": ""{\""community_id\"": 208, \""dominant_experience_level\"": \""mid\"", \""entry_accessibility\"": \""moderate_entry_barrier\"", \""community_label\"": \""Structural Engineering\"", \""defining_skills\"": [\""structural design\"", \""bridge engineering\"", \""construction management\""], \""defining_responsibility_signals\"": [\""leadership\"", \""certification\""] , \""confidence\"": \""high\""}""}, {""community_id"": 208, ""dominant_experience_level"": ""mid"", ""entry_accessibility"": ""moderate_entry_barrier"", ""community_label"": ""Structural Engineer"", ""defining_skills"": [""structural design"", ""bridge engineering"", ""construction management""], ""defining_responsibility_signals"": [""leadership"", ""project management""], ""confidence"": ""high"", ""rep_rank"": 2, ""attempt"": 1, ""raw_output"": ""{\""community_id\"": 208, \""dominant_experience_level\"": \""mid\"", \""entry_accessibility\"": \""moderate_entry_barrier\"", \""community_label\"": \""Structural Engineer\"", \""defining_skills\"": [\""structural design\"", \""bridge engineering\"", \""construction management\""], \""defining_responsibility_signals\"": [\""leadership\"", \""project management\""] , \""confidence\"": \""high\""}""}, {""community_id"": 208, ""dominant_experience_level"": ""mid"", ""entry_accessibility"": ""moderate_entry_barrier"", ""community_label"": ""Structural Engineer"", ""defining_skills"": [""structural engineering"", ""bridge design"", ""construction management""], ""defining_responsibility_signals"": [""leadership"", ""career growth""], ""confidence"": ""high"", ""rep_rank"": 3, ""attempt"": 1, ""raw_output"": ""{\""community_id\"": 208, \""dominant_experience_level\"": \""mid\"", \""entry_accessibility\"": \""moderate_entry_barrier\"", \""community_label\"": \""Structural Engineer\"", \""defining_skills\"": [\""structural engineering\"", \""bridge design\"", \""construction management\""], \""defining_responsibility_signals\"": [\""leadership\"", \""career growth\""] , \""confidence\"": \""high\""}""}]",9
209,48,mid,moderate_entry_barrier,Executive Assistant,"['administrative', 'calendar management', 'scheduling meetings']","['hybrid role', 'contract position']",high,1.0,1.0,1.0,1.0,3,"assistant, executive, senior, business, consultant, execution, administrative, lead, external, audit, tax, office","[{""community_id"": 209, ""dominant_experience_level"": ""mid"", ""entry_accessibility"": ""moderate_entry_barrier"", ""community_label"": ""Executive Assistant"", ""defining_skills"": [""calendar management"", ""scheduling meetings"", ""time zone management""], ""defining_responsibility_signals"": [""hybrid role"", ""contract position""], ""confidence"": ""high"", ""rep_rank"": 1, ""attempt"": 1, ""raw_output"": ""{\""community_id\"": 209, \""dominant_experience_level\"": \""mid\"", \""entry_accessibility\"": \""moderate_entry_barrier\"", \""community_label\"": \""Executive Assistant\"", \""defining_skills\"": [\""calendar management\"", \""scheduling meetings\"", \""time zone management\""], \""defining_responsibility_signals\"": [\""hybrid role\"", \""contract position\""] , \""confidence\"": \""high\""}""}, {""community_id"": 209, ""dominant_experience_level"": ""mid"", ""entry_accessibility"": ""moderate_entry_barrier"", ""community_label"": ""Executive Assistant"", ""defining_skills"": [""administrative"", ""communication"", ""organization""], ""defining_responsibility_signals"": [""meeting_scheduling"", ""email_management""], ""confidence"": ""high"", ""rep_rank"": 2, ""attempt"": 1, ""raw_output"": ""{\""community_id\"": 209, \""dominant_experience_level\"": \""mid\"", \""entry_accessibility\"": \""moderate_entry_barrier\"", \""community_label\"": \""Executive Assistant\"", \""defining_skills\"": [\""administrative\"", \""communication\"", \""organization\""], \""defining_responsibility_signals\"": [\""meeting_scheduling\"", \""email_management\""] , \""confidence\"": \""high\""}""}, {""community_id"": 209, ""dominant_experience_level"": ""mid"", ""entry_accessibility"": ""moderate_entry_barrier"", ""community_label"": ""Executive Assistant"", ""defining_skills"": [""administrative"", ""back-office"", ""front-office""], ""defining_responsibility_signals"": [""provide crucial support"", ""exceptional attention""], ""confidence"": ""high"", ""rep_rank"": 3, ""attempt"": 1, ""raw_output"": ""{\""community_id\"": 209, \""dominant_experience_level\"": \""mid\"", \""entry_accessibility\"": \""moderate_entry_barrier\"", \""community_label\"": \""Executive Assistant\"", \""defining_skills\"": [\""administrative\"", \""back-office\"", \""front-office\""], \""defining_responsibility_signals\"": [\""provide crucial support\"", \""exceptional attention\""] , \""confidence\"": \""high\""}""}]",9
210,48,senior,moderate_entry_barrier,Sales Management,"['sales', 'business development', 'market strategy']","['leadership', 'team management']",high,1.0,1.0,0.667,0.889,3,"sales, director, manager, operations, senior, development, regional, representative, business, specialist, market, program","[{""community_id"": 210, ""dominant_experience_level"": ""senior"", ""entry_accessibility"": ""moderate_entry_barrier"", ""community_label"": ""Sales Management"", ""defining_skills"": [""sales"", ""business development"", ""market strategy""], ""defining_responsibility_signals"": [""leadership"", ""team management""], ""confidence"": ""high"", ""rep_rank"": 1, ""attempt"": 1, ""raw_output"": ""{\""community_id\"": 210, \""dominant_experience_level\"": \""senior\"", \""entry_accessibility\"": \""moderate_entry_barrier\"", \""community_label\"": \""Sales Management\"", \""defining_skills\"": [\""sales\"", \""business development\"", \""market strategy\""], \""defining_responsibility_signals\"": [\""leadership\"", \""team management\""] , \""confidence\"": \""high\""}""}, {""community_id"": 210, ""dominant_experience_level"": ""senior"", ""entry_accessibility"": ""moderate_entry_barrier"", ""community_label"": ""Sales Management"", ""defining_skills"": [""sales"", ""business development"", ""operations management""], ""defining_responsibility_signals"": [""leadership"", ""team management""], ""confidence"": ""high"", ""rep_rank"": 2, ""attempt"": 1, ""raw_output"": ""{\""community_id\"": 210, \""dominant_experience_level\"": \""senior\"", \""entry_accessibility\"": \""moderate_entry_barrier\"", \""community_label\"": \""Sales Management\"", \""defining_skills\"": [\""sales\"", \""business development\"", \""operations management\""], \""defining_responsibility_signals\"": [\""leadership\"", \""team management\""] , \""confidence\"": \""high\""}""}, {""community_id"": 210, ""dominant_experience_level"": ""senior"", ""entry_accessibility"": ""moderate_entry_barrier"", ""community_label"": ""Sales & Business Development"", ""defining_skills"": [""sales"", ""business development"", ""new business development""], ""defining_responsibility_signals"": [""account management"", ""multinational account sales""], ""confidence"": ""high"", ""rep_rank"": 3, ""attempt"": 1, ""raw_output"": ""{\""community_id\"": 210, \""dominant_experience_level\"": \""senior\"", \""entry_accessibility\"": \""moderate_entry_barrier\"", \""community_label\"": \""Sales & Business Development\"", \""defining_skills\"": [\""sales\"", \""business development\"", \""new business development\""], \""defining_responsibility_signals\"": [\""account management\"", \""multinational account sales\""] , \""confidence\"": \""high\""}""}]",9
211,48,mid,moderate_entry_barrier,Ecommerce Marketing,"['ecommerce', 'account management', 'marketing']","['leadership', 'bachelor_degree']",high,1.0,1.0,0.667,0.889,3,"manager, account, marketing, ecommerce, business, executive, sales, director, senior, field, key, digital","[{""community_id"": 211, ""dominant_experience_level"": ""mid"", ""entry_accessibility"": ""moderate_entry_barrier"", ""community_label"": ""Ecommerce Marketing & Sales"", ""defining_skills"": [""account management"", ""marketing"", ""ecommerce""], ""defining_responsibility_signals"": [""leadership"", ""bachelor_degree""], ""confidence"": ""high"", ""rep_rank"": 1, ""attempt"": 1, ""raw_output"": ""{\""community_id\"": 211, \""dominant_experience_level\"": \""mid\"", \""entry_accessibility\"": \""moderate_entry_barrier\"", \""community_label\"": \""Ecommerce Marketing & Sales\"", \""defining_skills\"": [\""account management\"", \""marketing\"", \""ecommerce\""], \""defining_responsibility_signals\"": [\""leadership\"", \""bachelor_degree\""] , \""confidence\"": \""high\""}""}, {""community_id"": 211, ""dominant_experience_level"": ""mid"", ""entry_accessibility"": ""moderate_entry_barrier"", ""community_label"": ""Ecommerce Marketing"", ""defining_skills"": [""Marketing"", ""Ecommerce"", ""Sales""], ""defining_responsibility_signals"": [""Account Management"", ""Retention Marketing""], ""confidence"": ""high"", ""rep_rank"": 2, ""attempt"": 1, ""raw_output"": ""{\""community_id\"": 211, \""dominant_experience_level\"": \""mid\"", \""entry_accessibility\"": \""moderate_entry_barrier\"", \""community_label\"": \""Ecommerce Marketing\"", \""defining_skills\"": [\""Marketing\"", \""Ecommerce\"", \""Sales\""], \""defining_responsibility_signals\"": [\""Account Management\"", \""Retention Marketing\""] , \""confidence\"": \""high\""}""}, {""community_id"": 211, ""dominant_experience_level"": ""mid"", ""entry_accessibility"": ""moderate_entry_barrier"", ""community_label"": ""Ecommerce Marketing"", ""defining_skills"": [""digital marketing"", ""ecommerce"", ""business development""], ""defining_responsibility_signals"": [""leadership"", ""strategy""], ""confidence"": ""high"", ""rep_rank"": 3, ""attempt"": 1, ""raw_output"": ""{\""community_id\"": 211, \""dominant_experience_level\"": \""mid\"", \""entry_accessibility\"": \""moderate_entry_barrier\"", \""community_label\"": \""Ecommerce Marketing\"", \""defining_skills\"": [\""digital marketing\"", \""ecommerce\"", \""business development\""], \""defining_responsibility_signals\"": [\""leadership\"", \""strategy\""] , \""confidence\"": \""high\""}""}]",9
212,48,junior,moderate_entry_barrier,Patient Access Representative,"['medical', 'clinical', 'patient']","['registration', 'admission']",high,1.0,1.0,0.667,0.889,3,"medical, representative, prn, patient, assistant, clinic, days, clinical, access, office, specialist, operations","[{""community_id"": 212, ""dominant_experience_level"": ""junior"", ""entry_accessibility"": ""moderate_entry_barrier"", ""community_label"": ""Medical Office Assistant"", ""defining_skills"": [""patient registration"", ""clinic clerical tasks"", ""communication""], ""defining_responsibility_signals"": [""clinical access"", ""office operations""], ""confidence"": ""high"", ""rep_rank"": 1, ""attempt"": 1, ""raw_output"": ""{\""community_id\"": 212, \""dominant_experience_level\"": \""junior\"", \""entry_accessibility\"": \""moderate_entry_barrier\"", \""community_label\"": \""Medical Office Assistant\"", \""defining_skills\"": [\""patient registration\"", \""clinic clerical tasks\"", \""communication\""], \""defining_responsibility_signals\"": [\""clinical access\"", \""office operations\""] , \""confidence\"": \""high\""}""}, {""community_id"": 212, ""dominant_experience_level"": ""junior"", ""entry_accessibility"": ""moderate_entry_barrier"", ""community_label"": ""Patient Access Representative"", ""defining_skills"": [""medical"", ""clinical"", ""patient""], ""defining_responsibility_signals"": [""registration"", ""admission""], ""confidence"": ""high"", ""rep_rank"": 2, ""attempt"": 1, ""raw_output"": ""{\""community_id\"": 212, \""dominant_experience_level\"": \""junior\"", \""entry_accessibility\"": \""moderate_entry_barrier\"", \""community_label\"": \""Patient Access Representative\"", \""defining_skills\"": [\""medical\"", \""clinical\"", \""patient\""], \""defining_responsibility_signals\"": [\""registration\"", \""admission\""] , \""confidence\"": \""high\""}""}, {""community_id"": 212, ""dominant_experience_level"": ""junior"", ""entry_accessibility"": ""moderate_entry_barrier"", ""community_label"": ""Patient Access Representative"", ""defining_skills"": [""medical"", ""clinical"", ""patient""], ""defining_responsibility_signals"": [""registration"", ""admission""], ""confidence"": ""high"", ""rep_rank"": 3, ""attempt"": 1, ""raw_output"": ""{\""community_id\"": 212, \""dominant_experience_level\"": \""junior\"", \""entry_accessibility\"": \""moderate_entry_barrier\"", \""community_label\"": \""Patient Access Representative\"", \""defining_skills\"": [\""medical\"", \""clinical\"", \""patient\""], \""defining_responsibility_signals\"": [\""registration\"", \""admission\""] , \""confidence\"": \""high\""}""}]",9
213,48,mid,moderate_entry_barrier,Materials Management,"['logistics', 'supply chain', 'stockroom management']","['team leadership', 'shift supervision']",high,1.0,1.0,0.667,0.889,3,"material, handler, materials, manager, shift, operator, team, supervisor, logistics, heavy, equipment, lead","[{""community_id"": 213, ""dominant_experience_level"": ""mid"", ""entry_accessibility"": ""moderate_entry_barrier"", ""community_label"": ""Materials Management"", ""defining_skills"": [""supply chain"", ""stockroom management"", ""operational planning""], ""defining_responsibility_signals"": [""leadership"", ""personnel development""], ""confidence"": ""high"", ""rep_rank"": 1, ""attempt"": 1, ""raw_output"": ""{\""community_id\"": 213, \""dominant_experience_level\"": \""mid\"", \""entry_accessibility\"": \""moderate_entry_barrier\"", \""community_label\"": \""Materials Management\"", \""defining_skills\"": [\""supply chain\"", \""stockroom management\"", \""operational planning\""], \""defining_responsibility_signals\"": [\""leadership\"", \""personnel development\""] , \""confidence\"": \""high\""}""}, {""community_id"": 213, ""dominant_experience_level"": ""mid"", ""entry_accessibility"": ""moderate_entry_barrier"", ""community_label"": ""Materials Management"", ""defining_skills"": [""materials handling"", ""logistics"", ""heavy equipment operation""], ""defining_responsibility_signals"": [""team leadership"", ""shift supervision""], ""confidence"": ""high"", ""rep_rank"": 2, ""attempt"": 1, ""raw_output"": ""{\""community_id\"": 213, \""dominant_experience_level\"": \""mid\"", \""entry_accessibility\"": \""moderate_entry_barrier\"", \""community_label\"": \""Materials Management\"", \""defining_skills\"": [\""materials handling\"", \""logistics\"", \""heavy equipment operation\""], \""defining_responsibility_signals\"": [\""team leadership\"", \""shift supervision\""] , \""confidence\"": \""high\""}""}, {""community_id"": 213, ""dominant_experience_level"": ""mid"", ""entry_accessibility"": ""moderate_entry_barrier"", ""community_label"": ""Material Handler"", ""defining_skills"": [""material handling"", ""equipment operation"", ""logistics""], ""defining_responsibility_signals"": [""team leadership"", ""shift supervision""], ""confidence"": ""high"", ""rep_rank"": 3, ""attempt"": 1, ""raw_output"": ""{\""community_id\"": 213, \""dominant_experience_level\"": \""mid\"", \""entry_accessibility\"": \""moderate_entry_barrier\"", \""community_label\"": \""Material Handler\"", \""defining_skills\"": [\""material handling\"", \""equipment operation\"", \""logistics\""], \""defining_responsibility_signals\"": [\""team leadership\"", \""shift supervision\""] , \""confidence\"": \""high\""}""}]",9
214,48,mid,moderate_entry_barrier,Business Development & Sales Leadership,"['strategic planning', 'business development', 'sales leadership']","['leadership', 'strategic decision making']",high,1.0,1.0,0.333,0.778,3,"account, executive, manager, business, strategic, leader, director, development, sales, lead, specialist, corporate","[{""community_id"": 214, ""dominant_experience_level"": ""mid"", ""entry_accessibility"": ""moderate_entry_barrier"", ""community_label"": ""Business Development & Sales Leadership"", ""defining_skills"": [""strategic planning"", ""business development"", ""sales leadership""], ""defining_responsibility_signals"": [""leadership"", ""strategic decision making""], ""confidence"": ""high"", ""rep_rank"": 1, ""attempt"": 1, ""raw_output"": ""{\""community_id\"": 214, \""dominant_experience_level\"": \""mid\"", \""entry_accessibility\"": \""moderate_entry_barrier\"", \""community_label\"": \""Business Development & Sales Leadership\"", \""defining_skills\"": [\""strategic planning\"", \""business development\"", \""sales leadership\""], \""defining_responsibility_signals\"": [\""leadership\"", \""strategic decision making\""] , \""confidence\"": \""high\""}""}, {""community_id"": 214, ""dominant_experience_level"": ""mid"", ""entry_accessibility"": ""moderate_entry_barrier"", ""community_label"": ""Corporate Business Development"", ""defining_skills"": [""strategic planning"", ""business development"", ""sales leadership""], ""defining_responsibility_signals"": [""leadership"", ""strategic decision making""], ""confidence"": ""high"", ""rep_rank"": 2, ""attempt"": 1, ""raw_output"": ""{\""community_id\"": 214, \""dominant_experience_level\"": \""mid\"", \""entry_accessibility\"": \""moderate_entry_barrier\"", \""community_label\"": \""Corporate Business Development\"", \""defining_skills\"": [\""strategic planning\"", \""business development\"", \""sales leadership\""], \""defining_responsibility_signals\"": [\""leadership\"", \""strategic decision making\""] , \""confidence\"": \""high\""}""}, {""community_id"": 214, ""dominant_experience_level"": ""mid"", ""entry_accessibility"": ""moderate_entry_barrier"", ""community_label"": ""Business & Strategic Leadership"", ""defining_skills"": [""strategic_planning"", ""business_development"", ""sales_leadership""], ""defining_responsibility_signals"": [""lead_team"", ""develop_strategy""], ""confidence"": ""high"", ""rep_rank"": 3, ""attempt"": 1, ""raw_output"": ""{\""community_id\"": 214, \""dominant_experience_level\"": \""mid\"", \""entry_accessibility\"": \""moderate_entry_barrier\"", \""community_label\"": \""Business & Strategic Leadership\"", \""defining_skills\"": [\""strategic_planning\"", \""business_development\"", \""sales_leadership\""], \""defining_responsibility_signals\"": [\""lead_team\"", \""develop_strategy\""] , \""confidence\"": \""high\""}""}]",9
215,48,junior,moderate_entry_barrier,Food Service Assistant,"['teamwork', 'food preparation', 'customer service']","['weekend availability', 'grow with the company']",high,1.0,1.0,0.667,0.889,3,"food, service, dietary, aide, worker, team, member, assistant, server, manager, deli, work","[{""community_id"": 215, ""dominant_experience_level"": ""junior"", ""entry_accessibility"": ""moderate_entry_barrier"", ""community_label"": ""Food Service Assistant"", ""defining_skills"": [""food preparation"", ""customer service"", ""teamwork""], ""defining_responsibility_signals"": [""weekend availability"", ""grow with the company""], ""confidence"": ""high"", ""rep_rank"": 1, ""attempt"": 1, ""raw_output"": ""{\""community_id\"": 215, \""dominant_experience_level\"": \""junior\"", \""entry_accessibility\"": \""moderate_entry_barrier\"", \""community_label\"": \""Food Service Assistant\"", \""defining_skills\"": [\""food preparation\"", \""customer service\"", \""teamwork\""], \""defining_responsibility_signals\"": [\""weekend availability\"", \""grow with the company\""] , \""confidence\"": \""high\""}""}, {""community_id"": 215, ""dominant_experience_level"": ""junior"", ""entry_accessibility"": ""moderate_entry_barrier"", ""community_label"": ""Food Service"", ""defining_skills"": [""food_preparation"", ""customer_service"", ""teamwork""], ""defining_responsibility_signals"": [""assist_in_meal_preparation"", ""serve_customers""], ""confidence"": ""high"", ""rep_rank"": 2, ""attempt"": 1, ""raw_output"": ""{\""community_id\"": 215, \""dominant_experience_level\"": \""junior\"", \""entry_accessibility\"": \""moderate_entry_barrier\"", \""community_label\"": \""Food Service\"", \""defining_skills\"": [\""food_preparation\"", \""customer_service\"", \""teamwork\""], \""defining_responsibility_signals\"": [\""assist_in_meal_preparation\"", \""serve_customers\""] , \""confidence\"": \""high\""}""}, {""community_id"": 215, ""dominant_experience_level"": ""junior"", ""entry_accessibility"": ""moderate_entry_barrier"", ""community_label"": ""Food Service Assistant"", ""defining_skills"": [""food preparation"", ""dietary restrictions"", ""teamwork""], ""defining_responsibility_signals"": [""assist in meal preparation"", ""serve customers""], ""confidence"": ""high"", ""rep_rank"": 3, ""attempt"": 1, ""raw_output"": ""{\""community_id\"": 215, \""dominant_experience_level\"": \""junior\"", \""entry_accessibility\"": \""moderate_entry_barrier\"", \""community_label\"": \""Food Service Assistant\"", \""defining_skills\"": [\""food preparation\"", \""dietary restrictions\"", \""teamwork\""], \""defining_responsibility_signals\"": [\""assist in meal preparation\"", \""serve customers\""] , \""confidence\"": \""high\""}""}]",9
216,48,junior,moderate_entry_barrier,Digital Marketing Specialist,"['sales', 'digital marketing', 'customer service']","['remote work', 'self-management']",high,1.0,1.0,0.333,0.778,3,"sales, digital, marketing, representative, specialist, customer, service, manager, inside, work, yelp, application","[{""community_id"": 216, ""dominant_experience_level"": ""junior"", ""entry_accessibility"": ""moderate_entry_barrier"", ""community_label"": ""Digital Marketing Specialist"", ""defining_skills"": [""sales"", ""digital marketing"", ""customer service""], ""defining_responsibility_signals"": [""remote work"", ""self-management""], ""confidence"": ""high"", ""rep_rank"": 1, ""attempt"": 1, ""raw_output"": ""{\""community_id\"": 216, \""dominant_experience_level\"": \""junior\"", \""entry_accessibility\"": \""moderate_entry_barrier\"", \""community_label\"": \""Digital Marketing Specialist\"", \""defining_skills\"": [\""sales\"", \""digital marketing\"", \""customer service\""], \""defining_responsibility_signals\"": [\""remote work\"", \""self-management\""] , \""confidence\"": \""high\""}""}, {""community_id"": 216, ""dominant_experience_level"": ""junior"", ""entry_accessibility"": ""moderate_entry_barrier"", ""community_label"": ""Digital Marketing"", ""defining_skills"": [""sales"", ""digital marketing"", ""customer service""], ""defining_responsibility_signals"": [""representative"", ""specialist""], ""confidence"": ""high"", ""rep_rank"": 2, ""attempt"": 1, ""raw_output"": ""{\""community_id\"": 216, \""dominant_experience_level\"": \""junior\"", \""entry_accessibility\"": \""moderate_entry_barrier\"", \""community_label\"": \""Digital Marketing\"", \""defining_skills\"": [\""sales\"", \""digital marketing\"", \""customer service\""], \""defining_responsibility_signals\"": [\""representative\"", \""specialist\""] , \""confidence\"": \""high\""}""}, {""community_id"": 216, ""dominant_experience_level"": ""junior"", ""entry_accessibility"": ""moderate_entry_barrier"", ""community_label"": ""Customer Service Representative"", ""defining_skills"": [""sales"", ""digital marketing"", ""customer service""], ""defining_responsibility_signals"": [""remote work"", ""career advancement""], ""confidence"": ""high"", ""rep_rank"": 3, ""attempt"": 1, ""raw_output"": ""{\""community_id\"": 216, \""dominant_experience_level\"": \""junior\"", \""entry_accessibility\"": \""moderate_entry_barrier\"", \""community_label\"": \""Customer Service Representative\"", \""defining_skills\"": [\""sales\"", \""digital marketing\"", \""customer service\""], \""defining_responsibility_signals\"": [\""remote work\"", \""career advancement\""] , \""confidence\"": \""high\""}""}]",9
217,48,mid,moderate_entry_barrier,EHS Management,"['safety', 'health', 'environmental']","['manage safety policies', 'inspect facilities']",high,1.0,1.0,0.333,0.778,3,"safety, health, manager, environmental, ehs, specialist, environment, coordinator, supervisor, senior, shift, lead","[{""community_id"": 217, ""dominant_experience_level"": ""mid"", ""entry_accessibility"": ""moderate_entry_barrier"", ""community_label"": ""EHS Management"", ""defining_skills"": [""safety"", ""health"", ""environmental""], ""defining_responsibility_signals"": [""manage safety policies"", ""inspect facilities""], ""confidence"": ""high"", ""rep_rank"": 1, ""attempt"": 1, ""raw_output"": ""{\""community_id\"": 217, \""dominant_experience_level\"": \""mid\"", \""entry_accessibility\"": \""moderate_entry_barrier\"", \""community_label\"": \""EHS Management\"", \""defining_skills\"": [\""safety\"", \""health\"", \""environmental\""], \""defining_responsibility_signals\"": [\""manage safety policies\"", \""inspect facilities\""] , \""confidence\"": \""high\""}""}, {""community_id"": 217, ""dominant_experience_level"": ""mid"", ""entry_accessibility"": ""moderate_entry_barrier"", ""community_label"": ""Safety & Environmental Management"", ""defining_skills"": [""Safety Programs"", ""Environmental Management"", ""Leadership""], ""defining_responsibility_signals"": [""Implement Safety Programs"", ""Drive Business Improvements""], ""confidence"": ""high"", ""rep_rank"": 2, ""attempt"": 1, ""raw_output"": ""{\""community_id\"": 217, \""dominant_experience_level\"": \""mid\"", \""entry_accessibility\"": \""moderate_entry_barrier\"", \""community_label\"": \""Safety & Environmental Management\"", \""defining_skills\"": [\""Safety Programs\"", \""Environmental Management\"", \""Leadership\""], \""defining_responsibility_signals\"": [\""Implement Safety Programs\"", \""Drive Business Improvements\""] , \""confidence\"": \""high\""}""}, {""community_id"": 217, ""dominant_experience_level"": ""mid"", ""entry_accessibility"": ""moderate_entry_barrier"", ""community_label"": ""Health & Safety Specialist"", ""defining_skills"": [""safety"", ""health"", ""environmental""], ""defining_responsibility_signals"": [""manager"", ""coordinator""], ""confidence"": ""high"", ""rep_rank"": 3, ""attempt"": 1, ""raw_output"": ""{\""community_id\"": 217, \""dominant_experience_level\"": \""mid\"", \""entry_accessibility\"": \""moderate_entry_barrier\"", \""community_label\"": \""Health & Safety Specialist\"", \""defining_skills\"": [\""safety\"", \""health\"", \""environmental\""], \""defining_responsibility_signals\"": [\""manager\"", \""coordinator\""] , \""confidence\"": \""high\""}""}]",9
218,47,mid,moderate_entry_barrier,Account Management,"['account management', 'sales', 'consultative_sales']","['securing_customers', 'nurturing_customers']",high,1.0,1.0,0.667,0.889,3,"account, manager, senior, accounting, executive, corporate, tax, accountant, accounts, sales, private, consulting","[{""community_id"": 218, ""dominant_experience_level"": ""mid"", ""entry_accessibility"": ""moderate_entry_barrier"", ""community_label"": ""Account Management"", ""defining_skills"": [""consultative_sales"", ""relationship_building"", ""customer_problem_solving""], ""defining_responsibility_signals"": [""securing_customers"", ""nurturing_customers""], ""confidence"": ""high"", ""rep_rank"": 1, ""attempt"": 1, ""raw_output"": ""{\""community_id\"": 218, \""dominant_experience_level\"": \""mid\"", \""entry_accessibility\"": \""moderate_entry_barrier\"", \""community_label\"": \""Account Management\"", \""defining_skills\"": [\""consultative_sales\"", \""relationship_building\"", \""customer_problem_solving\""], \""defining_responsibility_signals\"": [\""securing_customers\"", \""nurturing_customers\""] , \""confidence\"": \""high\""}""}, {""community_id"": 218, ""dominant_experience_level"": ""mid"", ""entry_accessibility"": ""moderate_entry_barrier"", ""community_label"": ""Sales & Account Management in Accounting"", ""defining_skills"": [""account management"", ""sales"", ""client management""], ""defining_responsibility_signals"": [""client-facing"", ""leadership""], ""confidence"": ""high"", ""rep_rank"": 2, ""attempt"": 1, ""raw_output"": ""{\""community_id\"": 218, \""dominant_experience_level\"": \""mid\"", \""entry_accessibility\"": \""moderate_entry_barrier\"", \""community_label\"": \""Sales & Account Management in Accounting\"", \""defining_skills\"": [\""account management\"", \""sales\"", \""client management\""], \""defining_responsibility_signals\"": [\""client-facing\"", \""leadership\""] , \""confidence\"": \""high\""}""}, {""community_id"": 218, ""dominant_experience_level"": ""mid"", ""entry_accessibility"": ""moderate_entry_barrier"", ""community_label"": ""Account Management"", ""defining_skills"": [""account management"", ""sales"", ""relationship building""], ""defining_responsibility_signals"": [""drive new business opportunities"", ""collaborate with cross-functional teams""], ""confidence"": ""high"", ""rep_rank"": 3, ""attempt"": 1, ""raw_output"": ""{\""community_id\"": 218, \""dominant_experience_level\"": \""mid\"", \""entry_accessibility\"": \""moderate_entry_barrier\"", \""community_label\"": \""Account Management\"", \""defining_skills\"": [\""account management\"", \""sales\"", \""relationship building\""], \""defining_responsibility_signals\"": [\""drive new business opportunities\"", \""collaborate with cross-functional teams\""] , \""confidence\"": \""high\""}""}]",9
219,47,junior,moderate_entry_barrier,Customer Service,"['customer service', 'communication', 'client interaction']","['handle customer inquiries', 'provide product information']",high,1.0,1.0,1.0,1.0,3,"customer, service, representative, services, client, specialist, business, office, experience, coordinator, senior, stock","[{""community_id"": 219, ""dominant_experience_level"": ""junior"", ""entry_accessibility"": ""moderate_entry_barrier"", ""community_label"": ""Customer Service"", ""defining_skills"": [""customer service"", ""client interaction"", ""product knowledge""], ""defining_responsibility_signals"": [""handle customer inquiries"", ""provide product information""], ""confidence"": ""high"", ""rep_rank"": 1, ""attempt"": 1, ""raw_output"": ""{\""community_id\"": 219, \""dominant_experience_level\"": \""junior\"", \""entry_accessibility\"": \""moderate_entry_barrier\"", \""community_label\"": \""Customer Service\"", \""defining_skills\"": [\""customer service\"", \""client interaction\"", \""product knowledge\""], \""defining_responsibility_signals\"": [\""handle customer inquiries\"", \""provide product information\""] , \""confidence\"": \""high\""}""}, {""community_id"": 219, ""dominant_experience_level"": ""junior"", ""entry_accessibility"": ""moderate_entry_barrier"", ""community_label"": ""Customer Service"", ""defining_skills"": [""customer service"", ""communication"", ""customer experience""], ""defining_responsibility_signals"": [""customer communication"", ""repair process""], ""confidence"": ""high"", ""rep_rank"": 2, ""attempt"": 1, ""raw_output"": ""{\""community_id\"": 219, \""dominant_experience_level\"": \""junior\"", \""entry_accessibility\"": \""moderate_entry_barrier\"", \""community_label\"": \""Customer Service\"", \""defining_skills\"": [\""customer service\"", \""communication\"", \""customer experience\""], \""defining_responsibility_signals\"": [\""customer communication\"", \""repair process\""] , \""confidence\"": \""high\""}""}, {""community_id"": 219, ""dominant_experience_level"": ""junior"", ""entry_accessibility"": ""moderate_entry_barrier"", ""community_label"": ""Customer Service"", ""defining_skills"": [""customer service"", ""client handling"", ""communication""], ""defining_responsibility_signals"": [""customer support"", ""voice of customer""], ""confidence"": ""high"", ""rep_rank"": 3, ""attempt"": 1, ""raw_output"": ""{\""community_id\"": 219, \""dominant_experience_level\"": \""junior\"", \""entry_accessibility\"": \""moderate_entry_barrier\"", \""community_label\"": \""Customer Service\"", \""defining_skills\"": [\""customer service\"", \""client handling\"", \""communication\""], \""defining_responsibility_signals\"": [\""customer support\"", \""voice of customer\""] , \""confidence\"": \""high\""}""}]",9
220,47,mid,moderate_entry_barrier,Financial Analysts,"['financial analysis', 'investment banking', 'wealth management']","['transition planning', 'client engagement']",high,1.0,1.0,0.667,0.889,3,"analyst, financial, senior, finance, manager, iii, services, audit, nyc, hoboken, philadelphia, mclean","[{""community_id"": 220, ""dominant_experience_level"": ""mid"", ""entry_accessibility"": ""moderate_entry_barrier"", ""community_label"": ""Financial Analysts"", ""defining_skills"": [""financial analysis"", ""investment banking"", ""wealth management""], ""defining_responsibility_signals"": [""transition planning"", ""client engagement""], ""confidence"": ""high"", ""rep_rank"": 1, ""attempt"": 1, ""raw_output"": ""{\""community_id\"": 220, \""dominant_experience_level\"": \""mid\"", \""entry_accessibility\"": \""moderate_entry_barrier\"", \""community_label\"": \""Financial Analysts\"", \""defining_skills\"": [\""financial analysis\"", \""investment banking\"", \""wealth management\""], \""defining_responsibility_signals\"": [\""transition planning\"", \""client engagement\""] , \""confidence\"": \""high\""}""}, {""community_id"": 220, ""dominant_experience_level"": ""mid"", ""entry_accessibility"": ""moderate_entry_barrier"", ""community_label"": ""Senior Financial Analysts"", ""defining_skills"": [""Financial Planning & Analysis"", ""Precision Guidance & Sensing Solutions"", ""Product Line Support""], ""defining_responsibility_signals"": [""Business Partner"", ""Trusted Advisor""], ""confidence"": ""high"", ""rep_rank"": 2, ""attempt"": 1, ""raw_output"": ""{\""community_id\"": 220, \""dominant_experience_level\"": \""mid\"", \""entry_accessibility\"": \""moderate_entry_barrier\"", \""community_label\"": \""Senior Financial Analysts\"", \""defining_skills\"": [\""Financial Planning & Analysis\"", \""Precision Guidance & Sensing Solutions\"", \""Product Line Support\""], \""defining_responsibility_signals\"": [\""Business Partner\"", \""Trusted Advisor\""] , \""confidence\"": \""high\""}""}, {""community_id"": 220, ""dominant_experience_level"": ""mid"", ""entry_accessibility"": ""moderate_entry_barrier"", ""community_label"": ""Financial Analysts"", ""defining_skills"": [""financial analysis"", ""audit"", ""finance management""], ""defining_responsibility_signals"": [""leadership"", ""problem solving""], ""confidence"": ""high"", ""rep_rank"": 3, ""attempt"": 1, ""raw_output"": ""{\""community_id\"": 220, \""dominant_experience_level\"": \""mid\"", \""entry_accessibility\"": \""moderate_entry_barrier\"", \""community_label\"": \""Financial Analysts\"", \""defining_skills\"": [\""financial analysis\"", \""audit\"", \""finance management\""], \""defining_responsibility_signals\"": [\""leadership\"", \""problem solving\""] , \""confidence\"": \""high\""}""}]",9
221,47,mid,moderate_entry_barrier,IAM Business Systems Analyst,"['IAM', 'Business Analysis', 'Systems Analysis']","['Identity & Access Management', 'Privileged Access Management']",high,1.0,1.0,0.667,0.889,3,"analyst, business, iam, systems, senior, hiring, asap, quality, software, application, information, technology","[{""community_id"": 221, ""dominant_experience_level"": ""mid"", ""entry_accessibility"": ""moderate_entry_barrier"", ""community_label"": ""Business Analyst"", ""defining_skills"": [""CRM"", ""CPQ"", ""CLM""], ""defining_responsibility_signals"": [""implementation"", ""licensing""], ""confidence"": ""high"", ""rep_rank"": 1, ""attempt"": 1, ""raw_output"": ""{\""community_id\"": 221, \""dominant_experience_level\"": \""mid\"", \""entry_accessibility\"": \""moderate_entry_barrier\"", \""community_label\"": \""Business Analyst\"", \""defining_skills\"": [\""CRM\"", \""CPQ\"", \""CLM\""], \""defining_responsibility_signals\"": [\""implementation\"", \""licensing\""] , \""confidence\"": \""high\""}""}, {""community_id"": 221, ""dominant_experience_level"": ""mid"", ""entry_accessibility"": ""moderate_entry_barrier"", ""community_label"": ""IAM Business Systems Analyst"", ""defining_skills"": [""IAM"", ""Business Analysis"", ""Systems Analysis""], ""defining_responsibility_signals"": [""Identity & Access Management"", ""Privileged Access Management""], ""confidence"": ""high"", ""rep_rank"": 2, ""attempt"": 1, ""raw_output"": ""{\""community_id\"": 221, \""dominant_experience_level\"": \""mid\"", \""entry_accessibility\"": \""moderate_entry_barrier\"", \""community_label\"": \""IAM Business Systems Analyst\"", \""defining_skills\"": [\""IAM\"", \""Business Analysis\"", \""Systems Analysis\""], \""defining_responsibility_signals\"": [\""Identity & Access Management\"", \""Privileged Access Management\""] , \""confidence\"": \""high\""}""}, {""community_id"": 221, ""dominant_experience_level"": ""mid"", ""entry_accessibility"": ""moderate_entry_barrier"", ""community_label"": ""IAM Business Systems Analyst"", ""defining_skills"": [""IAM"", ""Business Analysis"", ""Systems Analysis""], ""defining_responsibility_signals"": [""Identity & Access Management"", ""Privileged Access Management""], ""confidence"": ""high"", ""rep_rank"": 3, ""attempt"": 1, ""raw_output"": ""{\""community_id\"": 221, \""dominant_experience_level\"": \""mid\"", \""entry_accessibility\"": \""moderate_entry_barrier\"", \""community_label\"": \""IAM Business Systems Analyst\"", \""defining_skills\"": [\""IAM\"", \""Business Analysis\"", \""Systems Analysis\""], \""defining_responsibility_signals\"": [\""Identity & Access Management\"", \""Privileged Access Management\""] , \""confidence\"": \""high\""}""}]",9
222,47,junior,moderate_entry_barrier,Medical Support,"['reception', 'medical_billing', 'insurance verification']","['verification', 'patient interaction']",high,1.0,1.0,1.0,1.0,3,"medical, specialist, patient, care, assistant, physician, medicine, receptionist, center, coordinator, surgery, family","[{""community_id"": 222, ""dominant_experience_level"": ""junior"", ""entry_accessibility"": ""moderate_entry_barrier"", ""community_label"": ""Medical Support"", ""defining_skills"": [""insurance verification"", ""patient care"", ""reception""], ""defining_responsibility_signals"": [""verification"", ""patient interaction""], ""confidence"": ""high"", ""rep_rank"": 1, ""attempt"": 1, ""raw_output"": ""{\""community_id\"": 222, \""dominant_experience_level\"": \""junior\"", \""entry_accessibility\"": \""moderate_entry_barrier\"", \""community_label\"": \""Medical Support\"", \""defining_skills\"": [\""insurance verification\"", \""patient care\"", \""reception\""], \""defining_responsibility_signals\"": [\""verification\"", \""patient interaction\""] , \""confidence\"": \""high\""}""}, {""community_id"": 222, ""dominant_experience_level"": ""junior"", ""entry_accessibility"": ""moderate_entry_barrier"", ""community_label"": ""Medical Support"", ""defining_skills"": [""medical_billing"", ""patient_care"", ""reception""], ""defining_responsibility_signals"": [""billing"", ""patient_interaction""], ""confidence"": ""high"", ""rep_rank"": 2, ""attempt"": 1, ""raw_output"": ""{\""community_id\"": 222, \""dominant_experience_level\"": \""junior\"", \""entry_accessibility\"": \""moderate_entry_barrier\"", \""community_label\"": \""Medical Support\"", \""defining_skills\"": [\""medical_billing\"", \""patient_care\"", \""reception\""], \""defining_responsibility_signals\"": [\""billing\"", \""patient_interaction\""] , \""confidence\"": \""high\""}""}, {""community_id"": 222, ""dominant_experience_level"": ""junior"", ""entry_accessibility"": ""moderate_entry_barrier"", ""community_label"": ""Medical Support"", ""defining_skills"": [""medical_billing"", ""credentialing"", ""insurance""], ""defining_responsibility_signals"": [""ensure_accuracy"", ""timely_processing""], ""confidence"": ""high"", ""rep_rank"": 3, ""attempt"": 1, ""raw_output"": ""{\""community_id\"": 222, \""dominant_experience_level\"": \""junior\"", \""entry_accessibility\"": \""moderate_entry_barrier\"", \""community_label\"": \""Medical Support\"", \""defining_skills\"": [\""medical_billing\"", \""credentialing\"", \""insurance\""], \""defining_responsibility_signals\"": [\""ensure_accuracy\"", \""timely_processing\""] , \""confidence\"": \""high\""}""}]",9
223,47,junior,moderate_entry_barrier,Welding,"['TIG welding', 'MIG welding', 'structural welding']","['fabricates', 'assembles']",high,1.0,1.0,0.333,0.778,3,"welder, shift, tig, 1st, mig, welding, weld, structural, 2nd, engineer, construction, instructor","[{""community_id"": 223, ""dominant_experience_level"": ""junior"", ""entry_accessibility"": ""moderate_entry_barrier"", ""community_label"": ""Welding"", ""defining_skills"": [""TIG welding"", ""MIG welding"", ""structural welding""], ""defining_responsibility_signals"": [""fabricates"", ""assembles""], ""confidence"": ""high"", ""rep_rank"": 1, ""attempt"": 1, ""raw_output"": ""{\""community_id\"": 223, \""dominant_experience_level\"": \""junior\"", \""entry_accessibility\"": \""moderate_entry_barrier\"", \""community_label\"": \""Welding\"", \""defining_skills\"": [\""TIG welding\"", \""MIG welding\"", \""structural welding\""], \""defining_responsibility_signals\"": [\""fabricates\"", \""assembles\""] , \""confidence\"": \""high\""}""}, {""community_id"": 223, ""dominant_experience_level"": ""junior"", ""entry_accessibility"": ""moderate_entry_barrier"", ""community_label"": ""Welding Engineer"", ""defining_skills"": [""TIG welding"", ""MIG welding"", ""structural welding""], ""defining_responsibility_signals"": [""shift work"", ""instructor role""], ""confidence"": ""high"", ""rep_rank"": 2, ""attempt"": 1, ""raw_output"": ""{\""community_id\"": 223, \""dominant_experience_level\"": \""junior\"", \""entry_accessibility\"": \""moderate_entry_barrier\"", \""community_label\"": \""Welding Engineer\"", \""defining_skills\"": [\""TIG welding\"", \""MIG welding\"", \""structural welding\""], \""defining_responsibility_signals\"": [\""shift work\"", \""instructor role\""] , \""confidence\"": \""high\""}""}, {""community_id"": 223, ""dominant_experience_level"": ""junior"", ""entry_accessibility"": ""moderate_entry_barrier"", ""community_label"": ""Structural Welder"", ""defining_skills"": [""TIG welding"", ""MIG welding"", ""stick welding (SMAW)""], ""defining_responsibility_signals"": [""Pass weld tests"", ""Weld on various materials and equipment""], ""confidence"": ""high"", ""rep_rank"": 3, ""attempt"": 1, ""raw_output"": ""{\""community_id\"": 223, \""dominant_experience_level\"": \""junior\"", \""entry_accessibility\"": \""moderate_entry_barrier\"", \""community_label\"": \""Structural Welder\"", \""defining_skills\"": [\""TIG welding\"", \""MIG welding\"", \""stick welding (SMAW)\""], \""defining_responsibility_signals\"": [\""Pass weld tests\"", \""Weld on various materials and equipment\""] , \""confidence\"": \""high\""}""}]",9
224,47,mid,moderate_entry_barrier,K-12 Education Teacher,"['Teaching', 'Curriculum Development', 'Classroom Management']","['Teaching Middle/High/Elementary School', 'Special Education Experience']",high,1.0,1.0,0.667,0.889,3,"teacher, school, middle, high, elementary, ela, math, science, special, 2024, education, apprentice","[{""community_id"": 224, ""dominant_experience_level"": ""mid"", ""entry_accessibility"": ""moderate_entry_barrier"", ""community_label"": ""K-12 Education Teacher"", ""defining_skills"": [""Teaching"", ""Curriculum Development"", ""Classroom Management""], ""defining_responsibility_signals"": [""Teaching Middle/High/Elementary School"", ""Special Education Experience""], ""confidence"": ""high"", ""rep_rank"": 1, ""attempt"": 1, ""raw_output"": ""{\""community_id\"": 224, \""dominant_experience_level\"": \""mid\"", \""entry_accessibility\"": \""moderate_entry_barrier\"", \""community_label\"": \""K-12 Education Teacher\"", \""defining_skills\"": [\""Teaching\"", \""Curriculum Development\"", \""Classroom Management\""], \""defining_responsibility_signals\"": [\""Teaching Middle/High/Elementary School\"", \""Special Education Experience\""] , \""confidence\"": \""high\""}""}, {""community_id"": 224, ""dominant_experience_level"": ""mid"", ""entry_accessibility"": ""moderate_entry_barrier"", ""community_label"": ""K-12 Education Teacher"", ""defining_skills"": [""Teaching"", ""Curriculum Development"", ""Classroom Management""], ""defining_responsibility_signals"": [""Educating Students"", ""Curriculum Planning""], ""confidence"": ""high"", ""rep_rank"": 2, ""attempt"": 1, ""raw_output"": ""{\""community_id\"": 224, \""dominant_experience_level\"": \""mid\"", \""entry_accessibility\"": \""moderate_entry_barrier\"", \""community_label\"": \""K-12 Education Teacher\"", \""defining_skills\"": [\""Teaching\"", \""Curriculum Development\"", \""Classroom Management\""], \""defining_responsibility_signals\"": [\""Educating Students\"", \""Curriculum Planning\""] , \""confidence\"": \""high\""}""}, {""community_id"": 224, ""dominant_experience_level"": ""mid"", ""entry_accessibility"": ""moderate_entry_barrier"", ""community_label"": ""Middle School Educators"", ""defining_skills"": [""Teaching"", ""Curriculum Development"", ""Classroom Management""], ""defining_responsibility_signals"": [""Instruction"", ""Assessment & Grading""], ""confidence"": ""high"", ""rep_rank"": 3, ""attempt"": 1, ""raw_output"": ""{\""community_id\"": 224, \""dominant_experience_level\"": \""mid\"", \""entry_accessibility\"": \""moderate_entry_barrier\"", \""community_label\"": \""Middle School Educators\"", \""defining_skills\"": [\""Teaching\"", \""Curriculum Development\"", \""Classroom Management\""], \""defining_responsibility_signals\"": [\""Instruction\"", \""Assessment & Grading\""] , \""confidence\"": \""high\""}""}]",9
